# https://github.com/mikedh/trimesh
v -1.49999998 -0.74999999 -0.00000000
v -1.49999999 -0.69999999 -0.00000000
v -1.49999999 -0.65000000 -0.00000000
v -1.49999999 -0.60000000 -0.00000000
v -1.50000000 -0.55000000 -0.00000000
v -1.50000000 -0.50000000 -0.00000000
v -1.50000000 -0.45000000 -0.00000000
v -1.50000000 -0.40000000 -0.00000000
v -1.50000000 -0.35000000 -0.00000000
v -1.50000000 -0.30000000 -0.00000000
v -1.50000000 -0.25000000 0.00000000
v -1.50000000 -0.20000000 0.00000000
v -1.50000000 -0.15000000 0.00000000
v -1.50000000 -0.10000000 0.00000000
v -1.50000000 -0.05000000 0.00000000
v -1.50000000 -0.00000000 0.00000000
v -1.50000000 0.05000000 0.00000000
v -1.50000000 0.10000000 0.00000000
v -1.50000000 0.15000000 0.00000000
v -1.50000000 0.20000000 0.00000000
v -1.50000000 0.25000000 0.00000000
v -1.50000000 0.30000000 0.00000000
v -1.50000000 0.35000000 0.00000000
v -1.50000000 0.40000000 0.00000000
v -1.50000000 0.45000000 0.00000000
v -1.50000000 0.50000000 0.00000000
v -1.50000000 0.55000000 0.00000000
v -1.50000000 0.60000000 0.00000000
v -1.50000000 0.65000000 0.00000000
v -1.50000000 0.70000000 0.00000000
v -1.50000000 0.75000000 -0.00000000
v -1.44999992 -0.74999998 -0.00000000
v -1.44999993 -0.70000000 -0.00000000
v -1.44999995 -0.65000001 -0.00000000
v -1.44999996 -0.60000002 -0.00000000
v -1.44999997 -0.55000002 -0.00000000
v -1.44999998 -0.50000002 -0.00000000
v -1.44999999 -0.45000002 -0.00000000
v -1.45000000 -0.40000002 -0.00000000
v -1.45000000 -0.35000002 -0.00000000
v -1.45000001 -0.30000002 -0.00000000
v -1.45000001 -0.25000001 0.00000000
v -1.45000001 -0.20000001 0.00000000
v -1.45000001 -0.15000000 0.00000000
v -1.45000001 -0.10000000 0.00000000
v -1.45000001 -0.05000000 0.00000000
v -1.45000001 0.00000000 0.00000000
v -1.45000001 0.05000001 0.00000000
v -1.45000001 0.10000001 0.00000000
v -1.45000001 0.15000001 0.00000000
v -1.45000001 0.20000001 0.00000000
v -1.45000001 0.25000001 0.00000000
v -1.45000001 0.30000001 0.00000000
v -1.45000001 0.35000001 0.00000000
v -1.45000001 0.40000001 0.00000000
v -1.45000001 0.45000001 0.00000000
v -1.45000001 0.50000001 0.00000000
v -1.45000001 0.55000001 0.00000000
v -1.45000002 0.60000001 0.00000000
v -1.45000002 0.65000001 0.00000000
v -1.45000002 0.70000000 0.00000000
v -1.45000002 0.75000001 0.00000000
v -1.39996596 -0.74999648 -0.00021101
v -1.39997488 -0.70000880 -0.00014653
v -1.39997904 -0.65001274 -0.00009667
v -1.39998308 -0.60001372 -0.00006928
v -1.39998667 -0.55001369 -0.00004672
v -1.39998995 -0.50001302 -0.00002658
v -1.39999295 -0.45001187 -0.00000807
v -1.39999564 -0.40001036 0.00000923
v -1.39999803 -0.35000859 0.00002546
v -1.40000010 -0.30000664 0.00004063
v -1.40000184 -0.25000460 0.00005469
v -1.40000327 -0.20000252 0.00006755
v -1.40000440 -0.15000049 0.00007916
v -1.40000525 -0.09999856 0.00008943
v -1.40000586 -0.04999678 0.00009833
v -1.40000624 0.00000480 0.00010584
v -1.40000643 0.05000614 0.00011195
v -1.40000648 0.10000723 0.00011670
v -1.40000642 0.15000806 0.00012013
v -1.40000629 0.20000864 0.00012232
v -1.40000612 0.25000897 0.00012334
v -1.40000595 0.30000908 0.00012327
v -1.40000580 0.35000901 0.00012220
v -1.40000571 0.40000880 0.00012020
v -1.40000570 0.45000848 0.00011733
v -1.40000580 0.50000812 0.00011365
v -1.40000605 0.55000777 0.00010917
v -1.40000650 0.60000749 0.00010383
v -1.40000719 0.65000746 0.00009750
v -1.40000842 0.70000738 0.00009007
v -1.40001079 0.75001062 0.00008146
v -1.34993435 -0.75000231 -0.00034752
v -1.34995014 -0.70001521 -0.00026023
v -1.34995864 -0.65001890 -0.00019744
v -1.34996723 -0.60002206 -0.00014639
v -1.34997440 -0.55002291 -0.00010299
v -1.34998089 -0.50002220 -0.00006519
v -1.34998676 -0.45002050 -0.00003043
v -1.34999202 -0.40001807 0.00000211
v -1.34999669 -0.35001510 0.00003272
v -1.35000075 -0.30001175 0.00006144
v -1.35000418 -0.25000815 0.00008822
v -1.35000701 -0.20000444 0.00011290
v -1.35000924 -0.15000074 0.00013534
v -1.35001092 -0.09999717 0.00015540
v -1.35001209 -0.04999384 0.00017297
v -1.35001282 0.00000917 0.00018799
v -1.35001316 0.05001178 0.00020043
v -1.35001320 0.10001396 0.00021034
v -1.35001300 0.15001567 0.00021778
v -1.35001265 0.20001692 0.00022286
v -1.35001220 0.25001772 0.00022572
v -1.35001174 0.30001811 0.00022651
v -1.35001133 0.35001815 0.00022539
v -1.35001103 0.40001790 0.00022251
v -1.35001089 0.45001746 0.00021800
v -1.35001099 0.50001692 0.00021197
v -1.35001138 0.55001640 0.00020449
v -1.35001216 0.60001600 0.00019556
v -1.35001343 0.65001600 0.00018510
v -1.35001585 0.70001647 0.00017274
v -1.35001861 0.75001911 0.00015762
v -1.29990295 -0.75000414 -0.00046974
v -1.29992209 -0.70001705 -0.00038453
v -1.29993639 -0.65002194 -0.00030658
v -1.29994955 -0.60002601 -0.00023630
v -1.29996095 -0.55002750 -0.00017491
v -1.29997123 -0.50002740 -0.00011900
v -1.29998042 -0.45002584 -0.00006705
v -1.29998863 -0.40002315 -0.00001824
v -1.29999588 -0.35001959 0.00002791
v -1.30000215 -0.30001539 0.00007148
v -1.30000747 -0.25001074 0.00011233
v -1.30001182 -0.20000582 0.00015027
v -1.30001525 -0.15000082 0.00018503
v -1.30001779 -0.09999589 0.00021637
v -1.30001953 -0.04999120 0.00024409
v -1.30002055 0.00001312 0.00026806
v -1.30002096 0.05001695 0.00028822
v -1.30002086 0.10002022 0.00030458
v -1.30002040 0.15002286 0.00031722
v -1.30001967 0.20002486 0.00032629
v -1.30001880 0.25002622 0.00033197
v -1.30001791 0.30002701 0.00033448
v -1.30001709 0.35002727 0.00033406
v -1.30001646 0.40002712 0.00033096
v -1.30001609 0.45002666 0.00032538
v -1.30001609 0.50002603 0.00031754
v -1.30001655 0.55002538 0.00030757
v -1.30001761 0.60002489 0.00029557
v -1.30001943 0.65002487 0.00028152
v -1.30002236 0.70002517 0.00026518
v -1.30002574 0.75002739 0.00024649
v -1.24987059 -0.75000276 -0.00059374
v -1.24989386 -0.70001605 -0.00050533
v -1.24991304 -0.65002121 -0.00041788
v -1.24993073 -0.60002584 -0.00033548
v -1.24994664 -0.55002822 -0.00025820
v -1.24996092 -0.50002881 -0.00018558
v -1.24997372 -0.45002774 -0.00011708
v -1.24998514 -0.40002530 -0.00005192
v -1.24999520 -0.35002171 0.00001019
v -1.25000393 -0.30001721 0.00006923
v -1.25001131 -0.25001200 0.00012501
v -1.25001736 -0.20000632 0.00017718
v -1.25002211 -0.15000039 0.00022536
v -1.25002562 -0.09999441 0.00026917
v -1.25002799 -0.04998859 0.00030828
v -1.25002932 0.00001688 0.00034246
v -1.25002977 0.05002184 0.00037156
v -1.25002949 0.10002615 0.00039556
v -1.25002865 0.15002974 0.00041451
v -1.25002743 0.20003254 0.00042860
v -1.25002599 0.25003455 0.00043805
v -1.25002451 0.30003581 0.00044315
v -1.25002313 0.35003640 0.00044422
v -1.25002200 0.40003642 0.00044159
v -1.25002125 0.45003602 0.00043560
v -1.25002100 0.50003535 0.00042652
v -1.25002140 0.55003462 0.00041463
v -1.25002258 0.60003402 0.00040012
v -1.25002467 0.65003381 0.00038308
v -1.25002795 0.70003391 0.00036350
v -1.25003190 0.75003573 0.00034137
v -1.19983720 -0.74999748 -0.00072208
v -1.19986509 -0.70001115 -0.00062914
v -1.19988862 -0.65001658 -0.00053519
v -1.19991100 -0.60002183 -0.00044223
v -1.19993129 -0.55002495 -0.00035165
v -1.19994971 -0.50002639 -0.00026428
v -1.19996633 -0.45002615 -0.00017999
v -1.19998120 -0.40002439 -0.00009868
v -1.19999435 -0.35002126 -0.00002039
v -1.20000577 -0.30001697 0.00005472
v -1.20001548 -0.25001172 0.00012625
v -1.20002345 -0.20000575 0.00019370
v -1.20002973 -0.14999928 0.00025650
v -1.20003437 -0.09999258 0.00031409
v -1.20003748 -0.04998589 0.00036596
v -1.20003919 0.00002055 0.00041172
v -1.20003970 0.05002652 0.00045112
v -1.20003920 0.10003183 0.00048404
v -1.20003792 0.15003635 0.00051053
v -1.20003609 0.20003999 0.00053073
v -1.20003394 0.25004271 0.00054494
v -1.20003170 0.30004452 0.00055351
v -1.20002957 0.35004550 0.00055685
v -1.20002775 0.40004576 0.00055538
v -1.20002643 0.45004545 0.00054955
v -1.20002576 0.50004478 0.00053977
v -1.20002590 0.55004395 0.00052642
v -1.20002701 0.60004319 0.00050982
v -1.20002919 0.65004274 0.00049022
v -1.20003270 0.70004262 0.00046773
v -1.20003709 0.75004401 0.00044258
v -1.14980290 -0.74998784 -0.00085760
v -1.14983560 -0.70000196 -0.00075972
v -1.14986359 -0.65000777 -0.00065912
v -1.14989043 -0.60001362 -0.00055705
v -1.14991501 -0.55001758 -0.00045519
v -1.14993758 -0.50002005 -0.00035446
v -1.14995809 -0.45002092 -0.00025543
v -1.14997656 -0.40002022 -0.00015850
v -1.14999299 -0.35001802 -0.00006401
v -1.15000737 -0.30001446 0.00002756
v -1.15001965 -0.25000968 0.00011559
v -1.15002982 -0.20000390 0.00019933
v -1.15003787 -0.14999734 0.00027797
v -1.15004387 -0.09999029 0.00035070
v -1.15004790 -0.04998302 0.00041679
v -1.15005014 0.00002417 0.00047563
v -1.15005078 0.05003101 0.00052679
v -1.15005008 0.10003725 0.00057004
v -1.15004831 0.15004270 0.00060535
v -1.15004578 0.20004719 0.00063286
v -1.15004277 0.25005066 0.00065287
v -1.15003959 0.30005309 0.00066582
v -1.15003651 0.35005452 0.00067220
v -1.15003379 0.40005507 0.00067256
v -1.15003167 0.45005490 0.00066746
v -1.15003035 0.50005422 0.00065745
v -1.15003002 0.55005327 0.00064305
v -1.15003085 0.60005230 0.00062470
v -1.15003295 0.65005158 0.00060281
v -1.15003655 0.70005120 0.00057765
v -1.15004128 0.75005212 0.00054964
v -1.09976785 -0.74997348 -0.00100225
v -1.09980552 -0.69998801 -0.00089889
v -1.09983803 -0.64999428 -0.00079160
v -1.09986915 -0.60000087 -0.00068124
v -1.09989790 -0.55000582 -0.00056912
v -1.09992449 -0.50000952 -0.00045627
v -1.09994885 -0.45001177 -0.00034353
v -1.09997099 -0.40001253 -0.00023157
v -1.09999085 -0.35001174 -0.00012107
v -1.10000839 -0.30000943 -0.00001278
v -1.10002351 -0.25000567 0.00009238
v -1.10003616 -0.20000061 0.00019339
v -1.10004629 -0.14999446 0.00028913
v -1.10005392 -0.09998747 0.00037848
v -1.10005914 -0.04997997 0.00046039
v -1.10006209 0.00002773 0.00053396
v -1.10006302 0.05003527 0.00059853
v -1.10006218 0.10004235 0.00065367
v -1.10005993 0.15004869 0.00069924
v -1.10005662 0.20005407 0.00073533
v -1.10005263 0.25005835 0.00076228
v -1.10004832 0.30006145 0.00078056
v -1.10004407 0.35006340 0.00079079
v -1.10004020 0.40006428 0.00079364
v -1.10003701 0.45006427 0.00078981
v -1.10003479 0.50006359 0.00078001
v -1.10003374 0.55006249 0.00076488
v -1.10003406 0.60006127 0.00074505
v -1.10003589 0.65006022 0.00072106
v -1.10003942 0.70005954 0.00069334
v -1.10004439 0.75005994 0.00066250
v -1.04973238 -0.74995404 -0.00115732
v -1.04977504 -0.69996889 -0.00104810
v -1.04981203 -0.64997568 -0.00093414
v -1.04984730 -0.59998313 -0.00081586
v -1.04988002 -0.54998925 -0.00069427
v -1.04991044 -0.49999442 -0.00057029
v -1.04993853 -0.44999838 -0.00044473
v -1.04996429 -0.40000099 -0.00031842
v -1.04998764 -0.35000210 -0.00019222
v -1.05000848 -0.30000160 -0.00006712
v -1.05002668 -0.24999945 0.00005571
v -1.05004210 -0.19999571 0.00017493
v -1.05005464 -0.14999051 0.00028907
v -1.05006426 -0.09998409 0.00039661
v -1.05007098 -0.04997675 0.00049611
v -1.05007495 0.00003114 0.00058628
v -1.05007637 0.05003919 0.00066613
v -1.05007555 0.10004700 0.00073495
v -1.05007287 0.15005420 0.00079242
v -1.05006876 0.20006049 0.00083856
v -1.05006366 0.25006563 0.00087367
v -1.05005805 0.30006949 0.00089832
v -1.05005238 0.35007203 0.00091324
v -1.05004707 0.40007331 0.00091924
v -1.05004253 0.45007349 0.00091720
v -1.05003908 0.50007280 0.00090798
v -1.05003702 0.55007153 0.00089242
v -1.05003658 0.60007001 0.00087128
v -1.05003792 0.65006856 0.00084529
v -1.05004123 0.70006753 0.00081504
v -1.05004633 0.75006735 0.00078132
v -0.99969689 -0.74992920 -0.00132367
v -0.99974446 -0.69994423 -0.00120838
v -0.99978583 -0.64995159 -0.00108778
v -0.99982505 -0.59995999 -0.00096190
v -0.99986146 -0.54996742 -0.00083151
v -0.99989545 -0.49997428 -0.00069723
v -0.99992705 -0.44998027 -0.00055975
v -0.99995627 -0.39998515 -0.00041983
v -0.99998306 -0.34998867 -0.00027839
v -1.00000727 -0.29999058 -0.00013653
v -1.00002872 -0.24999070 0.00000437
v -1.00004720 -0.19998896 0.00014267
v -1.00006251 -0.14998537 0.00027652
v -1.00007451 -0.09998009 0.00040395
v -1.00008316 -0.04997341 0.00052301
v -1.00008851 0.00003430 0.00063193
v -1.00009074 0.05004258 0.00072923
v -1.00009018 0.10005097 0.00081383
v -1.00008721 0.15005899 0.00088513
v -1.00008232 0.20006621 0.00094298
v -1.00007604 0.25007231 0.00098767
v -1.00006895 0.30007704 0.00101983
v -1.00006161 0.35008028 0.00104032
v -1.00005455 0.40008204 0.00105015
v -1.00004830 0.45008246 0.00105039
v -1.00004327 0.50008177 0.00104210
v -1.00003986 0.55008029 0.00102632
v -1.00003835 0.60007841 0.00100400
v -1.00003895 0.65007650 0.00097603
v -1.00004185 0.70007503 0.00094317
v -1.00004698 0.75007419 0.00090641
v -0.94966192 -0.74989875 -0.00150187
v -0.94971420 -0.69991377 -0.00138040
v -0.94975973 -0.64992168 -0.00125323
v -0.94980261 -0.59993105 -0.00112014
v -0.94984240 -0.54993991 -0.00098156
v -0.94987960 -0.49994864 -0.00083783
v -0.94991436 -0.44995693 -0.00068937
v -0.94994678 -0.39996449 -0.00053672
v -0.94997683 -0.34997094 -0.00038069
v -0.95000436 -0.29997590 -0.00022235
v -0.95002916 -0.24997903 -0.00006319
v -0.95005093 -0.19998005 0.00009492
v -0.95006938 -0.14997884 0.00024978
v -0.95008421 -0.09997544 0.00039890
v -0.95009527 -0.04997003 0.00053974
v -0.95010249 0.00003702 0.00066988
v -0.95010599 0.05004521 0.00078720
v -0.95010603 0.10005398 0.00089009
v -0.95010301 0.15006274 0.00097752
v -0.95009746 0.20007094 0.00104910
v -0.95008998 0.25007810 0.00110502
v -0.95008126 0.30008383 0.00114598
v -0.95007198 0.35008792 0.00117301
v -0.95006283 0.40009030 0.00118735
v -0.95005445 0.45009104 0.00119033
v -0.95004742 0.50009038 0.00118326
v -0.95004224 0.55008867 0.00116741
v -0.95003928 0.60008636 0.00114394
v -0.95003885 0.65008389 0.00111394
v -0.95004111 0.70008191 0.00107833
v -0.95004615 0.75008029 0.00103830
v -0.89962805 -0.74986258 -0.00169229
v -0.89968471 -0.69987736 -0.00156457
v -0.89973411 -0.64988573 -0.00143094
v -0.89978031 -0.59989602 -0.00129100
v -0.89982307 -0.54990631 -0.00114491
v -0.89986304 -0.49991701 -0.00099265
v -0.89990052 -0.44992781 -0.00083428
v -0.89993571 -0.39993838 -0.00067001
v -0.89996868 -0.34994828 -0.00050033
v -0.89999933 -0.29995696 -0.00032613
v -0.90002745 -0.24996389 -0.00014883
v -0.90005267 -0.19996857 0.00002961
v -0.90007457 -0.14997066 0.00020665
v -0.90009273 -0.09996999 0.00037932
v -0.90010679 -0.04996662 0.00054439
v -0.90011651 0.00003913 0.00069861
v -0.90012185 0.05004677 0.00083903
v -0.90012300 0.10005566 0.00096327
v -0.90012031 0.15006507 0.00106967
v -0.90011432 0.20007427 0.00115743
v -0.90010571 0.25008261 0.00122659
v -0.90009525 0.30008954 0.00127787
v -0.90008377 0.35009468 0.00131251
v -0.90007214 0.40009784 0.00133206
v -0.90006118 0.45009903 0.00133820
v -0.90005163 0.50009847 0.00133257
v -0.90004417 0.55009652 0.00131672
v -0.90003931 0.60009372 0.00129205
v -0.90003744 0.65009057 0.00125987
v -0.90003879 0.70008797 0.00122127
v -0.90004362 0.75008544 0.00117766
v -0.84959591 -0.74982071 -0.00189519
v -0.84965652 -0.69983498 -0.00176113
v -0.84970945 -0.64984368 -0.00162112
v -0.84975857 -0.59985472 -0.00147468
v -0.84980385 -0.54986632 -0.00132175
v -0.84984607 -0.49987894 -0.00116196
v -0.84988568 -0.44989234 -0.00099494
v -0.84992306 -0.39990619 -0.00082043
v -0.84995842 -0.34991997 -0.00063844
v -0.84999179 -0.29993303 -0.00044946
v -0.85002299 -0.24994460 -0.00025461
v -0.85005167 -0.19995393 -0.00005576
v -0.85007729 -0.14996039 0.00014440
v -0.85009927 -0.09996352 0.00034242
v -0.85011698 -0.04996318 0.00053433
v -0.85012996 0.00004047 0.00071592
v -0.85013793 0.05004696 0.00088314
v -0.85014089 0.10005559 0.00103252
v -0.85013910 0.15006546 0.00116147
v -0.85013307 0.20007568 0.00126854
v -0.85012350 0.25008535 0.00135343
v -0.85011128 0.30009371 0.00141686
v -0.85009737 0.35010017 0.00146034
v -0.85008284 0.40010437 0.00148584
v -0.85006874 0.45010620 0.00149549
v -0.85005606 0.50010583 0.00149139
v -0.85004568 0.55010366 0.00147547
v -0.85003832 0.60010030 0.00144944
v -0.85003455 0.65009634 0.00141484
v -0.85003463 0.70009299 0.00137293
v -0.85003905 0.75008935 0.00132532
v -0.79956606 -0.74977331 -0.00211084
v -0.79963016 -0.69978680 -0.00197024
v -0.79968626 -0.64979561 -0.00182377
v -0.79973792 -0.59980710 -0.00167107
v -0.79978525 -0.54981974 -0.00151191
v -0.79982912 -0.49983409 -0.00134564
v -0.79987018 -0.44985000 -0.00117142
v -0.79990899 -0.39986723 -0.00098838
v -0.79994598 -0.34988524 -0.00079590
v -0.79998139 -0.29990325 -0.00059381
v -0.80001520 -0.24992031 -0.00038265
v -0.80004711 -0.19993537 -0.00016394
v -0.80007656 -0.14994742 0.00005973
v -0.80010278 -0.09995565 0.00028464
v -0.80012488 -0.04995956 0.00050607
v -0.80014204 0.00004093 0.00071873
v -0.80015363 0.05004546 0.00091716
v -0.80015935 0.10005328 0.00109639
v -0.80015927 0.15006336 0.00125248
v -0.80015381 0.20007456 0.00138292
v -0.80014366 0.25008571 0.00148679
v -0.80012976 0.30009578 0.00156472
v -0.80011325 0.35010389 0.00161849
v -0.80009539 0.40010945 0.00165066
v -0.80007752 0.45011219 0.00166404
v -0.80006095 0.50011218 0.00166139
v -0.80004686 0.55010983 0.00164516
v -0.80003625 0.60010584 0.00161744
v -0.80002993 0.65010092 0.00158003
v -0.80002827 0.70009666 0.00153438
v -0.80003206 0.75009167 0.00148231
v -0.74953895 -0.74972064 -0.00233978
v -0.74960613 -0.69973312 -0.00219216
v -0.74966512 -0.64974173 -0.00203886
v -0.74971901 -0.59975327 -0.00187984
v -0.74976794 -0.54976651 -0.00171489
v -0.74981286 -0.49978218 -0.00154314
v -0.74985456 -0.44980033 -0.00136325
v -0.74989385 -0.39982085 -0.00117372
v -0.74993146 -0.34984325 -0.00097308
v -0.74996792 -0.29986670 -0.00076026
v -0.75000351 -0.24989004 -0.00053493
v -0.75003812 -0.19991192 -0.00029783
v -0.75007124 -0.14993093 -0.00005108
v -0.75010199 -0.09994575 0.00020163
v -0.75012921 -0.04995542 0.00045506
v -0.75015162 0.00004054 0.00070274
v -0.75016809 0.05004199 0.00093756
v -0.75017785 0.10004824 0.00115254
v -0.75018063 0.15005811 0.00134174
v -0.75017664 0.20007018 0.00150095
v -0.75016650 0.25008296 0.00162819
v -0.75015119 0.30009503 0.00172369
v -0.75013199 0.35010518 0.00178957
v -0.75011039 0.40011252 0.00182917
v -0.75008804 0.45011652 0.00184630
v -0.75006666 0.50011712 0.00184468
v -0.75004785 0.55011467 0.00182757
v -0.75003301 0.60011000 0.00179758
v -0.75002329 0.65010394 0.00175681
v -0.75001927 0.70009857 0.00170689
v -0.75002209 0.75009193 0.00164978
v -0.69951480 -0.74966306 -0.00258308
v -0.69958484 -0.69967433 -0.00242749
v -0.69964662 -0.64968237 -0.00226645
v -0.69970257 -0.59969341 -0.00210055
v -0.69975278 -0.54970664 -0.00192986
v -0.69979815 -0.49972306 -0.00175337
v -0.69983963 -0.44974298 -0.00156935
v -0.69987828 -0.39976650 -0.00137555
v -0.69991521 -0.34979325 -0.00116957
v -0.69995139 -0.29982241 -0.00094921
v -0.69998751 -0.24985268 -0.00071288
v -0.70002384 -0.19988243 -0.00046011
v -0.70006010 -0.14990978 -0.00019200
v -0.70009540 -0.09993288 0.00008834
v -0.70012835 -0.04995013 0.00037555
v -0.70015718 0.00003954 0.00066219
v -0.70018009 0.05003644 0.00093926
v -0.70019557 0.10004004 0.00119723
v -0.70020277 0.15004906 0.00142731
v -0.70020154 0.20006177 0.00162266
v -0.70019235 0.25007625 0.00177934
v -0.70017616 0.30009064 0.00189674
v -0.70015433 0.35010328 0.00197715
v -0.70012860 0.40011288 0.00202496
v -0.70010100 0.45011859 0.00204549
v -0.70007371 0.50012010 0.00204399
v -0.70004891 0.55011770 0.00202489
v -0.70002856 0.60011230 0.00199162
v -0.70001432 0.65010489 0.00194668
v -0.70000706 0.70009816 0.00189179
v -0.70000846 0.75008946 0.00182901
v -0.64949352 -0.74960089 -0.00284277
v -0.64956654 -0.69961087 -0.00267749
v -0.64963132 -0.64961788 -0.00250694
v -0.64968946 -0.59962776 -0.00233280
v -0.64974080 -0.54964025 -0.00215572
v -0.64978612 -0.49965667 -0.00197479
v -0.64982646 -0.44967772 -0.00178791
v -0.64986321 -0.39970376 -0.00159213
v -0.64989790 -0.34973461 -0.00138400
v -0.64993207 -0.29976952 -0.00116000
v -0.64996701 -0.24980715 -0.00091698
v -0.65000355 -0.19984561 -0.00065277
v -0.65004186 -0.14988264 -0.00036677
v -0.65008128 -0.09991578 -0.00006074
v -0.65012031 -0.04994266 0.00026065
v -0.65015673 0.00003857 0.00058950
v -0.65018790 0.05002894 0.00091503
v -0.65021130 0.10002835 0.00122468
v -0.65022506 0.15003557 0.00150574
v -0.65022841 0.20004850 0.00174731
v -0.65022153 0.25006468 0.00194216
v -0.65020529 0.30008167 0.00208774
v -0.65018113 0.35009726 0.00218617
v -0.65015100 0.40010964 0.00224313
v -0.65011731 0.45011755 0.00226619
v -0.65008282 0.50012038 0.00226295
v -0.65005044 0.55011821 0.00223987
v -0.65002290 0.60011205 0.00220161
v -0.65000262 0.65010305 0.00215122
v -0.64999093 0.70009465 0.00209047
v -0.64999026 0.75008337 0.00202134
v -0.59947454 -0.74953425 -0.00312251
v -0.59955129 -0.69954300 -0.00294457
v -0.59961977 -0.64954849 -0.00276142
v -0.59968064 -0.59955647 -0.00257645
v -0.59973323 -0.54956736 -0.00239131
v -0.59977810 -0.49958298 -0.00220541
v -0.59981640 -0.44960443 -0.00201642
v -0.59984984 -0.39963242 -0.00182070
v -0.59988049 -0.34966697 -0.00161375
v -0.59991056 -0.29970744 -0.00139060
v -0.59994212 -0.24975252 -0.00114629
v -0.59997678 -0.19980022 -0.00087650
v -0.60001540 -0.14984797 -0.00057825
v -0.60005785 -0.09989277 -0.00025094
v -0.60010280 -0.04993148 0.00010261
v -0.60014773 0.00003878 0.00047520
v -0.60018914 0.05002008 0.00085499
v -0.60022321 0.10001315 0.00122617
v -0.60024646 0.15001711 0.00157095
v -0.60025696 0.20002955 0.00187268
v -0.60025432 0.25004731 0.00211843
v -0.60023931 0.30006713 0.00230176
v -0.60021339 0.35008609 0.00242363
v -0.60017872 0.40010177 0.00249113
v -0.60013812 0.45011239 0.00251502
v -0.60009495 0.50011693 0.00250674
v -0.60005302 0.55011523 0.00247610
v -0.60001612 0.60010829 0.00242989
v -0.59998776 0.65009739 0.00237204
v -0.59996999 0.70008696 0.00230423
v -0.59996628 0.75007244 0.00222802
v -0.54945673 -0.74946288 -0.00342857
v -0.54953889 -0.69947066 -0.00323306
v -0.54961253 -0.64947406 -0.00303218
v -0.54967720 -0.59947935 -0.00283192
v -0.54973149 -0.54948779 -0.00263550
v -0.54977569 -0.49950184 -0.00244290
v -0.54981101 -0.44952308 -0.00225166
v -0.54983961 -0.39955251 -0.00205752
v -0.54986419 -0.34959034 -0.00185489
v -0.54988778 -0.29963603 -0.00163733
v -0.54991334 -0.24968834 -0.00139797
v -0.54994345 -0.19974531 -0.00113001
v -0.54997993 -0.14980428 -0.00082752
v -0.55002348 -0.09986194 -0.00048650
v -0.55007337 -0.04991445 -0.00010641
v -0.55012713 0.00004212 0.00030821
v -0.55018067 0.05001122 0.00074608
v -0.55022860 0.09999500 0.00118874
v -0.55026535 0.14999347 0.00161302
v -0.55028665 0.20000424 0.00199375
v -0.55029101 0.25002325 0.00230896
v -0.55027906 0.30004606 0.00254516
v -0.55025229 0.35006875 0.00269951
v -0.55021313 0.40008813 0.00278007
v -0.55016479 0.45010183 0.00280207
v -0.55011132 0.50010840 0.00278312
v -0.55005747 0.55010736 0.00273860
v -0.55000843 0.60009960 0.00267923
v -0.54996924 0.65008646 0.00261058
v -0.54994313 0.70007353 0.00253399
v -0.54993497 0.75005491 0.00245003
v -0.49943818 -0.74938574 -0.00377133
v -0.49952884 -0.69939308 -0.00355023
v -0.49961015 -0.64939380 -0.00332334
v -0.49968045 -0.59939559 -0.00310061
v -0.49973728 -0.54940085 -0.00288749
v -0.49978063 -0.49941284 -0.00268477
v -0.49981196 -0.44943363 -0.00248987
v -0.49983400 -0.39946438 -0.00229785
v -0.49985031 -0.34950530 -0.00210210
v -0.49986483 -0.29955587 -0.00189473
v -0.49988152 -0.24961488 -0.00166694
v -0.49990400 -0.19968057 -0.00140942
v -0.49993522 -0.14975047 -0.00111291
v -0.49997705 -0.09982130 -0.00076923
v -0.50002977 -0.04988894 -0.00037282
v -0.50009164 0.00005146 0.00007678
v -0.50015850 0.05000489 0.00057183
v -0.50022365 0.09997547 0.00109458
v -0.50027908 0.14996501 0.00161605
v -0.50031644 0.19997211 0.00209980
v -0.50033197 0.24999173 0.00251242
v -0.50032555 0.30001764 0.00282553
v -0.50029926 0.35004434 0.00302785
v -0.50025581 0.40006761 0.00312681
v -0.50019888 0.45008444 0.00314330
v -0.50013332 0.50009304 0.00310427
v -0.50006488 0.55009261 0.00303483
v -0.50000020 0.60008390 0.00295322
v -0.49994656 0.65006812 0.00286781
v -0.49990894 0.70005216 0.00277982
v -0.49989430 0.75002835 0.00268758
v -0.44941607 -0.74930054 -0.00416780
v -0.44952042 -0.69930832 -0.00390795
v -0.44961344 -0.64930568 -0.00364184
v -0.44969210 -0.59930327 -0.00338533
v -0.44975260 -0.54930498 -0.00314698
v -0.44979483 -0.49931506 -0.00292842
v -0.44982084 -0.44933596 -0.00272673
v -0.44983432 -0.39936870 -0.00253610
v -0.44983994 -0.34941316 -0.00234879
v -0.44984276 -0.29946852 -0.00215553
v -0.44984770 -0.24953358 -0.00194578
v -0.44985939 -0.19960684 -0.00170784
v -0.44988187 -0.14968635 -0.00142917
v -0.44991832 -0.09976938 -0.00109698
v -0.44997053 -0.04985209 -0.00069970
v -0.45003823 0.00007066 -0.00022941
v -0.45011806 0.05000515 0.00031460
v -0.45020326 0.09995774 0.00091969
v -0.45028305 0.14993352 0.00155379
v -0.45034459 0.19993328 0.00217318
v -0.45037759 0.24995212 0.00272217
v -0.45038029 0.29998131 0.00314960
v -0.45035629 0.35001234 0.00342829
v -0.45030858 0.40003938 0.00355727
v -0.45024211 0.45005882 0.00356424
v -0.45016241 0.50006869 0.00349021
v -0.45007642 0.55006818 0.00337752
v -0.44999200 0.60005815 0.00325675
v -0.44991926 0.65003925 0.00314380
v -0.44986573 0.70001966 0.00304018
v -0.44984171 0.74998934 0.00293923
v -0.39938607 -0.74920268 -0.00464579
v -0.39951274 -0.69921225 -0.00432567
v -0.39962365 -0.64920561 -0.00399892
v -0.39971439 -0.59919861 -0.00369098
v -0.39977978 -0.54919717 -0.00341459
v -0.39982013 -0.49920676 -0.00317154
v -0.39983875 -0.44922984 -0.00295781
v -0.39984111 -0.39926663 -0.00276619
v -0.39983351 -0.34931607 -0.00258750
v -0.39982214 -0.29937671 -0.00241115
v -0.39981281 -0.24944724 -0.00222509
v -0.39981086 -0.19952650 -0.00201562
v -0.39982121 -0.14961327 -0.00176729
v -0.39984827 -0.09970587 -0.00146302
v -0.39989557 -0.04980157 -0.00108485
v -0.39996488 0.00010412 -0.00061556
v -0.40005515 0.05001776 -0.00004289
v -0.40016097 0.09994785 0.00063291
v -0.40027038 0.14990319 0.00139308
v -0.40036717 0.19988902 0.00218332
v -0.40042771 0.24990434 0.00291385
v -0.40044628 0.29993672 0.00352308
v -0.40042600 0.34997269 0.00392869
v -0.40037401 0.40000335 0.00411121
v -0.40029636 0.45002401 0.00410624
v -0.40019970 0.50003290 0.00397607
v -0.40009285 0.55003044 0.00378838
v -0.39998471 0.60001784 0.00359738
v -0.39988684 0.64999517 0.00343813
v -0.39981160 0.69997146 0.00330987
v -0.39977398 0.74993320 0.00320039
v -0.34934305 -0.74908411 -0.00525292
v -0.34950570 -0.69909761 -0.00483442
v -0.34964349 -0.64908623 -0.00441036
v -0.34975108 -0.59907502 -0.00402387
v -0.34982205 -0.54907252 -0.00369056
v -0.34985820 -0.49908564 -0.00341068
v -0.34986601 -0.44911552 -0.00317731
v -0.34985405 -0.39916032 -0.00298046
v -0.34983064 -0.34921743 -0.00280898
v -0.34980304 -0.29928463 -0.00265081
v -0.34977757 -0.24936044 -0.00249265
v -0.34975994 -0.19944398 -0.00231935
v -0.34975551 -0.14953489 -0.00211336
v -0.34976954 -0.09963287 -0.00185406
v -0.34980700 -0.04973690 -0.00151768
v -0.34987212 0.00015559 -0.00107818
v -0.34996737 0.05004977 -0.00050965
v -0.35009028 0.09995466 0.00021045
v -0.35023251 0.14988187 0.00108464
v -0.35037406 0.19984513 0.00205978
v -0.35048227 0.24984906 0.00306278
v -0.35052803 0.29988306 0.00394522
v -0.35051335 0.34992622 0.00455647
v -0.35045692 0.39996041 0.00484660
v -0.35036365 0.44997953 0.00483496
v -0.35024612 0.49998359 0.00462024
v -0.35011438 0.54997482 0.00430571
v -0.34997859 0.59995625 0.00399565
v -0.34984925 0.64992892 0.00374700
v -0.34974490 0.69990115 0.00357679
v -0.34968689 0.74985308 0.00346100
v -0.29927649 -0.74892763 -0.00607757
v -0.29949803 -0.69894896 -0.00548467
v -0.29967624 -0.64893324 -0.00490550
v -0.29980652 -0.59891980 -0.00439859
v -0.29988081 -0.54892325 -0.00398151
v -0.29990737 -0.49894895 -0.00364862
v -0.29989935 -0.44899373 -0.00338513
v -0.29986957 -0.39905253 -0.00317649
v -0.29982814 -0.34912127 -0.00300879
v -0.29978297 -0.29919717 -0.00286818
v -0.29974053 -0.24927862 -0.00274018
v -0.29970643 -0.19936509 -0.00260886
v -0.29968596 -0.14945688 -0.00245559
v -0.29968455 -0.09955489 -0.00225773
v -0.29970807 -0.04966023 -0.00198728
v -0.29976296 0.00022661 -0.00161014
v -0.29985485 0.05010797 -0.00108663
v -0.29998731 0.09999023 -0.00037632
v -0.30015897 0.14988587 0.00055799
v -0.30035080 0.19981326 0.00175044
v -0.30053570 0.24978801 0.00311756
v -0.30062832 0.29982206 0.00430917
v -0.30063100 0.34987319 0.00536222
v -0.30056248 0.39991245 0.00587880
v -0.30044723 0.44992763 0.00587375
v -0.30030240 0.49992020 0.00552561
v -0.30013834 0.54989619 0.00501195
v -0.29997076 0.59986573 0.00448740
v -0.29980875 0.64983123 0.00405842
v -0.29966380 0.69979886 0.00382526
v -0.29957500 0.74973831 0.00369628
v -0.24918669 -0.74870924 -0.00727114
v -0.24950102 -0.69874533 -0.00635522
v -0.24974117 -0.64872188 -0.00550101
v -0.24989303 -0.59871872 -0.00479620
v -0.24996070 -0.54874578 -0.00426269
v -0.24996829 -0.49879990 -0.00385824
v -0.24993875 -0.44887062 -0.00355316
v -0.24988800 -0.39895078 -0.00332610
v -0.24982701 -0.34903585 -0.00315858
v -0.24976380 -0.29912308 -0.00303407
v -0.24970455 -0.24921109 -0.00293679
v -0.24965440 -0.19929964 -0.00285041
v -0.24961811 -0.14938954 -0.00275640
v -0.24960069 -0.09948264 -0.00263197
v -0.24960801 -0.04958158 -0.00244755
v -0.24964714 0.00031110 -0.00216387
v -0.24972680 0.05019292 -0.00173039
v -0.24985735 0.10006326 -0.00108563
v -0.25004279 0.14993139 -0.00015834
v -0.25028342 0.19981415 0.00112191
v -0.25055506 0.24974858 0.00274689
v -0.25076128 0.29975231 0.00472011
v -0.25080436 0.34980740 0.00645776
v -0.25070538 0.39986212 0.00730517
v -0.25056136 0.44986800 0.00732892
v -0.25036826 0.49983882 0.00678510
v -0.25016251 0.54978899 0.00601199
v -0.24996153 0.59973996 0.00513179
v -0.24976704 0.64968828 0.00442291
v -0.24956572 0.69964786 0.00400207
v -0.24943344 0.74957448 0.00385100
v -0.19900518 -0.74833915 -0.00902839
v -0.19951403 -0.69838765 -0.00766950
v -0.19982694 -0.64839310 -0.00630239
v -0.19998448 -0.59844079 -0.00536620
v -0.20002766 -0.54852756 -0.00467829
v -0.20000850 -0.49863223 -0.00415850
v -0.19995443 -0.44874246 -0.00377983
v -0.19988195 -0.39885257 -0.00351266
v -0.19980196 -0.34895926 -0.00333158
v -0.19972212 -0.29906083 -0.00321535
v -0.19964800 -0.24915679 -0.00314551
v -0.19958406 -0.19924754 -0.00310498
v -0.19953434 -0.14933425 -0.00307618
v -0.19950310 -0.09941879 -0.00303856
v -0.19949555 -0.04950411 -0.00296499
v -0.19951870 0.00040478 -0.00281655
v -0.19958266 0.05030204 -0.00253560
v -0.19969948 0.10018567 -0.00204522
v -0.19988506 0.15005251 -0.00126680
v -0.20016296 0.19990265 -0.00004851
v -0.20051028 0.24976707 0.00198234
v -0.20092555 0.29966030 0.00517631
v -0.20102360 0.34974705 0.00693282
v -0.20092944 0.39979327 0.00954349
v -0.20071352 0.44981535 0.00990146
v -0.20043810 0.49974779 0.00900746
v -0.20019644 0.54968152 0.00768236
v -0.19994366 0.59959045 0.00622707
v -0.19969855 0.64948602 0.00490590
v -0.19945815 0.69942195 0.00391628
v -0.19925969 0.74934322 0.00387451
v -0.14909591 -0.74759509 -0.01391511
v -0.14972004 -0.69784321 -0.00953765
v -0.15004828 -0.64797767 -0.00682615
v -0.15015940 -0.59815885 -0.00547980
v -0.15016187 -0.54833833 -0.00465175
v -0.15010922 -0.49850871 -0.00406458
v -0.15002737 -0.44866685 -0.00364846
v -0.14993181 -0.39881125 -0.00336734
v -0.14983262 -0.34894139 -0.00319027
v -0.14973656 -0.29905773 -0.00309115
v -0.14964829 -0.24916125 -0.00304917
v -0.14957136 -0.19925335 -0.00304706
v -0.14950896 -0.14933569 -0.00306883
v -0.14946450 -0.09941030 -0.00309692
v -0.14944214 -0.04947947 -0.00310883
v -0.14944753 0.00045424 -0.00307264
v -0.14948867 0.05038570 -0.00293283
v -0.14957839 0.10029998 -0.00258035
v -0.14973871 0.15018120 -0.00185875
v -0.14998984 0.20004969 -0.00075230
v -0.15038592 0.24991530 0.00053303
v -0.15096210 0.29975995 0.00326570
v -0.15141496 0.34956853 0.00948616
v -0.15151133 0.39967565 0.01421409
v -0.15092978 0.44965182 0.01352814
v -0.15060740 0.49964029 0.01099056
v -0.15027137 0.54955608 0.00872640
v -0.14990887 0.59935650 0.00726942
v -0.14959247 0.64917263 0.00532315
v -0.14936770 0.69908414 0.00388139
v -0.14905445 0.74901659 0.00344701
v -0.09848347 -0.74612580 -0.01372254
v -0.09948391 -0.69667343 -0.01028817
v -0.09979436 -0.64721052 -0.00794777
v -0.09989640 -0.59762880 -0.00628086
v -0.09989447 -0.54796011 -0.00512887
v -0.09983869 -0.49823401 -0.00434111
v -0.09975269 -0.44846303 -0.00382197
v -0.09965305 -0.39865575 -0.00350486
v -0.09955031 -0.34881824 -0.00334031
v -0.09945128 -0.29895518 -0.00329190
v -0.09936056 -0.24907046 -0.00333323
v -0.09928160 -0.19916736 -0.00344560
v -0.09921753 -0.14924860 -0.00361562
v -0.09917184 -0.09931636 -0.00383257
v -0.09914917 -0.04937243 -0.00408542
v -0.09915595 0.00058144 -0.00435953
v -0.09920135 0.05054422 -0.00463210
v -0.09930149 0.10051973 -0.00485318
v -0.09948095 0.15050721 -0.00491240
v -0.09977104 0.20044184 -0.00471005
v -0.10026999 0.25027262 -0.00408338
v -0.10110930 0.30029015 -0.00317767
v -0.10274521 0.35062620 0.00017760
v -0.10265332 0.39865889 0.02354271
v -0.10193454 0.45000527 0.02280714
v -0.10131729 0.50035896 0.01966383
v -0.10039671 0.54973335 0.01543275
v -0.09979869 0.59929052 0.01202305
v -0.09941714 0.64901044 0.00872023
v -0.09917209 0.69873309 0.00464147
v -0.09891265 0.74852953 0.00055148
v -0.05590930 -0.74645926 0.01351643
v -0.05484385 -0.69668971 0.01432217
v -0.05461777 -0.64711627 0.01559979
v -0.05434528 -0.59745867 0.01648336
v -0.05411328 -0.54774818 0.01710940
v -0.05387495 -0.49798914 0.01749097
v -0.05363483 -0.44818876 0.01767408
v -0.05340305 -0.39835407 0.01770772
v -0.05318483 -0.34849027 0.01762765
v -0.05298168 -0.29860162 0.01745779
v -0.05279300 -0.24869150 0.01721279
v -0.05261725 -0.19876258 0.01690009
v -0.05245257 -0.14881700 0.01652160
v -0.05229706 -0.09885660 0.01607497
v -0.05214883 -0.04888311 0.01555483
v -0.05200622 0.00110180 0.01495442
v -0.05186824 0.05109580 0.01426761
v -0.05173169 0.10109200 0.01348816
v -0.05158883 0.15108195 0.01261159
v -0.05145625 0.20109140 0.01168100
v -0.05142313 0.25117147 0.01090144
v -0.05150964 0.30088431 0.01007498
v -0.05237217 0.34961150 0.01099010
v -0.05412862 0.40040585 0.00929920
v -0.05437046 0.45153956 0.00727956
v -0.05227020 0.49955508 0.00390733
v -0.05140725 0.54872675 0.00037353
v -0.05076969 0.59850209 -0.00213538
v -0.05035876 0.64821294 -0.00481392
v -0.04991228 0.69792211 -0.00717853
v -0.04987280 0.74763517 -0.01008524
v -0.03098948 -0.74768921 0.05674122
v -0.02920055 -0.69767571 0.05785249
v -0.02777859 -0.64776784 0.05837365
v -0.02647728 -0.59787733 0.05861130
v -0.02537996 -0.54801295 0.05864778
v -0.02449102 -0.49814253 0.05856320
v -0.02377944 -0.44826089 0.05839767
v -0.02321182 -0.39836444 0.05817736
v -0.02275662 -0.34845186 0.05791467
v -0.02238628 -0.29852260 0.05761389
v -0.02207774 -0.24857635 0.05727368
v -0.02181192 -0.19861281 0.05688857
v -0.02157270 -0.14863169 0.05644964
v -0.02134555 -0.09863270 0.05594483
v -0.02111593 -0.04861584 0.05535890
v -0.02086737 0.00141807 0.05467347
v -0.02057909 0.05146658 0.05386744
v -0.02022450 0.10152605 0.05291602
v -0.01976808 0.15159175 0.05178576
v -0.01914871 0.20163212 0.05045656
v -0.01825402 0.25157034 0.04895986
v -0.01689242 0.30137839 0.04742653
v -0.01618817 0.35212207 0.04484886
v -0.01698522 0.40394385 0.03386269
v -0.02050236 0.44403180 -0.02513574
v -0.02088853 0.49580679 -0.03624103
v -0.01955824 0.54653058 -0.03877908
v -0.01724546 0.59629939 -0.03999038
v -0.01498551 0.64620709 -0.04079167
v -0.01246451 0.69620229 -0.04088061
v -0.00905607 0.74629727 -0.03949153
v 0.00473454 -0.74760578 0.02120920
v 0.00593121 -0.69788683 0.02185127
v 0.00698327 -0.64818275 0.02204328
v 0.00740189 -0.59836270 0.02136924
v 0.00778123 -0.54850032 0.02072590
v 0.00811584 -0.49861660 0.02012014
v 0.00843216 -0.44872051 0.01959335
v 0.00873318 -0.39881400 0.01913313
v 0.00902065 -0.34889958 0.01872038
v 0.00929737 -0.29897934 0.01833519
v 0.00956643 -0.24905490 0.01795776
v 0.00983124 -0.19912762 0.01756856
v 0.01009543 -0.14919899 0.01714772
v 0.01036296 -0.09927086 0.01667394
v 0.01063820 -0.04934588 0.01612316
v 0.01092614 0.00057222 0.01546693
v 0.01123277 0.05047822 0.01467122
v 0.01156571 0.10036395 0.01369408
v 0.01193083 0.15021410 0.01247602
v 0.01232294 0.20001163 0.01093431
v 0.01276141 0.24977877 0.00901847
v 0.01346442 0.29956688 0.00709369
v 0.01442149 0.34871179 0.00406121
v 0.01678536 0.39663653 0.00139324
v 0.01656536 0.44764234 -0.00042203
v 0.01504145 0.49821174 -0.00202079
v 0.01444895 0.54655844 -0.00072526
v 0.01451002 0.59586570 -0.00056818
v 0.01467494 0.64541311 0.00027021
v 0.01466030 0.69466344 0.00204918
v 0.01423919 0.74398655 0.00475623
v 0.05299261 -0.74844131 0.00741628
v 0.05331658 -0.69849800 0.00395070
v 0.05374787 -0.64859892 0.00279574
v 0.05413640 -0.59869125 0.00189966
v 0.05447004 -0.54877631 0.00100169
v 0.05478121 -0.49884663 0.00020517
v 0.05508540 -0.44890552 -0.00046034
v 0.05539045 -0.39896046 -0.00099767
v 0.05570029 -0.34901638 -0.00142723
v 0.05601650 -0.29907597 -0.00177704
v 0.05634043 -0.24914108 -0.00207507
v 0.05667375 -0.19921320 -0.00234787
v 0.05701881 -0.14929388 -0.00262066
v 0.05737884 -0.09938510 -0.00291819
v 0.05775808 -0.04948964 -0.00326622
v 0.05816197 0.00038874 -0.00369309
v 0.05859757 0.05024488 -0.00423164
v 0.05907392 0.10007178 -0.00492187
v 0.05960181 0.14986323 -0.00580713
v 0.06019728 0.19961761 -0.00691326
v 0.06089057 0.24930880 -0.00826859
v 0.06177504 0.29879714 -0.01017693
v 0.06292178 0.34808724 -0.01335941
v 0.06374222 0.39833588 -0.01573537
v 0.06472175 0.44953741 -0.01583118
v 0.06566004 0.49705037 0.00844554
v 0.06426222 0.54710338 0.01233800
v 0.06360769 0.59669293 0.01431812
v 0.06314272 0.64592591 0.01705097
v 0.06253961 0.69520380 0.02041199
v 0.06111142 0.74441392 0.02538284
v 0.10289174 -0.74897308 0.00368523
v 0.10345653 -0.69897213 0.00398516
v 0.10393568 -0.64899235 0.00308373
v 0.10436157 -0.59902926 0.00178126
v 0.10471714 -0.54907482 0.00104011
v 0.10504689 -0.49912755 0.00030045
v 0.10536377 -0.44918417 -0.00034676
v 0.10567899 -0.39924211 -0.00086559
v 0.10599697 -0.34930194 -0.00126655
v 0.10631998 -0.29936556 -0.00157160
v 0.10664980 -0.24943478 -0.00180648
v 0.10698839 -0.19951125 -0.00199506
v 0.10733822 -0.14959664 -0.00215882
v 0.10770243 -0.09969281 -0.00231724
v 0.10808487 -0.04980193 -0.00248814
v 0.10849021 0.00007338 -0.00268791
v 0.10892389 0.04993002 -0.00293117
v 0.10939164 0.09976504 -0.00322989
v 0.10989962 0.14957593 -0.00358907
v 0.11045822 0.19935578 -0.00397629
v 0.11108468 0.24909143 -0.00420010
v 0.11174965 0.29882570 -0.00417040
v 0.11234593 0.34868975 -0.00553498
v 0.11291103 0.39860643 -0.00755167
v 0.11377331 0.44850364 -0.00816338
v 0.11399960 0.49841176 -0.00258106
v 0.11393087 0.54793936 0.00457077
v 0.11348719 0.59762686 0.00742914
v 0.11306549 0.64731150 0.01008947
v 0.11252302 0.69702588 0.01428916
v 0.11164807 0.74653049 0.01969717
v 0.15293510 -0.74950510 0.00258667
v 0.15342679 -0.69952636 0.00292320
v 0.15387703 -0.64952959 0.00240323
v 0.15429643 -0.59953027 0.00191832
v 0.15467537 -0.54954314 0.00125066
v 0.15502336 -0.49957157 0.00058802
v 0.15535511 -0.44961292 0.00002555
v 0.15568150 -0.39966316 -0.00046880
v 0.15600852 -0.34972013 -0.00088701
v 0.15633981 -0.29978298 -0.00123277
v 0.15667769 -0.24985215 -0.00151864
v 0.15702423 -0.19992880 -0.00175977
v 0.15738178 -0.15001438 -0.00197209
v 0.15775314 -0.10011048 -0.00217119
v 0.15814162 -0.05021883 -0.00237177
v 0.15855103 -0.00034124 -0.00258733
v 0.15898540 0.04952065 -0.00282962
v 0.15944887 0.09936561 -0.00310741
v 0.15994630 0.14919206 -0.00342398
v 0.16048275 0.19899931 -0.00376948
v 0.16104895 0.24880365 -0.00411005
v 0.16160545 0.29864275 -0.00442065
v 0.16213771 0.34851546 -0.00473373
v 0.16269648 0.39838819 -0.00507972
v 0.16321134 0.44834391 -0.00452640
v 0.16361275 0.49831155 -0.00161604
v 0.16372760 0.54829230 0.00113859
v 0.16348945 0.59807491 0.00553845
v 0.16312784 0.64789450 0.00876947
v 0.16262226 0.69774487 0.01168805
v 0.16189703 0.74746376 0.01453821
v 0.20297857 -0.74998731 0.00195005
v 0.20342165 -0.70000149 0.00210375
v 0.20387251 -0.64999552 0.00204527
v 0.20429520 -0.59999168 0.00173350
v 0.20469040 -0.54999323 0.00124731
v 0.20505646 -0.50000540 0.00077177
v 0.20540490 -0.45003100 0.00028954
v 0.20574395 -0.40006941 -0.00015805
v 0.20608076 -0.35011839 -0.00055195
v 0.20641992 -0.30017618 -0.00089235
v 0.20676451 -0.25024211 -0.00118257
v 0.20711699 -0.20031628 -0.00143053
v 0.20747967 -0.15039937 -0.00164649
v 0.20785500 -0.10049232 -0.00184123
v 0.20824570 -0.05059615 -0.00202505
v 0.20865458 -0.00071168 -0.00220690
v 0.20908442 0.04916065 -0.00239358
v 0.20953783 0.09902092 -0.00258829
v 0.21001643 0.14887053 -0.00278854
v 0.21051664 0.19871646 -0.00298425
v 0.21102547 0.24857309 -0.00315719
v 0.21153170 0.29844875 -0.00327107
v 0.21203489 0.34834125 -0.00330062
v 0.21251441 0.39826557 -0.00329412
v 0.21293825 0.44823327 -0.00293166
v 0.21329727 0.49826529 -0.00178198
v 0.21346268 0.54830620 0.00053153
v 0.21339726 0.59830926 0.00342200
v 0.21314612 0.64826877 0.00607638
v 0.21280448 0.69820995 0.00852350
v 0.21232880 0.74799311 0.01070919
v 0.25301364 -0.75043609 0.00152284
v 0.25343441 -0.70045047 0.00165558
v 0.25386533 -0.65045049 0.00167029
v 0.25428349 -0.60044750 0.00149170
v 0.25468453 -0.55044405 0.00121441
v 0.25506465 -0.50044814 0.00085063
v 0.25542777 -0.45046339 0.00045671
v 0.25578002 -0.40049096 0.00007534
v 0.25612756 -0.35053034 -0.00028246
v 0.25647516 -0.30058041 -0.00060582
v 0.25682649 -0.25064011 -0.00089152
v 0.25718434 -0.20070886 -0.00114206
v 0.25755106 -0.15078658 -0.00136254
v 0.25792885 -0.10087345 -0.00155956
v 0.25831984 -0.05096969 -0.00173996
v 0.25872601 -0.00107525 -0.00190988
v 0.25914904 0.04881039 -0.00207377
v 0.25958981 0.09868875 -0.00223334
v 0.26004694 0.14856365 -0.00238635
v 0.26051539 0.19844189 -0.00252511
v 0.26098859 0.24833028 -0.00263377
v 0.26146075 0.29823362 -0.00268746
v 0.26191968 0.34816003 -0.00265930
v 0.26234775 0.39811874 -0.00249905
v 0.26273062 0.44811778 -0.00210433
v 0.26304300 0.49816211 -0.00123782
v 0.26324537 0.54823987 0.00025828
v 0.26329369 0.59832163 0.00207248
v 0.26318307 0.64835188 0.00421989
v 0.26300024 0.69834884 0.00618858
v 0.26272516 0.74818915 0.00789622
v 0.30304567 -0.75086871 0.00124250
v 0.30345306 -0.70088255 0.00134778
v 0.30386803 -0.65088511 0.00137208
v 0.30428080 -0.60088455 0.00129534
v 0.30468288 -0.55088257 0.00111680
v 0.30507130 -0.50088416 0.00085698
v 0.30544581 -0.45089334 0.00055848
v 0.30580990 -0.40091287 0.00024180
v 0.30616788 -0.35094362 -0.00007053
v 0.30652404 -0.30098529 -0.00036436
v 0.30688201 -0.25103716 -0.00063364
v 0.30724471 -0.20109850 -0.00087604
v 0.30761451 -0.15116872 -0.00109257
v 0.30799340 -0.10124738 -0.00128625
v 0.30838306 -0.05133398 -0.00146089
v 0.30878481 -0.00142777 -0.00162015
v 0.30919935 0.04847261 -0.00176663
v 0.30962626 0.09836963 -0.00190097
v 0.31006333 0.14826724 -0.00202090
v 0.31050686 0.19817021 -0.00211992
v 0.31095208 0.24808349 -0.00218602
v 0.31139157 0.29801320 -0.00220096
v 0.31181490 0.34796621 -0.00213747
v 0.31221081 0.39794850 -0.00195738
v 0.31256491 0.44796499 -0.00160249
v 0.31285930 0.49801791 -0.00097027
v 0.31308019 0.54810199 0.00000653
v 0.31320053 0.59819450 0.00133021
v 0.31321615 0.64826084 0.00284954
v 0.31317137 0.69828968 0.00432257
v 0.31307451 0.74817872 0.00564215
v 0.35307570 -0.75128963 0.00104752
v 0.35347336 -0.70130278 0.00112907
v 0.35387767 -0.65130698 0.00116126
v 0.35428270 -0.60130944 0.00112529
v 0.35468300 -0.55130981 0.00101195
v 0.35507503 -0.50131155 0.00083525
v 0.35545714 -0.45131821 0.00060923
v 0.35583044 -0.40133264 0.00035495
v 0.35619755 -0.35135651 0.00009193
v 0.35656168 -0.30139039 -0.00016719
v 0.35692595 -0.25143410 -0.00041308
v 0.35729310 -0.20148705 -0.00064061
v 0.35766539 -0.15154850 -0.00084789
v 0.35804459 -0.10161761 -0.00103507
v 0.35843205 -0.05169343 -0.00120351
v 0.35882857 -0.00177465 -0.00135487
v 0.35923423 0.04814059 -0.00149032
v 0.35964807 0.09805494 -0.00160977
v 0.36006806 0.14797178 -0.00171105
v 0.36049105 0.19789504 -0.00178896
v 0.36091237 0.24782934 -0.00183443
v 0.36132559 0.29777980 -0.00183331
v 0.36172310 0.34775138 -0.00176538
v 0.36209568 0.39774840 -0.00160313
v 0.36243253 0.44777394 -0.00130754
v 0.36272391 0.49782775 -0.00083176
v 0.36296052 0.54790421 -0.00013060
v 0.36313412 0.59798998 0.00079327
v 0.36324235 0.64805945 0.00185511
v 0.36331177 0.69809647 0.00294176
v 0.36335402 0.74802215 0.00392311
v 0.40310392 -0.75170146 0.00090939
v 0.40349426 -0.70171408 0.00097474
v 0.40389083 -0.65171918 0.00100654
v 0.40428904 -0.60172363 0.00099036
v 0.40468625 -0.55172625 0.00092041
v 0.40507889 -0.50172936 0.00079737
v 0.40546523 -0.45173538 0.00062938
v 0.40584492 -0.40174686 0.00043046
v 0.40621918 -0.35176574 0.00021356
v 0.40659004 -0.30179306 -0.00000890
v 0.40695988 -0.25182912 -0.00022731
v 0.40733097 -0.20187362 -0.00043530
v 0.40770528 -0.15192589 -0.00062895
v 0.40808437 -0.10198497 -0.00080638
v 0.40846928 -0.05204965 -0.00096703
v 0.40886049 -0.00211836 -0.00111096
v 0.40925778 0.04781091 -0.00123820
v 0.40966013 0.09774067 -0.00134804
v 0.41006566 0.14767391 -0.00143840
v 0.41047146 0.19761409 -0.00150516
v 0.41087352 0.24756509 -0.00154140
v 0.41126680 0.29753080 -0.00153674
v 0.41164532 0.34751488 -0.00147671
v 0.41200217 0.39752028 -0.00134196
v 0.41233049 0.44754822 -0.00110859
v 0.41262406 0.49759732 -0.00075008
v 0.41287809 0.54766238 -0.00024495
v 0.41309174 0.59773349 0.00040318
v 0.41326612 0.64779230 0.00115833
v 0.41342156 0.69782639 0.00193347
v 0.41356421 0.74777683 0.00264015
v 0.45313045 -0.75210597 0.00081199
v 0.45351504 -0.70211804 0.00086491
v 0.45390554 -0.65212361 0.00089375
v 0.45429826 -0.60212932 0.00088880
v 0.45469176 -0.55213371 0.00084426
v 0.45508340 -0.50213821 0.00075810
v 0.45547144 -0.45214442 0.00063421
v 0.45585497 -0.40215436 0.00047964
v 0.45623422 -0.35216976 0.00030391
v 0.45661024 -0.30219185 0.00011688
v 0.45698459 -0.25222121 -0.00007302
v 0.45735895 -0.20225784 -0.00025900
v 0.45773489 -0.15230122 -0.00043617
v 0.45811365 -0.10235047 -0.00060137
v 0.45849605 -0.05240434 -0.00075270
v 0.45888238 -0.00246122 -0.00088899
v 0.45927232 0.04748082 -0.00100937
v 0.45966489 0.09742408 -0.00111262
v 0.46005839 0.14737123 -0.00119673
v 0.46045033 0.19732519 -0.00125835
v 0.46083746 0.24728902 -0.00129227
v 0.46121586 0.29726570 -0.00129095
v 0.46158100 0.34725779 -0.00124421
v 0.46192816 0.39726698 -0.00113914
v 0.46225291 0.44729346 -0.00096075
v 0.46255163 0.49733535 -0.00069389
v 0.46282266 0.54738787 -0.00032856
v 0.46306725 0.59744321 0.00013273
v 0.46328944 0.64748850 0.00066526
v 0.46350456 0.69751491 0.00121308
v 0.46371588 0.74748145 0.00171714
v 0.50315525 -0.75250431 0.00074448
v 0.50353517 -0.70251575 0.00078767
v 0.50392077 -0.65252154 0.00081318
v 0.50430897 -0.60252796 0.00081392
v 0.50469887 -0.55253350 0.00078509
v 0.50508863 -0.50253909 0.00072427
v 0.50547671 -0.45254573 0.00063219
v 0.50586207 -0.40255484 0.00051263
v 0.50624435 -0.35256783 0.00037177
v 0.50662391 -0.30258586 0.00021663
v 0.50700156 -0.25260961 0.00005427
v 0.50737841 -0.20263928 -0.00010905
v 0.50775555 -0.15267455 -0.00026827
v 0.50813390 -0.10271468 -0.00041960
v 0.50851405 -0.05275854 -0.00056029
v 0.50889617 -0.00280467 -0.00068835
v 0.50927992 0.04714871 -0.00080221
v 0.50966443 0.09710365 -0.00090028
v 0.51004825 0.14706240 -0.00098056
v 0.51042936 0.19702738 -0.00104026
v 0.51080522 0.24700098 -0.00107539
v 0.51117286 0.29698537 -0.00108054
v 0.51152906 0.34698225 -0.00104866
v 0.51187067 0.39699245 -0.00097122
v 0.51219494 0.44701559 -0.00083889
v 0.51250014 0.49704959 -0.00064313
v 0.51278609 0.54709034 -0.00037920
v 0.51305496 0.59713171 -0.00005078
v 0.51331133 0.64716459 0.00032480
v 0.51356658 0.69718330 0.00071187
v 0.51382286 0.74716026 0.00106736
v 0.55317820 -0.75289732 0.00069961
v 0.55355431 -0.70290807 0.00073513
v 0.55393584 -0.65291388 0.00075728
v 0.55432021 -0.60292062 0.00076080
v 0.55470683 -0.55292682 0.00074197
v 0.55509431 -0.50293312 0.00069828
v 0.55548142 -0.45294007 0.00062925
v 0.55586715 -0.40294866 0.00053667
v 0.55625089 -0.35295991 0.00042414
v 0.55663251 -0.30297479 0.00029657
v 0.55701229 -0.25299397 0.00015942
v 0.55739080 -0.20301772 0.00001797
v 0.55776870 -0.15304589 -0.00012305
v 0.55814657 -0.10307793 -0.00025972
v 0.55852479 -0.05311289 -0.00038889
v 0.55890343 -0.00314953 -0.00050810
v 0.55928217 0.04681370 -0.00061532
v 0.55966027 0.09677854 -0.00070868
v 0.56003656 0.14674686 -0.00078618
v 0.56040948 0.19672059 -0.00084542
v 0.56077709 0.24670155 -0.00088329
v 0.56113725 0.29669129 -0.00089586
v 0.56148777 0.34669086 -0.00087827
v 0.56182661 0.39670059 -0.00082494
v 0.56215225 0.44671975 -0.00073012
v 0.56246403 0.49674637 -0.00058905
v 0.56276254 0.54677705 -0.00039991
v 0.56305015 0.59680712 -0.00016659
v 0.56333080 0.64683017 0.00009854
v 0.56361291 0.69684276 0.00037090
v 0.56389779 0.74682633 0.00062028
v 0.60319921 -0.75328570 0.00067235
v 0.60357217 -0.70329568 0.00070169
v 0.60395028 -0.65330137 0.00072070
v 0.60433136 -0.60330816 0.00072541
v 0.60471500 -0.55331464 0.00071293
v 0.60510010 -0.50332128 0.00068099
v 0.60548568 -0.45332835 0.00062866
v 0.60587082 -0.40333647 0.00055650
v 0.60625483 -0.35334638 0.00046656
v 0.60663732 -0.30335879 0.00036210
v 0.60701818 -0.25337428 0.00024710
v 0.60739758 -0.20339313 0.00012580
v 0.60777580 -0.15341530 0.00000231
v 0.60815312 -0.10344039 -0.00011967
v 0.60852972 -0.05346769 -0.00023696
v 0.60890558 -0.00349617 -0.00034688
v 0.60928040 0.04647543 -0.00044716
v 0.60965358 0.09644854 -0.00053579
v 0.61002421 0.14642465 -0.00061075
v 0.61039111 0.19640528 -0.00066992
v 0.61075291 0.24639178 -0.00071081
v 0.61110811 0.29638523 -0.00073049
v 0.61145527 0.34638625 -0.00072560
v 0.61179318 0.39639482 -0.00069248
v 0.61212109 0.44641014 -0.00062763
v 0.61243898 0.49643047 -0.00052850
v 0.61274775 0.54645308 -0.00039479
v 0.61304954 0.59647453 -0.00023009
v 0.61334749 0.64649033 -0.00004370
v 0.61364766 0.69649854 0.00014713
v 0.61395073 0.74648638 0.00032125
v 0.65321822 -0.75367002 0.00065901
v 0.65358860 -0.70367920 0.00068332
v 0.65396380 -0.65368464 0.00069950
v 0.65434202 -0.60369128 0.00070450
v 0.65472296 -0.55369777 0.00069606
v 0.65510570 -0.50370445 0.00067225
v 0.65548946 -0.45371142 0.00063201
v 0.65587342 -0.40371905 0.00057527
v 0.65625689 -0.35372783 0.00050311
v 0.65663934 -0.30373826 0.00041758
v 0.65702044 -0.25375078 0.00032149
v 0.65740007 -0.20376563 0.00021812
v 0.65777820 -0.15378284 0.00011086
v 0.65815489 -0.10380215 0.00000299
v 0.65853014 -0.05382303 -0.00010251
v 0.65890382 -0.00384467 -0.00020298
v 0.65927567 0.04613390 -0.00029609
v 0.65964519 0.09611380 -0.00037975
v 0.66001172 0.14609621 -0.00045200
v 0.66037439 0.19608226 -0.00051090
v 0.66073227 0.24607295 -0.00055438
v 0.66108436 0.29606901 -0.00058021
v 0.66142978 0.34607076 -0.00058600
v 0.66176790 0.39607802 -0.00056934
v 0.66209844 0.44609002 -0.00052809
v 0.66242171 0.49610530 -0.00046102
v 0.66273868 0.54612177 -0.00036855
v 0.66305115 0.59613690 -0.00025384
v 0.66336148 0.64614759 -0.00012398
v 0.66367396 0.69615283 0.00000869
v 0.66398891 0.74614351 0.00012909
v 0.70323520 -0.75405081 0.00065691
v 0.70360347 -0.70405914 0.00067706
v 0.70397620 -0.65406427 0.00069071
v 0.70435193 -0.60407060 0.00069549
v 0.70473042 -0.55407691 0.00068961
v 0.70511091 -0.50408340 0.00067147
v 0.70549272 -0.45409009 0.00064003
v 0.70587516 -0.40409717 0.00059492
v 0.70625755 -0.35410494 0.00053662
v 0.70663934 -0.30411373 0.00046637
v 0.70702006 -0.25412384 0.00038612
v 0.70739939 -0.20413548 0.00029830
v 0.70777711 -0.15414867 0.00020561
v 0.70815309 -0.10416326 0.00011083
v 0.70852718 -0.05417887 0.00001662
v 0.70889918 -0.00419492 -0.00007452
v 0.70926883 0.04578934 -0.00016034
v 0.70963574 0.09577474 -0.00023880
v 0.70999941 0.14576218 -0.00030799
v 0.71035925 0.19575249 -0.00036614
v 0.71071464 0.24574637 -0.00041146
v 0.71106497 0.29574429 -0.00044220
v 0.71140976 0.34574642 -0.00045658
v 0.71174873 0.39575251 -0.00045297
v 0.71208194 0.44576184 -0.00043011
v 0.71240981 0.49577328 -0.00038744
v 0.71273327 0.54578522 -0.00032572
v 0.71305377 0.59579587 -0.00024766
v 0.71337306 0.64580308 -0.00015868
v 0.71369417 0.69580637 -0.00006780
v 0.71401717 0.74579898 0.00001411
v 0.75325017 -0.75442853 0.00066397
v 0.75361672 -0.70443602 0.00068066
v 0.75398736 -0.65444076 0.00069207
v 0.75436091 -0.60444669 0.00069635
v 0.75473719 -0.55445266 0.00069206
v 0.75511555 -0.50445881 0.00067789
v 0.75549541 -0.45446507 0.00065288
v 0.75587616 -0.40447155 0.00061655
v 0.75625718 -0.35447839 0.00056902
v 0.75663790 -0.30448578 0.00051101
v 0.75701780 -0.25449394 0.00044382
v 0.75739646 -0.20450298 0.00036922
v 0.75777353 -0.15451296 0.00028932
v 0.75814873 -0.10452377 0.00020637
v 0.75852180 -0.05453516 0.00012268
v 0.75889252 -0.00454671 0.00004049
v 0.75926059 0.04544211 -0.00003813
v 0.75962569 0.09543191 -0.00011122
v 0.75998747 0.14542332 -0.00017701
v 0.76034553 0.19541695 -0.00023384
v 0.76069949 0.24541328 -0.00028016
v 0.76104901 0.29541259 -0.00031449
v 0.76139388 0.34541495 -0.00033550
v 0.76173407 0.39542009 -0.00034201
v 0.76206979 0.44542742 -0.00033326
v 0.76240154 0.49543604 -0.00030909
v 0.76273014 0.54544477 -0.00027032
v 0.76305673 0.59545234 -0.00021923
v 0.76338261 0.64545721 -0.00015999
v 0.76370995 0.69545928 -0.00009930
v 0.76403871 0.74545324 -0.00004509
v 0.80326318 -0.75480362 0.00067861
v 0.80362836 -0.70481027 0.00069238
v 0.80399722 -0.65481459 0.00070183
v 0.80436887 -0.60482003 0.00070546
v 0.80474316 -0.55482556 0.00070212
v 0.80511954 -0.50483126 0.00069074
v 0.80549750 -0.45483701 0.00067046
v 0.80587652 -0.40484283 0.00064077
v 0.80625601 -0.35484879 0.00060160
v 0.80663543 -0.30485498 0.00055332
v 0.80701425 -0.25486152 0.00049680
v 0.80739199 -0.20486849 0.00043330
v 0.80776823 -0.15487592 0.00036440
v 0.80814261 -0.10488374 0.00029194
v 0.80851480 -0.05489179 0.00021782
v 0.80888452 -0.00489979 0.00014399
v 0.80925147 0.04509263 0.00007233
v 0.80961540 0.09508587 0.00000462
v 0.80997601 0.14508040 -0.00005750
v 0.81033307 0.19507661 -0.00011250
v 0.81068635 0.24507482 -0.00015899
v 0.81103570 0.29507521 -0.00019571
v 0.81138110 0.34507775 -0.00022158
v 0.81172266 0.39508220 -0.00023573
v 0.81206068 0.44508809 -0.00023766
v 0.81239568 0.49509473 -0.00022739
v 0.81272836 0.54510125 -0.00020572
v 0.81305964 0.59510675 -0.00017451
v 0.81339049 0.64511012 -0.00013699
v 0.81372250 0.69511144 -0.00009819
v 0.81405557 0.74510639 -0.00006397
v 0.85327433 -0.75517645 0.00069958
v 0.85363842 -0.70518230 0.00071088
v 0.85400577 -0.65518617 0.00071860
v 0.85437576 -0.60519109 0.00072152
v 0.85474826 -0.55519611 0.00071871
v 0.85512282 -0.50520127 0.00070928
v 0.85549899 -0.45520645 0.00069249
v 0.85587629 -0.40521160 0.00066784
v 0.85625421 -0.35521672 0.00063517
v 0.85663223 -0.30522186 0.00059462
v 0.85700984 -0.25522705 0.00054675
v 0.85738653 -0.20523235 0.00049245
v 0.85776185 -0.15523776 0.00043292
v 0.85813540 -0.10524324 0.00036958
v 0.85850680 -0.05524869 0.00030400
v 0.85887573 -0.00525393 0.00023784
v 0.85924192 0.04474128 0.00017274
v 0.85960510 0.09473721 0.00011029
v 0.85996508 0.14473414 0.00005199
v 0.86032169 0.19473235 -0.00000077
v 0.86067481 0.24473202 -0.00004674
v 0.86102443 0.29473324 -0.00008480
v 0.86137061 0.34473596 -0.00011404
v 0.86171358 0.39473996 -0.00013377
v 0.86205368 0.44474487 -0.00014363
v 0.86239139 0.49475017 -0.00014370
v 0.86272734 0.54475522 -0.00013469
v 0.86306228 0.59475936 -0.00011811
v 0.86339696 0.64476181 -0.00009647
v 0.86373259 0.69476270 -0.00007355
v 0.86406908 0.74475844 -0.00005375
v 0.90328374 -0.75554738 0.00072588
v 0.90364698 -0.70555247 0.00073508
v 0.90401305 -0.65555588 0.00074127
v 0.90438158 -0.60556024 0.00074347
v 0.90475248 -0.55556471 0.00074091
v 0.90512537 -0.50556931 0.00073285
v 0.90549986 -0.45557387 0.00071865
v 0.90587553 -0.40557834 0.00069785
v 0.90625192 -0.35558269 0.00067022
v 0.90662853 -0.30558689 0.00063580
v 0.90700487 -0.25559095 0.00059493
v 0.90738046 -0.20559489 0.00054821
v 0.90775484 -0.15559871 0.00049655
v 0.90812756 -0.10560236 0.00044105
v 0.90849825 -0.05560580 0.00038298
v 0.90886658 -0.00560892 0.00032371
v 0.90923224 0.04438843 0.00026467
v 0.90959501 0.09438641 0.00020724
v 0.90995472 0.14438519 0.00015278
v 0.91031125 0.19438494 0.00010253
v 0.91066457 0.24438574 0.00005764
v 0.91101471 0.29438762 0.00001910
v 0.91136182 0.34439052 -0.00001229
v 0.91170617 0.39439426 -0.00003593
v 0.91204809 0.44439853 -0.00005154
v 0.91238808 0.49440296 -0.00005920
v 0.91272668 0.54440706 -0.00005949
v 0.91306454 0.59441036 -0.00005361
v 0.91340224 0.64441228 -0.00004351
v 0.91374076 0.69441298 -0.00003208
v 0.91408007 0.74440937 -0.00002264
v 0.95329156 -0.75591671 0.00075669
v 0.95365411 -0.70592110 0.00076409
v 0.95401910 -0.65592405 0.00076896
v 0.95438635 -0.60592785 0.00077046
v 0.95475582 -0.55593175 0.00076798
v 0.95512720 -0.50593575 0.00076087
v 0.95550014 -0.45593970 0.00074860
v 0.95587428 -0.40594351 0.00073074
v 0.95624920 -0.35594712 0.00070705
v 0.95662445 -0.30595049 0.00067750
v 0.95699956 -0.25595361 0.00064226
v 0.95737407 -0.20595644 0.00060176
v 0.95774751 -0.15595899 0.00055667
v 0.95811946 -0.10596123 0.00050782
v 0.95848953 -0.05596312 0.00045626
v 0.95885736 -0.00596462 0.00040310
v 0.95922268 0.04403436 0.00034954
v 0.95958527 0.09403391 0.00029681
v 0.95994495 0.14403410 0.00024608
v 0.96030166 0.19403502 0.00019849
v 0.96065538 0.24403670 0.00015506
v 0.96100620 0.29403912 0.00011670
v 0.96135429 0.34404221 0.00008413
v 0.96169993 0.39404582 0.00005789
v 0.96204347 0.44404971 0.00003825
v 0.96238537 0.49405358 0.00002514
v 0.96272613 0.54405711 0.00001813
v 0.96306633 0.59405992 0.00001626
v 0.96340646 0.64406157 0.00001802
v 0.96374735 0.69406222 0.00002122
v 0.96408906 0.74405919 0.00002330
v 1.00329798 -0.75628469 0.00079134
v 1.00365996 -0.70628844 0.00079721
v 1.00402400 -0.65629095 0.00080092
v 1.00439012 -0.60629419 0.00080178
v 1.00475831 -0.55629753 0.00079926
v 1.00512831 -0.50630094 0.00079282
v 1.00549985 -0.45630429 0.00078200
v 1.00587258 -0.40630747 0.00076641
v 1.00624615 -0.35631041 0.00074581
v 1.00662012 -0.30631305 0.00072011
v 1.00699406 -0.25631534 0.00068941
v 1.00736754 -0.20631727 0.00065400
v 1.00774011 -0.15631881 0.00061435
v 1.00811134 -0.10631994 0.00057112
v 1.00848085 -0.05632065 0.00052513
v 1.00884830 -0.00632090 0.00047731
v 1.00921341 0.04367932 0.00042865
v 1.00957595 0.09368005 0.00038021
v 1.00993577 0.14368133 0.00033302
v 1.01029281 0.19368315 0.00028810
v 1.01064706 0.24368552 0.00024637
v 1.01099863 0.29368839 0.00020865
v 1.01134770 0.34369167 0.00017563
v 1.01169454 0.39369524 0.00014780
v 1.01203951 0.44369892 0.00012543
v 1.01238301 0.49370248 0.00010853
v 1.01272555 0.54370566 0.00009675
v 1.01306763 0.59370821 0.00008937
v 1.01340973 0.64370977 0.00008521
v 1.01375257 0.69371046 0.00008260
v 1.01409635 0.74370798 0.00007956
v 1.05330317 -0.75665152 0.00082927
v 1.05366464 -0.70665471 0.00083383
v 1.05402783 -0.65665680 0.00083654
v 1.05439294 -0.60665951 0.00083683
v 1.05475997 -0.55666231 0.00083422
v 1.05512874 -0.50666516 0.00082826
v 1.05549900 -0.45666793 0.00081853
v 1.05587046 -0.40667053 0.00080471
v 1.05624279 -0.35667287 0.00078654
v 1.05661560 -0.30667487 0.00076392
v 1.05698847 -0.25667648 0.00073689
v 1.05736101 -0.20667766 0.00070562
v 1.05773277 -0.15667839 0.00067047
v 1.05810336 -0.10667864 0.00063194
v 1.05847240 -0.05667842 0.00059069
v 1.05883955 -0.00667772 0.00054746
v 1.05920453 0.04332346 0.00050311
v 1.05956712 0.09332511 0.00045852
v 1.05992718 0.14332722 0.00041461
v 1.06028463 0.19332976 0.00037227
v 1.06063948 0.24333268 0.00033233
v 1.06099182 0.29333594 0.00029556
v 1.06134183 0.34333943 0.00026260
v 1.06168977 0.39334303 0.00023392
v 1.06203598 0.44334662 0.00020982
v 1.06238084 0.49335001 0.00019035
v 1.06272483 0.54335302 0.00017529
v 1.06306843 0.59335545 0.00016408
v 1.06341212 0.64335703 0.00015582
v 1.06375657 0.69335782 0.00014922
v 1.06410211 0.74335587 0.00014273
v 1.10330733 -0.75701734 0.00086999
v 1.10366830 -0.70702005 0.00087343
v 1.10403070 -0.65702176 0.00087530
v 1.10439487 -0.60702398 0.00087509
v 1.10476086 -0.55702627 0.00087238
v 1.10512851 -0.50702862 0.00086677
v 1.10549763 -0.45703088 0.00085791
v 1.10586796 -0.40703297 0.00084547
v 1.10623918 -0.35703478 0.00082925
v 1.10661095 -0.30703624 0.00080910
v 1.10698287 -0.25703728 0.00078502
v 1.10735455 -0.20703785 0.00075714
v 1.10772560 -0.15703792 0.00072569
v 1.10809562 -0.10703748 0.00069108
v 1.10846426 -0.05703653 0.00065382
v 1.10883118 -0.00703507 0.00061452
v 1.10919610 0.04296687 0.00057390
v 1.10955881 0.09296925 0.00053271
v 1.10991915 0.14297203 0.00049175
v 1.11027706 0.19297517 0.00045182
v 1.11063252 0.24297858 0.00041366
v 1.11098562 0.29298220 0.00037799
v 1.11133652 0.34298592 0.00034541
v 1.11168546 0.39298963 0.00031640
v 1.11203275 0.44299322 0.00029127
v 1.11237876 0.49299655 0.00027014
v 1.11272393 0.54299949 0.00025289
v 1.11306875 0.59300188 0.00023912
v 1.11341369 0.64300354 0.00022813
v 1.11375942 0.69300446 0.00021892
v 1.11410643 0.74300304 0.00021025
v 1.15331066 -0.75738222 0.00091307
v 1.15367106 -0.70738453 0.00091558
v 1.15403269 -0.65738589 0.00091675
v 1.15439598 -0.60738769 0.00091612
v 1.15476102 -0.55738956 0.00091333
v 1.15512768 -0.50739148 0.00090801
v 1.15549579 -0.45739333 0.00089984
v 1.15586512 -0.40739501 0.00088854
v 1.15623537 -0.35739640 0.00087388
v 1.15660622 -0.30739742 0.00085574
v 1.15697729 -0.25739800 0.00083408
v 1.15734823 -0.20739808 0.00080896
v 1.15771866 -0.15739762 0.00078056
v 1.15808820 -0.10739662 0.00074920
v 1.15845649 -0.05739507 0.00071527
v 1.15882324 -0.00739299 0.00067930
v 1.15918815 0.04260957 0.00064186
v 1.15955101 0.09261258 0.00060362
v 1.15991166 0.14261595 0.00056527
v 1.16027002 0.19261962 0.00052751
v 1.16062608 0.24262350 0.00049104
v 1.16097990 0.29262749 0.00045650
v 1.16133163 0.34263149 0.00042447
v 1.16168147 0.39263539 0.00039544
v 1.16202971 0.44263908 0.00036975
v 1.16237669 0.49264245 0.00034759
v 1.16272283 0.54264539 0.00032894
v 1.16306860 0.59264780 0.00031352
v 1.16341449 0.64264955 0.00030081
v 1.16376118 0.69265062 0.00029003
v 1.16410937 0.74264972 0.00028016
v 1.20331334 -0.75774615 0.00095812
v 1.20367306 -0.70774814 0.00095987
v 1.20403389 -0.65774922 0.00096048
v 1.20439634 -0.60775068 0.00095953
v 1.20476051 -0.55775224 0.00095670
v 1.20512629 -0.50775386 0.00095165
v 1.20549353 -0.45775543 0.00094408
v 1.20586200 -0.40775682 0.00093373
v 1.20623141 -0.35775793 0.00092038
v 1.20660146 -0.30775864 0.00090389
v 1.20697181 -0.25775888 0.00088421
v 1.20734211 -0.20775858 0.00086137
v 1.20771200 -0.15775770 0.00083550
v 1.20808112 -0.10775623 0.00080683
v 1.20844914 -0.05775418 0.00077568
v 1.20881575 -0.00775157 0.00074249
v 1.20918067 0.04225155 0.00070775
v 1.20954369 0.09225512 0.00067202
v 1.20990465 0.14225906 0.00063591
v 1.21026345 0.19226327 0.00060006
v 1.21062007 0.24226764 0.00056509
v 1.21097456 0.29227207 0.00053161
v 1.21132703 0.34227645 0.00050018
v 1.21167768 0.39228064 0.00047128
v 1.21202675 0.44228454 0.00044530
v 1.21237457 0.49228804 0.00042249
v 1.21272151 0.54229107 0.00040294
v 1.21306801 0.59229354 0.00038651
v 1.21341458 0.64229539 0.00037283
v 1.21376191 0.69229658 0.00036125
v 1.21411095 0.74229619 0.00035093
v 1.25331553 -0.75810903 0.00100479
v 1.25367440 -0.70811076 0.00100594
v 1.25403437 -0.65811164 0.00100613
v 1.25439600 -0.60811289 0.00100498
v 1.25475939 -0.55811429 0.00100218
v 1.25512443 -0.50811580 0.00099741
v 1.25549093 -0.45811728 0.00099039
v 1.25585867 -0.40811857 0.00098087
v 1.25622738 -0.35811955 0.00096864
v 1.25659676 -0.30812010 0.00095356
v 1.25696649 -0.25812013 0.00093555
v 1.25733624 -0.20811957 0.00091461
v 1.25770566 -0.15811838 0.00089083
v 1.25807443 -0.10811653 0.00086440
v 1.25844221 -0.05811405 0.00083556
v 1.25880871 -0.00811094 0.00080468
v 1.25917365 0.04189271 0.00077219
v 1.25953682 0.09189685 0.00073857
v 1.25989806 0.14190137 0.00070435
v 1.26025726 0.19190617 0.00067011
v 1.26061438 0.24191112 0.00063643
v 1.26096946 0.29191610 0.00060386
v 1.26132260 0.34192097 0.00057296
v 1.26167397 0.39192560 0.00054422
v 1.26202378 0.44192987 0.00051805
v 1.26237232 0.49193365 0.00049477
v 1.26271993 0.54193687 0.00047458
v 1.26306702 0.59193947 0.00045751
v 1.26341405 0.64194142 0.00044332
v 1.26376169 0.69194271 0.00043153
v 1.26411120 0.74194279 0.00042134
v 1.30331732 -0.75847060 0.00105274
v 1.30367510 -0.70847215 0.00105345
v 1.30403414 -0.65847294 0.00105336
v 1.30439502 -0.60847419 0.00105212
v 1.30475777 -0.55847569 0.00104943
v 1.30512220 -0.50847734 0.00104499
v 1.30548811 -0.45847895 0.00103853
v 1.30585526 -0.40848037 0.00102979
v 1.30622338 -0.35848142 0.00101858
v 1.30659220 -0.30848200 0.00100473
v 1.30696141 -0.25848198 0.00098816
v 1.30733069 -0.20848129 0.00096884
v 1.30769972 -0.15847989 0.00094683
v 1.30806818 -0.10847774 0.00092226
v 1.30843575 -0.05847487 0.00089535
v 1.30880214 -0.00847130 0.00086639
v 1.30916709 0.04153291 0.00083575
v 1.30953038 0.09153766 0.00080386
v 1.30989185 0.14154284 0.00077119
v 1.31025138 0.19154834 0.00073827
v 1.31060894 0.24155400 0.00070562
v 1.31096453 0.29155968 0.00067378
v 1.31131824 0.34156523 0.00064328
v 1.31167021 0.39157049 0.00061461
v 1.31202066 0.44157532 0.00058821
v 1.31236983 0.49157958 0.00056447
v 1.31271803 0.54158316 0.00054370
v 1.31306560 0.59158599 0.00052607
v 1.31341297 0.64158808 0.00051159
v 1.31376064 0.69158942 0.00049997
v 1.31411017 0.74158990 0.00049037
v 1.35331876 -0.75883045 0.00110167
v 1.35367514 -0.70883184 0.00110208
v 1.35403324 -0.65883278 0.00110185
v 1.35439352 -0.60883437 0.00110065
v 1.35475580 -0.55883632 0.00109818
v 1.35511979 -0.50883844 0.00109414
v 1.35548525 -0.45884050 0.00108827
v 1.35585192 -0.40884231 0.00108031
v 1.35621957 -0.35884369 0.00107006
v 1.35658791 -0.30884451 0.00105735
v 1.35695666 -0.25884463 0.00104207
v 1.35732552 -0.20884398 0.00102417
v 1.35769419 -0.15884249 0.00100369
v 1.35806234 -0.10884014 0.00098072
v 1.35842969 -0.05883693 0.00095542
v 1.35879594 -0.00883289 0.00092805
v 1.35916085 0.04117189 0.00089893
v 1.35952420 0.09117733 0.00086843
v 1.35988582 0.14118329 0.00083700
v 1.36024559 0.19118963 0.00080509
v 1.36060347 0.24119618 0.00077321
v 1.36095947 0.29120278 0.00074188
v 1.36131364 0.34120923 0.00071159
v 1.36166613 0.39121537 0.00068284
v 1.36201712 0.44122101 0.00065610
v 1.36236684 0.49122600 0.00063178
v 1.36271557 0.54123019 0.00061029
v 1.36306361 0.59123346 0.00059197
v 1.36341131 0.64123579 0.00057707
v 1.36375893 0.69123722 0.00056564
v 1.36410800 0.74123801 0.00055710
v 1.40331937 -0.75918774 0.00115124
v 1.40367423 -0.70918918 0.00115151
v 1.40403159 -0.65919081 0.00115130
v 1.40439152 -0.60919331 0.00115027
v 1.40475354 -0.55919619 0.00114814
v 1.40511726 -0.50919918 0.00114460
v 1.40548242 -0.45920203 0.00113939
v 1.40584878 -0.40920455 0.00113225
v 1.40621608 -0.35920654 0.00112297
v 1.40658408 -0.30920785 0.00111136
v 1.40695249 -0.25920833 0.00109730
v 1.40732104 -0.20920788 0.00108071
v 1.40768941 -0.15920642 0.00106159
v 1.40805732 -0.10920393 0.00104001
v 1.40842447 -0.05920040 0.00101609
v 1.40879059 -0.00919587 0.00099006
v 1.40915543 0.04080957 0.00096217
v 1.40951877 0.09081583 0.00093278
v 1.40988046 0.14082274 0.00090228
v 1.41024038 0.19083014 0.00087111
v 1.41059847 0.24083783 0.00083974
v 1.41095473 0.29084560 0.00080866
v 1.41130922 0.34085325 0.00077836
v 1.41166206 0.39086055 0.00074934
v 1.41201343 0.44086730 0.00072207
v 1.41236356 0.49087330 0.00069700
v 1.41271270 0.54087839 0.00067456
v 1.41306113 0.59088241 0.00065517
v 1.41340912 0.64088524 0.00063938
v 1.41375678 0.69088682 0.00062770
v 1.41410512 0.74088741 0.00062049
v 1.45331911 -0.75954177 0.00120116
v 1.45367313 -0.70954404 0.00120143
v 1.45403040 -0.65954726 0.00120137
v 1.45439036 -0.60955132 0.00120065
v 1.45475231 -0.55955560 0.00119898
v 1.45511587 -0.50955988 0.00119606
v 1.45548078 -0.45956394 0.00119160
v 1.45584681 -0.40956757 0.00118536
v 1.45621372 -0.35957055 0.00117709
v 1.45658126 -0.30957272 0.00116659
v 1.45694917 -0.25957391 0.00115373
v 1.45731719 -0.20957398 0.00113840
v 1.45768503 -0.15957285 0.00112056
v 1.45805241 -0.10957045 0.00110025
v 1.45841906 -0.05956678 0.00107756
v 1.45878472 -0.00956187 0.00105267
v 1.45914917 0.04044420 0.00102582
v 1.45951221 0.09045130 0.00099730
v 1.45987369 0.14045926 0.00096750
v 1.46023350 0.19046789 0.00093682
v 1.46059159 0.24047695 0.00090571
v 1.46094796 0.29048620 0.00087465
v 1.46130266 0.34049538 0.00084413
v 1.46165583 0.39050422 0.00081463
v 1.46200762 0.44051247 0.00078664
v 1.46235824 0.49051989 0.00076061
v 1.46270794 0.54052627 0.00073700
v 1.46305697 0.59053145 0.00071625
v 1.46340557 0.64053530 0.00069885
v 1.46375406 0.69053766 0.00068545
v 1.46410240 0.74053839 0.00067812
f 1 32 33
f 2 33 34
f 3 34 35
f 4 35 36
f 5 36 37
f 6 37 38
f 7 38 39
f 8 39 40
f 9 40 41
f 10 41 42
f 11 42 43
f 12 43 44
f 13 44 45
f 14 45 46
f 15 46 47
f 16 47 48
f 17 48 49
f 18 49 50
f 19 50 51
f 20 51 52
f 21 52 53
f 22 53 54
f 23 54 55
f 24 55 56
f 25 56 57
f 26 57 58
f 27 58 59
f 28 59 60
f 29 60 61
f 30 61 62
f 32 63 64
f 33 64 65
f 34 65 66
f 35 66 67
f 36 67 68
f 37 68 69
f 38 69 70
f 39 70 71
f 40 71 72
f 41 72 73
f 42 73 74
f 43 74 75
f 44 75 76
f 45 76 77
f 46 77 78
f 47 78 79
f 48 79 80
f 49 80 81
f 50 81 82
f 51 82 83
f 52 83 84
f 53 84 85
f 54 85 86
f 55 86 87
f 56 87 88
f 57 88 89
f 58 89 90
f 59 90 91
f 60 91 92
f 61 92 93
f 63 94 95
f 64 95 96
f 65 96 97
f 66 97 98
f 67 98 99
f 68 99 100
f 69 100 101
f 70 101 102
f 71 102 103
f 72 103 104
f 73 104 105
f 74 105 106
f 75 106 107
f 76 107 108
f 77 108 109
f 78 109 110
f 79 110 111
f 80 111 112
f 81 112 113
f 82 113 114
f 83 114 115
f 84 115 116
f 85 116 117
f 86 117 118
f 87 118 119
f 88 119 120
f 89 120 121
f 90 121 122
f 91 122 123
f 92 123 124
f 94 125 126
f 95 126 127
f 96 127 128
f 97 128 129
f 98 129 130
f 99 130 131
f 100 131 132
f 101 132 133
f 102 133 134
f 103 134 135
f 104 135 136
f 105 136 137
f 106 137 138
f 107 138 139
f 108 139 140
f 109 140 141
f 110 141 142
f 111 142 143
f 112 143 144
f 113 144 145
f 114 145 146
f 115 146 147
f 116 147 148
f 117 148 149
f 118 149 150
f 119 150 151
f 120 151 152
f 121 152 153
f 122 153 154
f 123 154 155
f 125 156 157
f 126 157 158
f 127 158 159
f 128 159 160
f 129 160 161
f 130 161 162
f 131 162 163
f 132 163 164
f 133 164 165
f 134 165 166
f 135 166 167
f 136 167 168
f 137 168 169
f 138 169 170
f 139 170 171
f 140 171 172
f 141 172 173
f 142 173 174
f 143 174 175
f 144 175 176
f 145 176 177
f 146 177 178
f 147 178 179
f 148 179 180
f 149 180 181
f 150 181 182
f 151 182 183
f 152 183 184
f 153 184 185
f 154 185 186
f 156 187 188
f 157 188 189
f 158 189 190
f 159 190 191
f 160 191 192
f 161 192 193
f 162 193 194
f 163 194 195
f 164 195 196
f 165 196 197
f 166 197 198
f 167 198 199
f 168 199 200
f 169 200 201
f 170 201 202
f 171 202 203
f 172 203 204
f 173 204 205
f 174 205 206
f 175 206 207
f 176 207 208
f 177 208 209
f 178 209 210
f 179 210 211
f 180 211 212
f 181 212 213
f 182 213 214
f 183 214 215
f 184 215 216
f 185 216 217
f 187 218 219
f 188 219 220
f 189 220 221
f 190 221 222
f 191 222 223
f 192 223 224
f 193 224 225
f 194 225 226
f 195 226 227
f 196 227 228
f 197 228 229
f 198 229 230
f 199 230 231
f 200 231 232
f 201 232 233
f 202 233 234
f 203 234 235
f 204 235 236
f 205 236 237
f 206 237 238
f 207 238 239
f 208 239 240
f 209 240 241
f 210 241 242
f 211 242 243
f 212 243 244
f 213 244 245
f 214 245 246
f 215 246 247
f 216 247 248
f 218 249 250
f 219 250 251
f 220 251 252
f 221 252 253
f 222 253 254
f 223 254 255
f 224 255 256
f 225 256 257
f 226 257 258
f 227 258 259
f 228 259 260
f 229 260 261
f 230 261 262
f 231 262 263
f 232 263 264
f 233 264 265
f 234 265 266
f 235 266 267
f 236 267 268
f 237 268 269
f 238 269 270
f 239 270 271
f 240 271 272
f 241 272 273
f 242 273 274
f 243 274 275
f 244 275 276
f 245 276 277
f 246 277 278
f 247 278 279
f 249 280 281
f 250 281 282
f 251 282 283
f 252 283 284
f 253 284 285
f 254 285 286
f 255 286 287
f 256 287 288
f 257 288 289
f 258 289 290
f 259 290 291
f 260 291 292
f 261 292 293
f 262 293 294
f 263 294 295
f 264 295 296
f 265 296 297
f 266 297 298
f 267 298 299
f 268 299 300
f 269 300 301
f 270 301 302
f 271 302 303
f 272 303 304
f 273 304 305
f 274 305 306
f 275 306 307
f 276 307 308
f 277 308 309
f 278 309 310
f 280 311 312
f 281 312 313
f 282 313 314
f 283 314 315
f 284 315 316
f 285 316 317
f 286 317 318
f 287 318 319
f 288 319 320
f 289 320 321
f 290 321 322
f 291 322 323
f 292 323 324
f 293 324 325
f 294 325 326
f 295 326 327
f 296 327 328
f 297 328 329
f 298 329 330
f 299 330 331
f 300 331 332
f 301 332 333
f 302 333 334
f 303 334 335
f 304 335 336
f 305 336 337
f 306 337 338
f 307 338 339
f 308 339 340
f 309 340 341
f 311 342 343
f 312 343 344
f 313 344 345
f 314 345 346
f 315 346 347
f 316 347 348
f 317 348 349
f 318 349 350
f 319 350 351
f 320 351 352
f 321 352 353
f 322 353 354
f 323 354 355
f 324 355 356
f 325 356 357
f 326 357 358
f 327 358 359
f 328 359 360
f 329 360 361
f 330 361 362
f 331 362 363
f 332 363 364
f 333 364 365
f 334 365 366
f 335 366 367
f 336 367 368
f 337 368 369
f 338 369 370
f 339 370 371
f 340 371 372
f 342 373 374
f 343 374 375
f 344 375 376
f 345 376 377
f 346 377 378
f 347 378 379
f 348 379 380
f 349 380 381
f 350 381 382
f 351 382 383
f 352 383 384
f 353 384 385
f 354 385 386
f 355 386 387
f 356 387 388
f 357 388 389
f 358 389 390
f 359 390 391
f 360 391 392
f 361 392 393
f 362 393 394
f 363 394 395
f 364 395 396
f 365 396 397
f 366 397 398
f 367 398 399
f 368 399 400
f 369 400 401
f 370 401 402
f 371 402 403
f 373 404 405
f 374 405 406
f 375 406 407
f 376 407 408
f 377 408 409
f 378 409 410
f 379 410 411
f 380 411 412
f 381 412 413
f 382 413 414
f 383 414 415
f 384 415 416
f 385 416 417
f 386 417 418
f 387 418 419
f 388 419 420
f 389 420 421
f 390 421 422
f 391 422 423
f 392 423 424
f 393 424 425
f 394 425 426
f 395 426 427
f 396 427 428
f 397 428 429
f 398 429 430
f 399 430 431
f 400 431 432
f 401 432 433
f 402 433 434
f 404 435 436
f 405 436 437
f 406 437 438
f 407 438 439
f 408 439 440
f 409 440 441
f 410 441 442
f 411 442 443
f 412 443 444
f 413 444 445
f 414 445 446
f 415 446 447
f 416 447 448
f 417 448 449
f 418 449 450
f 419 450 451
f 420 451 452
f 421 452 453
f 422 453 454
f 423 454 455
f 424 455 456
f 425 456 457
f 426 457 458
f 427 458 459
f 428 459 460
f 429 460 461
f 430 461 462
f 431 462 463
f 432 463 464
f 433 464 465
f 435 466 467
f 436 467 468
f 437 468 469
f 438 469 470
f 439 470 471
f 440 471 472
f 441 472 473
f 442 473 474
f 443 474 475
f 444 475 476
f 445 476 477
f 446 477 478
f 447 478 479
f 448 479 480
f 449 480 481
f 450 481 482
f 451 482 483
f 452 483 484
f 453 484 485
f 454 485 486
f 455 486 487
f 456 487 488
f 457 488 489
f 458 489 490
f 459 490 491
f 460 491 492
f 461 492 493
f 462 493 494
f 463 494 495
f 464 495 496
f 466 497 498
f 467 498 499
f 468 499 500
f 469 500 501
f 470 501 502
f 471 502 503
f 472 503 504
f 473 504 505
f 474 505 506
f 475 506 507
f 476 507 508
f 477 508 509
f 478 509 510
f 479 510 511
f 480 511 512
f 481 512 513
f 482 513 514
f 483 514 515
f 484 515 516
f 485 516 517
f 486 517 518
f 487 518 519
f 488 519 520
f 489 520 521
f 490 521 522
f 491 522 523
f 492 523 524
f 493 524 525
f 494 525 526
f 495 526 527
f 497 528 529
f 498 529 530
f 499 530 531
f 500 531 532
f 501 532 533
f 502 533 534
f 503 534 535
f 504 535 536
f 505 536 537
f 506 537 538
f 507 538 539
f 508 539 540
f 509 540 541
f 510 541 542
f 511 542 543
f 512 543 544
f 513 544 545
f 514 545 546
f 515 546 547
f 516 547 548
f 517 548 549
f 518 549 550
f 519 550 551
f 520 551 552
f 521 552 553
f 522 553 554
f 523 554 555
f 524 555 556
f 525 556 557
f 526 557 558
f 528 559 560
f 529 560 561
f 530 561 562
f 531 562 563
f 532 563 564
f 533 564 565
f 534 565 566
f 535 566 567
f 536 567 568
f 537 568 569
f 538 569 570
f 539 570 571
f 540 571 572
f 541 572 573
f 542 573 574
f 543 574 575
f 544 575 576
f 545 576 577
f 546 577 578
f 547 578 579
f 548 579 580
f 549 580 581
f 550 581 582
f 551 582 583
f 552 583 584
f 553 584 585
f 554 585 586
f 555 586 587
f 556 587 588
f 557 588 589
f 559 590 591
f 560 591 592
f 561 592 593
f 562 593 594
f 563 594 595
f 564 595 596
f 565 596 597
f 566 597 598
f 567 598 599
f 568 599 600
f 569 600 601
f 570 601 602
f 571 602 603
f 572 603 604
f 573 604 605
f 574 605 606
f 575 606 607
f 576 607 608
f 577 608 609
f 578 609 610
f 579 610 611
f 580 611 612
f 581 612 613
f 582 613 614
f 583 614 615
f 584 615 616
f 585 616 617
f 586 617 618
f 587 618 619
f 588 619 620
f 590 621 622
f 591 622 623
f 592 623 624
f 593 624 625
f 594 625 626
f 595 626 627
f 596 627 628
f 597 628 629
f 598 629 630
f 599 630 631
f 600 631 632
f 601 632 633
f 602 633 634
f 603 634 635
f 604 635 636
f 605 636 637
f 606 637 638
f 607 638 639
f 608 639 640
f 609 640 641
f 610 641 642
f 611 642 643
f 612 643 644
f 613 644 645
f 614 645 646
f 615 646 647
f 616 647 648
f 617 648 649
f 618 649 650
f 619 650 651
f 621 652 653
f 622 653 654
f 623 654 655
f 624 655 656
f 625 656 657
f 626 657 658
f 627 658 659
f 628 659 660
f 629 660 661
f 630 661 662
f 631 662 663
f 632 663 664
f 633 664 665
f 634 665 666
f 635 666 667
f 636 667 668
f 637 668 669
f 638 669 670
f 639 670 671
f 640 671 672
f 641 672 673
f 642 673 674
f 643 674 675
f 644 675 676
f 645 676 677
f 646 677 678
f 647 678 679
f 648 679 680
f 649 680 681
f 650 681 682
f 652 683 684
f 653 684 685
f 654 685 686
f 655 686 687
f 656 687 688
f 657 688 689
f 658 689 690
f 659 690 691
f 660 691 692
f 661 692 693
f 662 693 694
f 663 694 695
f 664 695 696
f 665 696 697
f 666 697 698
f 667 698 699
f 668 699 700
f 669 700 701
f 670 701 702
f 671 702 703
f 672 703 704
f 673 704 705
f 674 705 706
f 675 706 707
f 676 707 708
f 677 708 709
f 678 709 710
f 679 710 711
f 680 711 712
f 681 712 713
f 683 714 715
f 684 715 716
f 685 716 717
f 686 717 718
f 687 718 719
f 688 719 720
f 689 720 721
f 690 721 722
f 691 722 723
f 692 723 724
f 693 724 725
f 694 725 726
f 695 726 727
f 696 727 728
f 697 728 729
f 698 729 730
f 699 730 731
f 700 731 732
f 701 732 733
f 702 733 734
f 703 734 735
f 704 735 736
f 705 736 737
f 706 737 738
f 707 738 739
f 708 739 740
f 709 740 741
f 710 741 742
f 711 742 743
f 712 743 744
f 714 745 746
f 715 746 747
f 716 747 748
f 717 748 749
f 718 749 750
f 719 750 751
f 720 751 752
f 721 752 753
f 722 753 754
f 723 754 755
f 724 755 756
f 725 756 757
f 726 757 758
f 727 758 759
f 728 759 760
f 729 760 761
f 730 761 762
f 731 762 763
f 732 763 764
f 733 764 765
f 734 765 766
f 735 766 767
f 736 767 768
f 737 768 769
f 738 769 770
f 739 770 771
f 740 771 772
f 741 772 773
f 742 773 774
f 743 774 775
f 745 776 777
f 746 777 778
f 747 778 779
f 748 779 780
f 749 780 781
f 750 781 782
f 751 782 783
f 752 783 784
f 753 784 785
f 754 785 786
f 755 786 787
f 756 787 788
f 757 788 789
f 758 789 790
f 759 790 791
f 760 791 792
f 761 792 793
f 762 793 794
f 763 794 795
f 764 795 796
f 765 796 797
f 766 797 798
f 767 798 799
f 768 799 800
f 769 800 801
f 770 801 802
f 771 802 803
f 772 803 804
f 773 804 805
f 774 805 806
f 776 807 808
f 777 808 809
f 778 809 810
f 779 810 811
f 780 811 812
f 781 812 813
f 782 813 814
f 783 814 815
f 784 815 816
f 785 816 817
f 786 817 818
f 787 818 819
f 788 819 820
f 789 820 821
f 790 821 822
f 791 822 823
f 792 823 824
f 793 824 825
f 794 825 826
f 795 826 827
f 796 827 828
f 797 828 829
f 798 829 830
f 799 830 831
f 800 831 832
f 801 832 833
f 802 833 834
f 803 834 835
f 804 835 836
f 805 836 837
f 807 838 839
f 808 839 840
f 809 840 841
f 810 841 842
f 811 842 843
f 812 843 844
f 813 844 845
f 814 845 846
f 815 846 847
f 816 847 848
f 817 848 849
f 818 849 850
f 819 850 851
f 820 851 852
f 821 852 853
f 822 853 854
f 823 854 855
f 824 855 856
f 825 856 857
f 826 857 858
f 827 858 859
f 828 859 860
f 829 860 861
f 830 861 862
f 831 862 863
f 832 863 864
f 833 864 865
f 834 865 866
f 835 866 867
f 836 867 868
f 838 869 870
f 839 870 871
f 840 871 872
f 841 872 873
f 842 873 874
f 843 874 875
f 844 875 876
f 845 876 877
f 846 877 878
f 847 878 879
f 848 879 880
f 849 880 881
f 850 881 882
f 851 882 883
f 852 883 884
f 853 884 885
f 854 885 886
f 855 886 887
f 856 887 888
f 857 888 889
f 858 889 890
f 859 890 891
f 860 891 892
f 861 892 893
f 862 893 894
f 863 894 895
f 864 895 896
f 865 896 897
f 866 897 898
f 867 898 899
f 869 900 901
f 870 901 902
f 871 902 903
f 872 903 904
f 873 904 905
f 874 905 906
f 875 906 907
f 876 907 908
f 877 908 909
f 878 909 910
f 879 910 911
f 880 911 912
f 881 912 913
f 882 913 914
f 883 914 915
f 884 915 916
f 885 916 917
f 886 917 918
f 887 918 919
f 888 919 920
f 889 920 921
f 890 921 922
f 891 922 923
f 892 923 924
f 893 924 925
f 894 925 926
f 895 926 927
f 896 927 928
f 897 928 929
f 898 929 930
f 900 931 932
f 901 932 933
f 902 933 934
f 903 934 935
f 904 935 936
f 905 936 937
f 906 937 938
f 907 938 939
f 908 939 940
f 909 940 941
f 910 941 942
f 911 942 943
f 912 943 944
f 913 944 945
f 914 945 946
f 915 946 947
f 916 947 948
f 917 948 949
f 918 949 950
f 919 950 951
f 920 951 952
f 921 952 953
f 922 953 954
f 923 954 955
f 924 955 956
f 925 956 957
f 926 957 958
f 927 958 959
f 928 959 960
f 929 960 961
f 931 962 963
f 932 963 964
f 933 964 965
f 934 965 966
f 935 966 967
f 936 967 968
f 937 968 969
f 938 969 970
f 939 970 971
f 940 971 972
f 941 972 973
f 942 973 974
f 943 974 975
f 944 975 976
f 945 976 977
f 946 977 978
f 947 978 979
f 948 979 980
f 949 980 981
f 950 981 982
f 951 982 983
f 952 983 984
f 953 984 985
f 954 985 986
f 955 986 987
f 956 987 988
f 957 988 989
f 958 989 990
f 959 990 991
f 960 991 992
f 962 993 994
f 963 994 995
f 964 995 996
f 965 996 997
f 966 997 998
f 967 998 999
f 968 999 1000
f 969 1000 1001
f 970 1001 1002
f 971 1002 1003
f 972 1003 1004
f 973 1004 1005
f 974 1005 1006
f 975 1006 1007
f 976 1007 1008
f 977 1008 1009
f 978 1009 1010
f 979 1010 1011
f 980 1011 1012
f 981 1012 1013
f 982 1013 1014
f 983 1014 1015
f 984 1015 1016
f 985 1016 1017
f 986 1017 1018
f 987 1018 1019
f 988 1019 1020
f 989 1020 1021
f 990 1021 1022
f 991 1022 1023
f 993 1024 1025
f 994 1025 1026
f 995 1026 1027
f 996 1027 1028
f 997 1028 1029
f 998 1029 1030
f 999 1030 1031
f 1000 1031 1032
f 1001 1032 1033
f 1002 1033 1034
f 1003 1034 1035
f 1004 1035 1036
f 1005 1036 1037
f 1006 1037 1038
f 1007 1038 1039
f 1008 1039 1040
f 1009 1040 1041
f 1010 1041 1042
f 1011 1042 1043
f 1012 1043 1044
f 1013 1044 1045
f 1014 1045 1046
f 1015 1046 1047
f 1016 1047 1048
f 1017 1048 1049
f 1018 1049 1050
f 1019 1050 1051
f 1020 1051 1052
f 1021 1052 1053
f 1022 1053 1054
f 1024 1055 1056
f 1025 1056 1057
f 1026 1057 1058
f 1027 1058 1059
f 1028 1059 1060
f 1029 1060 1061
f 1030 1061 1062
f 1031 1062 1063
f 1032 1063 1064
f 1033 1064 1065
f 1034 1065 1066
f 1035 1066 1067
f 1036 1067 1068
f 1037 1068 1069
f 1038 1069 1070
f 1039 1070 1071
f 1040 1071 1072
f 1041 1072 1073
f 1042 1073 1074
f 1043 1074 1075
f 1044 1075 1076
f 1045 1076 1077
f 1046 1077 1078
f 1047 1078 1079
f 1048 1079 1080
f 1049 1080 1081
f 1050 1081 1082
f 1051 1082 1083
f 1052 1083 1084
f 1053 1084 1085
f 1055 1086 1087
f 1056 1087 1088
f 1057 1088 1089
f 1058 1089 1090
f 1059 1090 1091
f 1060 1091 1092
f 1061 1092 1093
f 1062 1093 1094
f 1063 1094 1095
f 1064 1095 1096
f 1065 1096 1097
f 1066 1097 1098
f 1067 1098 1099
f 1068 1099 1100
f 1069 1100 1101
f 1070 1101 1102
f 1071 1102 1103
f 1072 1103 1104
f 1073 1104 1105
f 1074 1105 1106
f 1075 1106 1107
f 1076 1107 1108
f 1077 1108 1109
f 1078 1109 1110
f 1079 1110 1111
f 1080 1111 1112
f 1081 1112 1113
f 1082 1113 1114
f 1083 1114 1115
f 1084 1115 1116
f 1086 1117 1118
f 1087 1118 1119
f 1088 1119 1120
f 1089 1120 1121
f 1090 1121 1122
f 1091 1122 1123
f 1092 1123 1124
f 1093 1124 1125
f 1094 1125 1126
f 1095 1126 1127
f 1096 1127 1128
f 1097 1128 1129
f 1098 1129 1130
f 1099 1130 1131
f 1100 1131 1132
f 1101 1132 1133
f 1102 1133 1134
f 1103 1134 1135
f 1104 1135 1136
f 1105 1136 1137
f 1106 1137 1138
f 1107 1138 1139
f 1108 1139 1140
f 1109 1140 1141
f 1110 1141 1142
f 1111 1142 1143
f 1112 1143 1144
f 1113 1144 1145
f 1114 1145 1146
f 1115 1146 1147
f 1117 1148 1149
f 1118 1149 1150
f 1119 1150 1151
f 1120 1151 1152
f 1121 1152 1153
f 1122 1153 1154
f 1123 1154 1155
f 1124 1155 1156
f 1125 1156 1157
f 1126 1157 1158
f 1127 1158 1159
f 1128 1159 1160
f 1129 1160 1161
f 1130 1161 1162
f 1131 1162 1163
f 1132 1163 1164
f 1133 1164 1165
f 1134 1165 1166
f 1135 1166 1167
f 1136 1167 1168
f 1137 1168 1169
f 1138 1169 1170
f 1139 1170 1171
f 1140 1171 1172
f 1141 1172 1173
f 1142 1173 1174
f 1143 1174 1175
f 1144 1175 1176
f 1145 1176 1177
f 1146 1177 1178
f 1148 1179 1180
f 1149 1180 1181
f 1150 1181 1182
f 1151 1182 1183
f 1152 1183 1184
f 1153 1184 1185
f 1154 1185 1186
f 1155 1186 1187
f 1156 1187 1188
f 1157 1188 1189
f 1158 1189 1190
f 1159 1190 1191
f 1160 1191 1192
f 1161 1192 1193
f 1162 1193 1194
f 1163 1194 1195
f 1164 1195 1196
f 1165 1196 1197
f 1166 1197 1198
f 1167 1198 1199
f 1168 1199 1200
f 1169 1200 1201
f 1170 1201 1202
f 1171 1202 1203
f 1172 1203 1204
f 1173 1204 1205
f 1174 1205 1206
f 1175 1206 1207
f 1176 1207 1208
f 1177 1208 1209
f 1179 1210 1211
f 1180 1211 1212
f 1181 1212 1213
f 1182 1213 1214
f 1183 1214 1215
f 1184 1215 1216
f 1185 1216 1217
f 1186 1217 1218
f 1187 1218 1219
f 1188 1219 1220
f 1189 1220 1221
f 1190 1221 1222
f 1191 1222 1223
f 1192 1223 1224
f 1193 1224 1225
f 1194 1225 1226
f 1195 1226 1227
f 1196 1227 1228
f 1197 1228 1229
f 1198 1229 1230
f 1199 1230 1231
f 1200 1231 1232
f 1201 1232 1233
f 1202 1233 1234
f 1203 1234 1235
f 1204 1235 1236
f 1205 1236 1237
f 1206 1237 1238
f 1207 1238 1239
f 1208 1239 1240
f 1210 1241 1242
f 1211 1242 1243
f 1212 1243 1244
f 1213 1244 1245
f 1214 1245 1246
f 1215 1246 1247
f 1216 1247 1248
f 1217 1248 1249
f 1218 1249 1250
f 1219 1250 1251
f 1220 1251 1252
f 1221 1252 1253
f 1222 1253 1254
f 1223 1254 1255
f 1224 1255 1256
f 1225 1256 1257
f 1226 1257 1258
f 1227 1258 1259
f 1228 1259 1260
f 1229 1260 1261
f 1230 1261 1262
f 1231 1262 1263
f 1232 1263 1264
f 1233 1264 1265
f 1234 1265 1266
f 1235 1266 1267
f 1236 1267 1268
f 1237 1268 1269
f 1238 1269 1270
f 1239 1270 1271
f 1241 1272 1273
f 1242 1273 1274
f 1243 1274 1275
f 1244 1275 1276
f 1245 1276 1277
f 1246 1277 1278
f 1247 1278 1279
f 1248 1279 1280
f 1249 1280 1281
f 1250 1281 1282
f 1251 1282 1283
f 1252 1283 1284
f 1253 1284 1285
f 1254 1285 1286
f 1255 1286 1287
f 1256 1287 1288
f 1257 1288 1289
f 1258 1289 1290
f 1259 1290 1291
f 1260 1291 1292
f 1261 1292 1293
f 1262 1293 1294
f 1263 1294 1295
f 1264 1295 1296
f 1265 1296 1297
f 1266 1297 1298
f 1267 1298 1299
f 1268 1299 1300
f 1269 1300 1301
f 1270 1301 1302
f 1272 1303 1304
f 1273 1304 1305
f 1274 1305 1306
f 1275 1306 1307
f 1276 1307 1308
f 1277 1308 1309
f 1278 1309 1310
f 1279 1310 1311
f 1280 1311 1312
f 1281 1312 1313
f 1282 1313 1314
f 1283 1314 1315
f 1284 1315 1316
f 1285 1316 1317
f 1286 1317 1318
f 1287 1318 1319
f 1288 1319 1320
f 1289 1320 1321
f 1290 1321 1322
f 1291 1322 1323
f 1292 1323 1324
f 1293 1324 1325
f 1294 1325 1326
f 1295 1326 1327
f 1296 1327 1328
f 1297 1328 1329
f 1298 1329 1330
f 1299 1330 1331
f 1300 1331 1332
f 1301 1332 1333
f 1303 1334 1335
f 1304 1335 1336
f 1305 1336 1337
f 1306 1337 1338
f 1307 1338 1339
f 1308 1339 1340
f 1309 1340 1341
f 1310 1341 1342
f 1311 1342 1343
f 1312 1343 1344
f 1313 1344 1345
f 1314 1345 1346
f 1315 1346 1347
f 1316 1347 1348
f 1317 1348 1349
f 1318 1349 1350
f 1319 1350 1351
f 1320 1351 1352
f 1321 1352 1353
f 1322 1353 1354
f 1323 1354 1355
f 1324 1355 1356
f 1325 1356 1357
f 1326 1357 1358
f 1327 1358 1359
f 1328 1359 1360
f 1329 1360 1361
f 1330 1361 1362
f 1331 1362 1363
f 1332 1363 1364
f 1334 1365 1366
f 1335 1366 1367
f 1336 1367 1368
f 1337 1368 1369
f 1338 1369 1370
f 1339 1370 1371
f 1340 1371 1372
f 1341 1372 1373
f 1342 1373 1374
f 1343 1374 1375
f 1344 1375 1376
f 1345 1376 1377
f 1346 1377 1378
f 1347 1378 1379
f 1348 1379 1380
f 1349 1380 1381
f 1350 1381 1382
f 1351 1382 1383
f 1352 1383 1384
f 1353 1384 1385
f 1354 1385 1386
f 1355 1386 1387
f 1356 1387 1388
f 1357 1388 1389
f 1358 1389 1390
f 1359 1390 1391
f 1360 1391 1392
f 1361 1392 1393
f 1362 1393 1394
f 1363 1394 1395
f 1365 1396 1397
f 1366 1397 1398
f 1367 1398 1399
f 1368 1399 1400
f 1369 1400 1401
f 1370 1401 1402
f 1371 1402 1403
f 1372 1403 1404
f 1373 1404 1405
f 1374 1405 1406
f 1375 1406 1407
f 1376 1407 1408
f 1377 1408 1409
f 1378 1409 1410
f 1379 1410 1411
f 1380 1411 1412
f 1381 1412 1413
f 1382 1413 1414
f 1383 1414 1415
f 1384 1415 1416
f 1385 1416 1417
f 1386 1417 1418
f 1387 1418 1419
f 1388 1419 1420
f 1389 1420 1421
f 1390 1421 1422
f 1391 1422 1423
f 1392 1423 1424
f 1393 1424 1425
f 1394 1425 1426
f 1396 1427 1428
f 1397 1428 1429
f 1398 1429 1430
f 1399 1430 1431
f 1400 1431 1432
f 1401 1432 1433
f 1402 1433 1434
f 1403 1434 1435
f 1404 1435 1436
f 1405 1436 1437
f 1406 1437 1438
f 1407 1438 1439
f 1408 1439 1440
f 1409 1440 1441
f 1410 1441 1442
f 1411 1442 1443
f 1412 1443 1444
f 1413 1444 1445
f 1414 1445 1446
f 1415 1446 1447
f 1416 1447 1448
f 1417 1448 1449
f 1418 1449 1450
f 1419 1450 1451
f 1420 1451 1452
f 1421 1452 1453
f 1422 1453 1454
f 1423 1454 1455
f 1424 1455 1456
f 1425 1456 1457
f 1427 1458 1459
f 1428 1459 1460
f 1429 1460 1461
f 1430 1461 1462
f 1431 1462 1463
f 1432 1463 1464
f 1433 1464 1465
f 1434 1465 1466
f 1435 1466 1467
f 1436 1467 1468
f 1437 1468 1469
f 1438 1469 1470
f 1439 1470 1471
f 1440 1471 1472
f 1441 1472 1473
f 1442 1473 1474
f 1443 1474 1475
f 1444 1475 1476
f 1445 1476 1477
f 1446 1477 1478
f 1447 1478 1479
f 1448 1479 1480
f 1449 1480 1481
f 1450 1481 1482
f 1451 1482 1483
f 1452 1483 1484
f 1453 1484 1485
f 1454 1485 1486
f 1455 1486 1487
f 1456 1487 1488
f 1458 1489 1490
f 1459 1490 1491
f 1460 1491 1492
f 1461 1492 1493
f 1462 1493 1494
f 1463 1494 1495
f 1464 1495 1496
f 1465 1496 1497
f 1466 1497 1498
f 1467 1498 1499
f 1468 1499 1500
f 1469 1500 1501
f 1470 1501 1502
f 1471 1502 1503
f 1472 1503 1504
f 1473 1504 1505
f 1474 1505 1506
f 1475 1506 1507
f 1476 1507 1508
f 1477 1508 1509
f 1478 1509 1510
f 1479 1510 1511
f 1480 1511 1512
f 1481 1512 1513
f 1482 1513 1514
f 1483 1514 1515
f 1484 1515 1516
f 1485 1516 1517
f 1486 1517 1518
f 1487 1518 1519
f 1489 1520 1521
f 1490 1521 1522
f 1491 1522 1523
f 1492 1523 1524
f 1493 1524 1525
f 1494 1525 1526
f 1495 1526 1527
f 1496 1527 1528
f 1497 1528 1529
f 1498 1529 1530
f 1499 1530 1531
f 1500 1531 1532
f 1501 1532 1533
f 1502 1533 1534
f 1503 1534 1535
f 1504 1535 1536
f 1505 1536 1537
f 1506 1537 1538
f 1507 1538 1539
f 1508 1539 1540
f 1509 1540 1541
f 1510 1541 1542
f 1511 1542 1543
f 1512 1543 1544
f 1513 1544 1545
f 1514 1545 1546
f 1515 1546 1547
f 1516 1547 1548
f 1517 1548 1549
f 1518 1549 1550
f 1520 1551 1552
f 1521 1552 1553
f 1522 1553 1554
f 1523 1554 1555
f 1524 1555 1556
f 1525 1556 1557
f 1526 1557 1558
f 1527 1558 1559
f 1528 1559 1560
f 1529 1560 1561
f 1530 1561 1562
f 1531 1562 1563
f 1532 1563 1564
f 1533 1564 1565
f 1534 1565 1566
f 1535 1566 1567
f 1536 1567 1568
f 1537 1568 1569
f 1538 1569 1570
f 1539 1570 1571
f 1540 1571 1572
f 1541 1572 1573
f 1542 1573 1574
f 1543 1574 1575
f 1544 1575 1576
f 1545 1576 1577
f 1546 1577 1578
f 1547 1578 1579
f 1548 1579 1580
f 1549 1580 1581
f 1551 1582 1583
f 1552 1583 1584
f 1553 1584 1585
f 1554 1585 1586
f 1555 1586 1587
f 1556 1587 1588
f 1557 1588 1589
f 1558 1589 1590
f 1559 1590 1591
f 1560 1591 1592
f 1561 1592 1593
f 1562 1593 1594
f 1563 1594 1595
f 1564 1595 1596
f 1565 1596 1597
f 1566 1597 1598
f 1567 1598 1599
f 1568 1599 1600
f 1569 1600 1601
f 1570 1601 1602
f 1571 1602 1603
f 1572 1603 1604
f 1573 1604 1605
f 1574 1605 1606
f 1575 1606 1607
f 1576 1607 1608
f 1577 1608 1609
f 1578 1609 1610
f 1579 1610 1611
f 1580 1611 1612
f 1582 1613 1614
f 1583 1614 1615
f 1584 1615 1616
f 1585 1616 1617
f 1586 1617 1618
f 1587 1618 1619
f 1588 1619 1620
f 1589 1620 1621
f 1590 1621 1622
f 1591 1622 1623
f 1592 1623 1624
f 1593 1624 1625
f 1594 1625 1626
f 1595 1626 1627
f 1596 1627 1628
f 1597 1628 1629
f 1598 1629 1630
f 1599 1630 1631
f 1600 1631 1632
f 1601 1632 1633
f 1602 1633 1634
f 1603 1634 1635
f 1604 1635 1636
f 1605 1636 1637
f 1606 1637 1638
f 1607 1638 1639
f 1608 1639 1640
f 1609 1640 1641
f 1610 1641 1642
f 1611 1642 1643
f 1613 1644 1645
f 1614 1645 1646
f 1615 1646 1647
f 1616 1647 1648
f 1617 1648 1649
f 1618 1649 1650
f 1619 1650 1651
f 1620 1651 1652
f 1621 1652 1653
f 1622 1653 1654
f 1623 1654 1655
f 1624 1655 1656
f 1625 1656 1657
f 1626 1657 1658
f 1627 1658 1659
f 1628 1659 1660
f 1629 1660 1661
f 1630 1661 1662
f 1631 1662 1663
f 1632 1663 1664
f 1633 1664 1665
f 1634 1665 1666
f 1635 1666 1667
f 1636 1667 1668
f 1637 1668 1669
f 1638 1669 1670
f 1639 1670 1671
f 1640 1671 1672
f 1641 1672 1673
f 1642 1673 1674
f 1644 1675 1676
f 1645 1676 1677
f 1646 1677 1678
f 1647 1678 1679
f 1648 1679 1680
f 1649 1680 1681
f 1650 1681 1682
f 1651 1682 1683
f 1652 1683 1684
f 1653 1684 1685
f 1654 1685 1686
f 1655 1686 1687
f 1656 1687 1688
f 1657 1688 1689
f 1658 1689 1690
f 1659 1690 1691
f 1660 1691 1692
f 1661 1692 1693
f 1662 1693 1694
f 1663 1694 1695
f 1664 1695 1696
f 1665 1696 1697
f 1666 1697 1698
f 1667 1698 1699
f 1668 1699 1700
f 1669 1700 1701
f 1670 1701 1702
f 1671 1702 1703
f 1672 1703 1704
f 1673 1704 1705
f 1675 1706 1707
f 1676 1707 1708
f 1677 1708 1709
f 1678 1709 1710
f 1679 1710 1711
f 1680 1711 1712
f 1681 1712 1713
f 1682 1713 1714
f 1683 1714 1715
f 1684 1715 1716
f 1685 1716 1717
f 1686 1717 1718
f 1687 1718 1719
f 1688 1719 1720
f 1689 1720 1721
f 1690 1721 1722
f 1691 1722 1723
f 1692 1723 1724
f 1693 1724 1725
f 1694 1725 1726
f 1695 1726 1727
f 1696 1727 1728
f 1697 1728 1729
f 1698 1729 1730
f 1699 1730 1731
f 1700 1731 1732
f 1701 1732 1733
f 1702 1733 1734
f 1703 1734 1735
f 1704 1735 1736
f 1706 1737 1738
f 1707 1738 1739
f 1708 1739 1740
f 1709 1740 1741
f 1710 1741 1742
f 1711 1742 1743
f 1712 1743 1744
f 1713 1744 1745
f 1714 1745 1746
f 1715 1746 1747
f 1716 1747 1748
f 1717 1748 1749
f 1718 1749 1750
f 1719 1750 1751
f 1720 1751 1752
f 1721 1752 1753
f 1722 1753 1754
f 1723 1754 1755
f 1724 1755 1756
f 1725 1756 1757
f 1726 1757 1758
f 1727 1758 1759
f 1728 1759 1760
f 1729 1760 1761
f 1730 1761 1762
f 1731 1762 1763
f 1732 1763 1764
f 1733 1764 1765
f 1734 1765 1766
f 1735 1766 1767
f 1737 1768 1769
f 1738 1769 1770
f 1739 1770 1771
f 1740 1771 1772
f 1741 1772 1773
f 1742 1773 1774
f 1743 1774 1775
f 1744 1775 1776
f 1745 1776 1777
f 1746 1777 1778
f 1747 1778 1779
f 1748 1779 1780
f 1749 1780 1781
f 1750 1781 1782
f 1751 1782 1783
f 1752 1783 1784
f 1753 1784 1785
f 1754 1785 1786
f 1755 1786 1787
f 1756 1787 1788
f 1757 1788 1789
f 1758 1789 1790
f 1759 1790 1791
f 1760 1791 1792
f 1761 1792 1793
f 1762 1793 1794
f 1763 1794 1795
f 1764 1795 1796
f 1765 1796 1797
f 1766 1797 1798
f 1768 1799 1800
f 1769 1800 1801
f 1770 1801 1802
f 1771 1802 1803
f 1772 1803 1804
f 1773 1804 1805
f 1774 1805 1806
f 1775 1806 1807
f 1776 1807 1808
f 1777 1808 1809
f 1778 1809 1810
f 1779 1810 1811
f 1780 1811 1812
f 1781 1812 1813
f 1782 1813 1814
f 1783 1814 1815
f 1784 1815 1816
f 1785 1816 1817
f 1786 1817 1818
f 1787 1818 1819
f 1788 1819 1820
f 1789 1820 1821
f 1790 1821 1822
f 1791 1822 1823
f 1792 1823 1824
f 1793 1824 1825
f 1794 1825 1826
f 1795 1826 1827
f 1796 1827 1828
f 1797 1828 1829
f 1799 1830 1831
f 1800 1831 1832
f 1801 1832 1833
f 1802 1833 1834
f 1803 1834 1835
f 1804 1835 1836
f 1805 1836 1837
f 1806 1837 1838
f 1807 1838 1839
f 1808 1839 1840
f 1809 1840 1841
f 1810 1841 1842
f 1811 1842 1843
f 1812 1843 1844
f 1813 1844 1845
f 1814 1845 1846
f 1815 1846 1847
f 1816 1847 1848
f 1817 1848 1849
f 1818 1849 1850
f 1819 1850 1851
f 1820 1851 1852
f 1821 1852 1853
f 1822 1853 1854
f 1823 1854 1855
f 1824 1855 1856
f 1825 1856 1857
f 1826 1857 1858
f 1827 1858 1859
f 1828 1859 1860
f 1830 1861 1862
f 1831 1862 1863
f 1832 1863 1864
f 1833 1864 1865
f 1834 1865 1866
f 1835 1866 1867
f 1836 1867 1868
f 1837 1868 1869
f 1838 1869 1870
f 1839 1870 1871
f 1840 1871 1872
f 1841 1872 1873
f 1842 1873 1874
f 1843 1874 1875
f 1844 1875 1876
f 1845 1876 1877
f 1846 1877 1878
f 1847 1878 1879
f 1848 1879 1880
f 1849 1880 1881
f 1850 1881 1882
f 1851 1882 1883
f 1852 1883 1884
f 1853 1884 1885
f 1854 1885 1886
f 1855 1886 1887
f 1856 1887 1888
f 1857 1888 1889
f 1858 1889 1890
f 1859 1890 1891
f 1 33 2
f 2 34 3
f 3 35 4
f 4 36 5
f 5 37 6
f 6 38 7
f 7 39 8
f 8 40 9
f 9 41 10
f 10 42 11
f 11 43 12
f 12 44 13
f 13 45 14
f 14 46 15
f 15 47 16
f 16 48 17
f 17 49 18
f 18 50 19
f 19 51 20
f 20 52 21
f 21 53 22
f 22 54 23
f 23 55 24
f 24 56 25
f 25 57 26
f 26 58 27
f 27 59 28
f 28 60 29
f 29 61 30
f 30 62 31
f 32 64 33
f 33 65 34
f 34 66 35
f 35 67 36
f 36 68 37
f 37 69 38
f 38 70 39
f 39 71 40
f 40 72 41
f 41 73 42
f 42 74 43
f 43 75 44
f 44 76 45
f 45 77 46
f 46 78 47
f 47 79 48
f 48 80 49
f 49 81 50
f 50 82 51
f 51 83 52
f 52 84 53
f 53 85 54
f 54 86 55
f 55 87 56
f 56 88 57
f 57 89 58
f 58 90 59
f 59 91 60
f 60 92 61
f 61 93 62
f 63 95 64
f 64 96 65
f 65 97 66
f 66 98 67
f 67 99 68
f 68 100 69
f 69 101 70
f 70 102 71
f 71 103 72
f 72 104 73
f 73 105 74
f 74 106 75
f 75 107 76
f 76 108 77
f 77 109 78
f 78 110 79
f 79 111 80
f 80 112 81
f 81 113 82
f 82 114 83
f 83 115 84
f 84 116 85
f 85 117 86
f 86 118 87
f 87 119 88
f 88 120 89
f 89 121 90
f 90 122 91
f 91 123 92
f 92 124 93
f 94 126 95
f 95 127 96
f 96 128 97
f 97 129 98
f 98 130 99
f 99 131 100
f 100 132 101
f 101 133 102
f 102 134 103
f 103 135 104
f 104 136 105
f 105 137 106
f 106 138 107
f 107 139 108
f 108 140 109
f 109 141 110
f 110 142 111
f 111 143 112
f 112 144 113
f 113 145 114
f 114 146 115
f 115 147 116
f 116 148 117
f 117 149 118
f 118 150 119
f 119 151 120
f 120 152 121
f 121 153 122
f 122 154 123
f 123 155 124
f 125 157 126
f 126 158 127
f 127 159 128
f 128 160 129
f 129 161 130
f 130 162 131
f 131 163 132
f 132 164 133
f 133 165 134
f 134 166 135
f 135 167 136
f 136 168 137
f 137 169 138
f 138 170 139
f 139 171 140
f 140 172 141
f 141 173 142
f 142 174 143
f 143 175 144
f 144 176 145
f 145 177 146
f 146 178 147
f 147 179 148
f 148 180 149
f 149 181 150
f 150 182 151
f 151 183 152
f 152 184 153
f 153 185 154
f 154 186 155
f 156 188 157
f 157 189 158
f 158 190 159
f 159 191 160
f 160 192 161
f 161 193 162
f 162 194 163
f 163 195 164
f 164 196 165
f 165 197 166
f 166 198 167
f 167 199 168
f 168 200 169
f 169 201 170
f 170 202 171
f 171 203 172
f 172 204 173
f 173 205 174
f 174 206 175
f 175 207 176
f 176 208 177
f 177 209 178
f 178 210 179
f 179 211 180
f 180 212 181
f 181 213 182
f 182 214 183
f 183 215 184
f 184 216 185
f 185 217 186
f 187 219 188
f 188 220 189
f 189 221 190
f 190 222 191
f 191 223 192
f 192 224 193
f 193 225 194
f 194 226 195
f 195 227 196
f 196 228 197
f 197 229 198
f 198 230 199
f 199 231 200
f 200 232 201
f 201 233 202
f 202 234 203
f 203 235 204
f 204 236 205
f 205 237 206
f 206 238 207
f 207 239 208
f 208 240 209
f 209 241 210
f 210 242 211
f 211 243 212
f 212 244 213
f 213 245 214
f 214 246 215
f 215 247 216
f 216 248 217
f 218 250 219
f 219 251 220
f 220 252 221
f 221 253 222
f 222 254 223
f 223 255 224
f 224 256 225
f 225 257 226
f 226 258 227
f 227 259 228
f 228 260 229
f 229 261 230
f 230 262 231
f 231 263 232
f 232 264 233
f 233 265 234
f 234 266 235
f 235 267 236
f 236 268 237
f 237 269 238
f 238 270 239
f 239 271 240
f 240 272 241
f 241 273 242
f 242 274 243
f 243 275 244
f 244 276 245
f 245 277 246
f 246 278 247
f 247 279 248
f 249 281 250
f 250 282 251
f 251 283 252
f 252 284 253
f 253 285 254
f 254 286 255
f 255 287 256
f 256 288 257
f 257 289 258
f 258 290 259
f 259 291 260
f 260 292 261
f 261 293 262
f 262 294 263
f 263 295 264
f 264 296 265
f 265 297 266
f 266 298 267
f 267 299 268
f 268 300 269
f 269 301 270
f 270 302 271
f 271 303 272
f 272 304 273
f 273 305 274
f 274 306 275
f 275 307 276
f 276 308 277
f 277 309 278
f 278 310 279
f 280 312 281
f 281 313 282
f 282 314 283
f 283 315 284
f 284 316 285
f 285 317 286
f 286 318 287
f 287 319 288
f 288 320 289
f 289 321 290
f 290 322 291
f 291 323 292
f 292 324 293
f 293 325 294
f 294 326 295
f 295 327 296
f 296 328 297
f 297 329 298
f 298 330 299
f 299 331 300
f 300 332 301
f 301 333 302
f 302 334 303
f 303 335 304
f 304 336 305
f 305 337 306
f 306 338 307
f 307 339 308
f 308 340 309
f 309 341 310
f 311 343 312
f 312 344 313
f 313 345 314
f 314 346 315
f 315 347 316
f 316 348 317
f 317 349 318
f 318 350 319
f 319 351 320
f 320 352 321
f 321 353 322
f 322 354 323
f 323 355 324
f 324 356 325
f 325 357 326
f 326 358 327
f 327 359 328
f 328 360 329
f 329 361 330
f 330 362 331
f 331 363 332
f 332 364 333
f 333 365 334
f 334 366 335
f 335 367 336
f 336 368 337
f 337 369 338
f 338 370 339
f 339 371 340
f 340 372 341
f 342 374 343
f 343 375 344
f 344 376 345
f 345 377 346
f 346 378 347
f 347 379 348
f 348 380 349
f 349 381 350
f 350 382 351
f 351 383 352
f 352 384 353
f 353 385 354
f 354 386 355
f 355 387 356
f 356 388 357
f 357 389 358
f 358 390 359
f 359 391 360
f 360 392 361
f 361 393 362
f 362 394 363
f 363 395 364
f 364 396 365
f 365 397 366
f 366 398 367
f 367 399 368
f 368 400 369
f 369 401 370
f 370 402 371
f 371 403 372
f 373 405 374
f 374 406 375
f 375 407 376
f 376 408 377
f 377 409 378
f 378 410 379
f 379 411 380
f 380 412 381
f 381 413 382
f 382 414 383
f 383 415 384
f 384 416 385
f 385 417 386
f 386 418 387
f 387 419 388
f 388 420 389
f 389 421 390
f 390 422 391
f 391 423 392
f 392 424 393
f 393 425 394
f 394 426 395
f 395 427 396
f 396 428 397
f 397 429 398
f 398 430 399
f 399 431 400
f 400 432 401
f 401 433 402
f 402 434 403
f 404 436 405
f 405 437 406
f 406 438 407
f 407 439 408
f 408 440 409
f 409 441 410
f 410 442 411
f 411 443 412
f 412 444 413
f 413 445 414
f 414 446 415
f 415 447 416
f 416 448 417
f 417 449 418
f 418 450 419
f 419 451 420
f 420 452 421
f 421 453 422
f 422 454 423
f 423 455 424
f 424 456 425
f 425 457 426
f 426 458 427
f 427 459 428
f 428 460 429
f 429 461 430
f 430 462 431
f 431 463 432
f 432 464 433
f 433 465 434
f 435 467 436
f 436 468 437
f 437 469 438
f 438 470 439
f 439 471 440
f 440 472 441
f 441 473 442
f 442 474 443
f 443 475 444
f 444 476 445
f 445 477 446
f 446 478 447
f 447 479 448
f 448 480 449
f 449 481 450
f 450 482 451
f 451 483 452
f 452 484 453
f 453 485 454
f 454 486 455
f 455 487 456
f 456 488 457
f 457 489 458
f 458 490 459
f 459 491 460
f 460 492 461
f 461 493 462
f 462 494 463
f 463 495 464
f 464 496 465
f 466 498 467
f 467 499 468
f 468 500 469
f 469 501 470
f 470 502 471
f 471 503 472
f 472 504 473
f 473 505 474
f 474 506 475
f 475 507 476
f 476 508 477
f 477 509 478
f 478 510 479
f 479 511 480
f 480 512 481
f 481 513 482
f 482 514 483
f 483 515 484
f 484 516 485
f 485 517 486
f 486 518 487
f 487 519 488
f 488 520 489
f 489 521 490
f 490 522 491
f 491 523 492
f 492 524 493
f 493 525 494
f 494 526 495
f 495 527 496
f 497 529 498
f 498 530 499
f 499 531 500
f 500 532 501
f 501 533 502
f 502 534 503
f 503 535 504
f 504 536 505
f 505 537 506
f 506 538 507
f 507 539 508
f 508 540 509
f 509 541 510
f 510 542 511
f 511 543 512
f 512 544 513
f 513 545 514
f 514 546 515
f 515 547 516
f 516 548 517
f 517 549 518
f 518 550 519
f 519 551 520
f 520 552 521
f 521 553 522
f 522 554 523
f 523 555 524
f 524 556 525
f 525 557 526
f 526 558 527
f 528 560 529
f 529 561 530
f 530 562 531
f 531 563 532
f 532 564 533
f 533 565 534
f 534 566 535
f 535 567 536
f 536 568 537
f 537 569 538
f 538 570 539
f 539 571 540
f 540 572 541
f 541 573 542
f 542 574 543
f 543 575 544
f 544 576 545
f 545 577 546
f 546 578 547
f 547 579 548
f 548 580 549
f 549 581 550
f 550 582 551
f 551 583 552
f 552 584 553
f 553 585 554
f 554 586 555
f 555 587 556
f 556 588 557
f 557 589 558
f 559 591 560
f 560 592 561
f 561 593 562
f 562 594 563
f 563 595 564
f 564 596 565
f 565 597 566
f 566 598 567
f 567 599 568
f 568 600 569
f 569 601 570
f 570 602 571
f 571 603 572
f 572 604 573
f 573 605 574
f 574 606 575
f 575 607 576
f 576 608 577
f 577 609 578
f 578 610 579
f 579 611 580
f 580 612 581
f 581 613 582
f 582 614 583
f 583 615 584
f 584 616 585
f 585 617 586
f 586 618 587
f 587 619 588
f 588 620 589
f 590 622 591
f 591 623 592
f 592 624 593
f 593 625 594
f 594 626 595
f 595 627 596
f 596 628 597
f 597 629 598
f 598 630 599
f 599 631 600
f 600 632 601
f 601 633 602
f 602 634 603
f 603 635 604
f 604 636 605
f 605 637 606
f 606 638 607
f 607 639 608
f 608 640 609
f 609 641 610
f 610 642 611
f 611 643 612
f 612 644 613
f 613 645 614
f 614 646 615
f 615 647 616
f 616 648 617
f 617 649 618
f 618 650 619
f 619 651 620
f 621 653 622
f 622 654 623
f 623 655 624
f 624 656 625
f 625 657 626
f 626 658 627
f 627 659 628
f 628 660 629
f 629 661 630
f 630 662 631
f 631 663 632
f 632 664 633
f 633 665 634
f 634 666 635
f 635 667 636
f 636 668 637
f 637 669 638
f 638 670 639
f 639 671 640
f 640 672 641
f 641 673 642
f 642 674 643
f 643 675 644
f 644 676 645
f 645 677 646
f 646 678 647
f 647 679 648
f 648 680 649
f 649 681 650
f 650 682 651
f 652 684 653
f 653 685 654
f 654 686 655
f 655 687 656
f 656 688 657
f 657 689 658
f 658 690 659
f 659 691 660
f 660 692 661
f 661 693 662
f 662 694 663
f 663 695 664
f 664 696 665
f 665 697 666
f 666 698 667
f 667 699 668
f 668 700 669
f 669 701 670
f 670 702 671
f 671 703 672
f 672 704 673
f 673 705 674
f 674 706 675
f 675 707 676
f 676 708 677
f 677 709 678
f 678 710 679
f 679 711 680
f 680 712 681
f 681 713 682
f 683 715 684
f 684 716 685
f 685 717 686
f 686 718 687
f 687 719 688
f 688 720 689
f 689 721 690
f 690 722 691
f 691 723 692
f 692 724 693
f 693 725 694
f 694 726 695
f 695 727 696
f 696 728 697
f 697 729 698
f 698 730 699
f 699 731 700
f 700 732 701
f 701 733 702
f 702 734 703
f 703 735 704
f 704 736 705
f 705 737 706
f 706 738 707
f 707 739 708
f 708 740 709
f 709 741 710
f 710 742 711
f 711 743 712
f 712 744 713
f 714 746 715
f 715 747 716
f 716 748 717
f 717 749 718
f 718 750 719
f 719 751 720
f 720 752 721
f 721 753 722
f 722 754 723
f 723 755 724
f 724 756 725
f 725 757 726
f 726 758 727
f 727 759 728
f 728 760 729
f 729 761 730
f 730 762 731
f 731 763 732
f 732 764 733
f 733 765 734
f 734 766 735
f 735 767 736
f 736 768 737
f 737 769 738
f 738 770 739
f 739 771 740
f 740 772 741
f 741 773 742
f 742 774 743
f 743 775 744
f 745 777 746
f 746 778 747
f 747 779 748
f 748 780 749
f 749 781 750
f 750 782 751
f 751 783 752
f 752 784 753
f 753 785 754
f 754 786 755
f 755 787 756
f 756 788 757
f 757 789 758
f 758 790 759
f 759 791 760
f 760 792 761
f 761 793 762
f 762 794 763
f 763 795 764
f 764 796 765
f 765 797 766
f 766 798 767
f 767 799 768
f 768 800 769
f 769 801 770
f 770 802 771
f 771 803 772
f 772 804 773
f 773 805 774
f 774 806 775
f 776 808 777
f 777 809 778
f 778 810 779
f 779 811 780
f 780 812 781
f 781 813 782
f 782 814 783
f 783 815 784
f 784 816 785
f 785 817 786
f 786 818 787
f 787 819 788
f 788 820 789
f 789 821 790
f 790 822 791
f 791 823 792
f 792 824 793
f 793 825 794
f 794 826 795
f 795 827 796
f 796 828 797
f 797 829 798
f 798 830 799
f 799 831 800
f 800 832 801
f 801 833 802
f 802 834 803
f 803 835 804
f 804 836 805
f 805 837 806
f 807 839 808
f 808 840 809
f 809 841 810
f 810 842 811
f 811 843 812
f 812 844 813
f 813 845 814
f 814 846 815
f 815 847 816
f 816 848 817
f 817 849 818
f 818 850 819
f 819 851 820
f 820 852 821
f 821 853 822
f 822 854 823
f 823 855 824
f 824 856 825
f 825 857 826
f 826 858 827
f 827 859 828
f 828 860 829
f 829 861 830
f 830 862 831
f 831 863 832
f 832 864 833
f 833 865 834
f 834 866 835
f 835 867 836
f 836 868 837
f 838 870 839
f 839 871 840
f 840 872 841
f 841 873 842
f 842 874 843
f 843 875 844
f 844 876 845
f 845 877 846
f 846 878 847
f 847 879 848
f 848 880 849
f 849 881 850
f 850 882 851
f 851 883 852
f 852 884 853
f 853 885 854
f 854 886 855
f 855 887 856
f 856 888 857
f 857 889 858
f 858 890 859
f 859 891 860
f 860 892 861
f 861 893 862
f 862 894 863
f 863 895 864
f 864 896 865
f 865 897 866
f 866 898 867
f 867 899 868
f 869 901 870
f 870 902 871
f 871 903 872
f 872 904 873
f 873 905 874
f 874 906 875
f 875 907 876
f 876 908 877
f 877 909 878
f 878 910 879
f 879 911 880
f 880 912 881
f 881 913 882
f 882 914 883
f 883 915 884
f 884 916 885
f 885 917 886
f 886 918 887
f 887 919 888
f 888 920 889
f 889 921 890
f 890 922 891
f 891 923 892
f 892 924 893
f 893 925 894
f 894 926 895
f 895 927 896
f 896 928 897
f 897 929 898
f 898 930 899
f 900 932 901
f 901 933 902
f 902 934 903
f 903 935 904
f 904 936 905
f 905 937 906
f 906 938 907
f 907 939 908
f 908 940 909
f 909 941 910
f 910 942 911
f 911 943 912
f 912 944 913
f 913 945 914
f 914 946 915
f 915 947 916
f 916 948 917
f 917 949 918
f 918 950 919
f 919 951 920
f 920 952 921
f 921 953 922
f 922 954 923
f 923 955 924
f 924 956 925
f 925 957 926
f 926 958 927
f 927 959 928
f 928 960 929
f 929 961 930
f 931 963 932
f 932 964 933
f 933 965 934
f 934 966 935
f 935 967 936
f 936 968 937
f 937 969 938
f 938 970 939
f 939 971 940
f 940 972 941
f 941 973 942
f 942 974 943
f 943 975 944
f 944 976 945
f 945 977 946
f 946 978 947
f 947 979 948
f 948 980 949
f 949 981 950
f 950 982 951
f 951 983 952
f 952 984 953
f 953 985 954
f 954 986 955
f 955 987 956
f 956 988 957
f 957 989 958
f 958 990 959
f 959 991 960
f 960 992 961
f 962 994 963
f 963 995 964
f 964 996 965
f 965 997 966
f 966 998 967
f 967 999 968
f 968 1000 969
f 969 1001 970
f 970 1002 971
f 971 1003 972
f 972 1004 973
f 973 1005 974
f 974 1006 975
f 975 1007 976
f 976 1008 977
f 977 1009 978
f 978 1010 979
f 979 1011 980
f 980 1012 981
f 981 1013 982
f 982 1014 983
f 983 1015 984
f 984 1016 985
f 985 1017 986
f 986 1018 987
f 987 1019 988
f 988 1020 989
f 989 1021 990
f 990 1022 991
f 991 1023 992
f 993 1025 994
f 994 1026 995
f 995 1027 996
f 996 1028 997
f 997 1029 998
f 998 1030 999
f 999 1031 1000
f 1000 1032 1001
f 1001 1033 1002
f 1002 1034 1003
f 1003 1035 1004
f 1004 1036 1005
f 1005 1037 1006
f 1006 1038 1007
f 1007 1039 1008
f 1008 1040 1009
f 1009 1041 1010
f 1010 1042 1011
f 1011 1043 1012
f 1012 1044 1013
f 1013 1045 1014
f 1014 1046 1015
f 1015 1047 1016
f 1016 1048 1017
f 1017 1049 1018
f 1018 1050 1019
f 1019 1051 1020
f 1020 1052 1021
f 1021 1053 1022
f 1022 1054 1023
f 1024 1056 1025
f 1025 1057 1026
f 1026 1058 1027
f 1027 1059 1028
f 1028 1060 1029
f 1029 1061 1030
f 1030 1062 1031
f 1031 1063 1032
f 1032 1064 1033
f 1033 1065 1034
f 1034 1066 1035
f 1035 1067 1036
f 1036 1068 1037
f 1037 1069 1038
f 1038 1070 1039
f 1039 1071 1040
f 1040 1072 1041
f 1041 1073 1042
f 1042 1074 1043
f 1043 1075 1044
f 1044 1076 1045
f 1045 1077 1046
f 1046 1078 1047
f 1047 1079 1048
f 1048 1080 1049
f 1049 1081 1050
f 1050 1082 1051
f 1051 1083 1052
f 1052 1084 1053
f 1053 1085 1054
f 1055 1087 1056
f 1056 1088 1057
f 1057 1089 1058
f 1058 1090 1059
f 1059 1091 1060
f 1060 1092 1061
f 1061 1093 1062
f 1062 1094 1063
f 1063 1095 1064
f 1064 1096 1065
f 1065 1097 1066
f 1066 1098 1067
f 1067 1099 1068
f 1068 1100 1069
f 1069 1101 1070
f 1070 1102 1071
f 1071 1103 1072
f 1072 1104 1073
f 1073 1105 1074
f 1074 1106 1075
f 1075 1107 1076
f 1076 1108 1077
f 1077 1109 1078
f 1078 1110 1079
f 1079 1111 1080
f 1080 1112 1081
f 1081 1113 1082
f 1082 1114 1083
f 1083 1115 1084
f 1084 1116 1085
f 1086 1118 1087
f 1087 1119 1088
f 1088 1120 1089
f 1089 1121 1090
f 1090 1122 1091
f 1091 1123 1092
f 1092 1124 1093
f 1093 1125 1094
f 1094 1126 1095
f 1095 1127 1096
f 1096 1128 1097
f 1097 1129 1098
f 1098 1130 1099
f 1099 1131 1100
f 1100 1132 1101
f 1101 1133 1102
f 1102 1134 1103
f 1103 1135 1104
f 1104 1136 1105
f 1105 1137 1106
f 1106 1138 1107
f 1107 1139 1108
f 1108 1140 1109
f 1109 1141 1110
f 1110 1142 1111
f 1111 1143 1112
f 1112 1144 1113
f 1113 1145 1114
f 1114 1146 1115
f 1115 1147 1116
f 1117 1149 1118
f 1118 1150 1119
f 1119 1151 1120
f 1120 1152 1121
f 1121 1153 1122
f 1122 1154 1123
f 1123 1155 1124
f 1124 1156 1125
f 1125 1157 1126
f 1126 1158 1127
f 1127 1159 1128
f 1128 1160 1129
f 1129 1161 1130
f 1130 1162 1131
f 1131 1163 1132
f 1132 1164 1133
f 1133 1165 1134
f 1134 1166 1135
f 1135 1167 1136
f 1136 1168 1137
f 1137 1169 1138
f 1138 1170 1139
f 1139 1171 1140
f 1140 1172 1141
f 1141 1173 1142
f 1142 1174 1143
f 1143 1175 1144
f 1144 1176 1145
f 1145 1177 1146
f 1146 1178 1147
f 1148 1180 1149
f 1149 1181 1150
f 1150 1182 1151
f 1151 1183 1152
f 1152 1184 1153
f 1153 1185 1154
f 1154 1186 1155
f 1155 1187 1156
f 1156 1188 1157
f 1157 1189 1158
f 1158 1190 1159
f 1159 1191 1160
f 1160 1192 1161
f 1161 1193 1162
f 1162 1194 1163
f 1163 1195 1164
f 1164 1196 1165
f 1165 1197 1166
f 1166 1198 1167
f 1167 1199 1168
f 1168 1200 1169
f 1169 1201 1170
f 1170 1202 1171
f 1171 1203 1172
f 1172 1204 1173
f 1173 1205 1174
f 1174 1206 1175
f 1175 1207 1176
f 1176 1208 1177
f 1177 1209 1178
f 1179 1211 1180
f 1180 1212 1181
f 1181 1213 1182
f 1182 1214 1183
f 1183 1215 1184
f 1184 1216 1185
f 1185 1217 1186
f 1186 1218 1187
f 1187 1219 1188
f 1188 1220 1189
f 1189 1221 1190
f 1190 1222 1191
f 1191 1223 1192
f 1192 1224 1193
f 1193 1225 1194
f 1194 1226 1195
f 1195 1227 1196
f 1196 1228 1197
f 1197 1229 1198
f 1198 1230 1199
f 1199 1231 1200
f 1200 1232 1201
f 1201 1233 1202
f 1202 1234 1203
f 1203 1235 1204
f 1204 1236 1205
f 1205 1237 1206
f 1206 1238 1207
f 1207 1239 1208
f 1208 1240 1209
f 1210 1242 1211
f 1211 1243 1212
f 1212 1244 1213
f 1213 1245 1214
f 1214 1246 1215
f 1215 1247 1216
f 1216 1248 1217
f 1217 1249 1218
f 1218 1250 1219
f 1219 1251 1220
f 1220 1252 1221
f 1221 1253 1222
f 1222 1254 1223
f 1223 1255 1224
f 1224 1256 1225
f 1225 1257 1226
f 1226 1258 1227
f 1227 1259 1228
f 1228 1260 1229
f 1229 1261 1230
f 1230 1262 1231
f 1231 1263 1232
f 1232 1264 1233
f 1233 1265 1234
f 1234 1266 1235
f 1235 1267 1236
f 1236 1268 1237
f 1237 1269 1238
f 1238 1270 1239
f 1239 1271 1240
f 1241 1273 1242
f 1242 1274 1243
f 1243 1275 1244
f 1244 1276 1245
f 1245 1277 1246
f 1246 1278 1247
f 1247 1279 1248
f 1248 1280 1249
f 1249 1281 1250
f 1250 1282 1251
f 1251 1283 1252
f 1252 1284 1253
f 1253 1285 1254
f 1254 1286 1255
f 1255 1287 1256
f 1256 1288 1257
f 1257 1289 1258
f 1258 1290 1259
f 1259 1291 1260
f 1260 1292 1261
f 1261 1293 1262
f 1262 1294 1263
f 1263 1295 1264
f 1264 1296 1265
f 1265 1297 1266
f 1266 1298 1267
f 1267 1299 1268
f 1268 1300 1269
f 1269 1301 1270
f 1270 1302 1271
f 1272 1304 1273
f 1273 1305 1274
f 1274 1306 1275
f 1275 1307 1276
f 1276 1308 1277
f 1277 1309 1278
f 1278 1310 1279
f 1279 1311 1280
f 1280 1312 1281
f 1281 1313 1282
f 1282 1314 1283
f 1283 1315 1284
f 1284 1316 1285
f 1285 1317 1286
f 1286 1318 1287
f 1287 1319 1288
f 1288 1320 1289
f 1289 1321 1290
f 1290 1322 1291
f 1291 1323 1292
f 1292 1324 1293
f 1293 1325 1294
f 1294 1326 1295
f 1295 1327 1296
f 1296 1328 1297
f 1297 1329 1298
f 1298 1330 1299
f 1299 1331 1300
f 1300 1332 1301
f 1301 1333 1302
f 1303 1335 1304
f 1304 1336 1305
f 1305 1337 1306
f 1306 1338 1307
f 1307 1339 1308
f 1308 1340 1309
f 1309 1341 1310
f 1310 1342 1311
f 1311 1343 1312
f 1312 1344 1313
f 1313 1345 1314
f 1314 1346 1315
f 1315 1347 1316
f 1316 1348 1317
f 1317 1349 1318
f 1318 1350 1319
f 1319 1351 1320
f 1320 1352 1321
f 1321 1353 1322
f 1322 1354 1323
f 1323 1355 1324
f 1324 1356 1325
f 1325 1357 1326
f 1326 1358 1327
f 1327 1359 1328
f 1328 1360 1329
f 1329 1361 1330
f 1330 1362 1331
f 1331 1363 1332
f 1332 1364 1333
f 1334 1366 1335
f 1335 1367 1336
f 1336 1368 1337
f 1337 1369 1338
f 1338 1370 1339
f 1339 1371 1340
f 1340 1372 1341
f 1341 1373 1342
f 1342 1374 1343
f 1343 1375 1344
f 1344 1376 1345
f 1345 1377 1346
f 1346 1378 1347
f 1347 1379 1348
f 1348 1380 1349
f 1349 1381 1350
f 1350 1382 1351
f 1351 1383 1352
f 1352 1384 1353
f 1353 1385 1354
f 1354 1386 1355
f 1355 1387 1356
f 1356 1388 1357
f 1357 1389 1358
f 1358 1390 1359
f 1359 1391 1360
f 1360 1392 1361
f 1361 1393 1362
f 1362 1394 1363
f 1363 1395 1364
f 1365 1397 1366
f 1366 1398 1367
f 1367 1399 1368
f 1368 1400 1369
f 1369 1401 1370
f 1370 1402 1371
f 1371 1403 1372
f 1372 1404 1373
f 1373 1405 1374
f 1374 1406 1375
f 1375 1407 1376
f 1376 1408 1377
f 1377 1409 1378
f 1378 1410 1379
f 1379 1411 1380
f 1380 1412 1381
f 1381 1413 1382
f 1382 1414 1383
f 1383 1415 1384
f 1384 1416 1385
f 1385 1417 1386
f 1386 1418 1387
f 1387 1419 1388
f 1388 1420 1389
f 1389 1421 1390
f 1390 1422 1391
f 1391 1423 1392
f 1392 1424 1393
f 1393 1425 1394
f 1394 1426 1395
f 1396 1428 1397
f 1397 1429 1398
f 1398 1430 1399
f 1399 1431 1400
f 1400 1432 1401
f 1401 1433 1402
f 1402 1434 1403
f 1403 1435 1404
f 1404 1436 1405
f 1405 1437 1406
f 1406 1438 1407
f 1407 1439 1408
f 1408 1440 1409
f 1409 1441 1410
f 1410 1442 1411
f 1411 1443 1412
f 1412 1444 1413
f 1413 1445 1414
f 1414 1446 1415
f 1415 1447 1416
f 1416 1448 1417
f 1417 1449 1418
f 1418 1450 1419
f 1419 1451 1420
f 1420 1452 1421
f 1421 1453 1422
f 1422 1454 1423
f 1423 1455 1424
f 1424 1456 1425
f 1425 1457 1426
f 1427 1459 1428
f 1428 1460 1429
f 1429 1461 1430
f 1430 1462 1431
f 1431 1463 1432
f 1432 1464 1433
f 1433 1465 1434
f 1434 1466 1435
f 1435 1467 1436
f 1436 1468 1437
f 1437 1469 1438
f 1438 1470 1439
f 1439 1471 1440
f 1440 1472 1441
f 1441 1473 1442
f 1442 1474 1443
f 1443 1475 1444
f 1444 1476 1445
f 1445 1477 1446
f 1446 1478 1447
f 1447 1479 1448
f 1448 1480 1449
f 1449 1481 1450
f 1450 1482 1451
f 1451 1483 1452
f 1452 1484 1453
f 1453 1485 1454
f 1454 1486 1455
f 1455 1487 1456
f 1456 1488 1457
f 1458 1490 1459
f 1459 1491 1460
f 1460 1492 1461
f 1461 1493 1462
f 1462 1494 1463
f 1463 1495 1464
f 1464 1496 1465
f 1465 1497 1466
f 1466 1498 1467
f 1467 1499 1468
f 1468 1500 1469
f 1469 1501 1470
f 1470 1502 1471
f 1471 1503 1472
f 1472 1504 1473
f 1473 1505 1474
f 1474 1506 1475
f 1475 1507 1476
f 1476 1508 1477
f 1477 1509 1478
f 1478 1510 1479
f 1479 1511 1480
f 1480 1512 1481
f 1481 1513 1482
f 1482 1514 1483
f 1483 1515 1484
f 1484 1516 1485
f 1485 1517 1486
f 1486 1518 1487
f 1487 1519 1488
f 1489 1521 1490
f 1490 1522 1491
f 1491 1523 1492
f 1492 1524 1493
f 1493 1525 1494
f 1494 1526 1495
f 1495 1527 1496
f 1496 1528 1497
f 1497 1529 1498
f 1498 1530 1499
f 1499 1531 1500
f 1500 1532 1501
f 1501 1533 1502
f 1502 1534 1503
f 1503 1535 1504
f 1504 1536 1505
f 1505 1537 1506
f 1506 1538 1507
f 1507 1539 1508
f 1508 1540 1509
f 1509 1541 1510
f 1510 1542 1511
f 1511 1543 1512
f 1512 1544 1513
f 1513 1545 1514
f 1514 1546 1515
f 1515 1547 1516
f 1516 1548 1517
f 1517 1549 1518
f 1518 1550 1519
f 1520 1552 1521
f 1521 1553 1522
f 1522 1554 1523
f 1523 1555 1524
f 1524 1556 1525
f 1525 1557 1526
f 1526 1558 1527
f 1527 1559 1528
f 1528 1560 1529
f 1529 1561 1530
f 1530 1562 1531
f 1531 1563 1532
f 1532 1564 1533
f 1533 1565 1534
f 1534 1566 1535
f 1535 1567 1536
f 1536 1568 1537
f 1537 1569 1538
f 1538 1570 1539
f 1539 1571 1540
f 1540 1572 1541
f 1541 1573 1542
f 1542 1574 1543
f 1543 1575 1544
f 1544 1576 1545
f 1545 1577 1546
f 1546 1578 1547
f 1547 1579 1548
f 1548 1580 1549
f 1549 1581 1550
f 1551 1583 1552
f 1552 1584 1553
f 1553 1585 1554
f 1554 1586 1555
f 1555 1587 1556
f 1556 1588 1557
f 1557 1589 1558
f 1558 1590 1559
f 1559 1591 1560
f 1560 1592 1561
f 1561 1593 1562
f 1562 1594 1563
f 1563 1595 1564
f 1564 1596 1565
f 1565 1597 1566
f 1566 1598 1567
f 1567 1599 1568
f 1568 1600 1569
f 1569 1601 1570
f 1570 1602 1571
f 1571 1603 1572
f 1572 1604 1573
f 1573 1605 1574
f 1574 1606 1575
f 1575 1607 1576
f 1576 1608 1577
f 1577 1609 1578
f 1578 1610 1579
f 1579 1611 1580
f 1580 1612 1581
f 1582 1614 1583
f 1583 1615 1584
f 1584 1616 1585
f 1585 1617 1586
f 1586 1618 1587
f 1587 1619 1588
f 1588 1620 1589
f 1589 1621 1590
f 1590 1622 1591
f 1591 1623 1592
f 1592 1624 1593
f 1593 1625 1594
f 1594 1626 1595
f 1595 1627 1596
f 1596 1628 1597
f 1597 1629 1598
f 1598 1630 1599
f 1599 1631 1600
f 1600 1632 1601
f 1601 1633 1602
f 1602 1634 1603
f 1603 1635 1604
f 1604 1636 1605
f 1605 1637 1606
f 1606 1638 1607
f 1607 1639 1608
f 1608 1640 1609
f 1609 1641 1610
f 1610 1642 1611
f 1611 1643 1612
f 1613 1645 1614
f 1614 1646 1615
f 1615 1647 1616
f 1616 1648 1617
f 1617 1649 1618
f 1618 1650 1619
f 1619 1651 1620
f 1620 1652 1621
f 1621 1653 1622
f 1622 1654 1623
f 1623 1655 1624
f 1624 1656 1625
f 1625 1657 1626
f 1626 1658 1627
f 1627 1659 1628
f 1628 1660 1629
f 1629 1661 1630
f 1630 1662 1631
f 1631 1663 1632
f 1632 1664 1633
f 1633 1665 1634
f 1634 1666 1635
f 1635 1667 1636
f 1636 1668 1637
f 1637 1669 1638
f 1638 1670 1639
f 1639 1671 1640
f 1640 1672 1641
f 1641 1673 1642
f 1642 1674 1643
f 1644 1676 1645
f 1645 1677 1646
f 1646 1678 1647
f 1647 1679 1648
f 1648 1680 1649
f 1649 1681 1650
f 1650 1682 1651
f 1651 1683 1652
f 1652 1684 1653
f 1653 1685 1654
f 1654 1686 1655
f 1655 1687 1656
f 1656 1688 1657
f 1657 1689 1658
f 1658 1690 1659
f 1659 1691 1660
f 1660 1692 1661
f 1661 1693 1662
f 1662 1694 1663
f 1663 1695 1664
f 1664 1696 1665
f 1665 1697 1666
f 1666 1698 1667
f 1667 1699 1668
f 1668 1700 1669
f 1669 1701 1670
f 1670 1702 1671
f 1671 1703 1672
f 1672 1704 1673
f 1673 1705 1674
f 1675 1707 1676
f 1676 1708 1677
f 1677 1709 1678
f 1678 1710 1679
f 1679 1711 1680
f 1680 1712 1681
f 1681 1713 1682
f 1682 1714 1683
f 1683 1715 1684
f 1684 1716 1685
f 1685 1717 1686
f 1686 1718 1687
f 1687 1719 1688
f 1688 1720 1689
f 1689 1721 1690
f 1690 1722 1691
f 1691 1723 1692
f 1692 1724 1693
f 1693 1725 1694
f 1694 1726 1695
f 1695 1727 1696
f 1696 1728 1697
f 1697 1729 1698
f 1698 1730 1699
f 1699 1731 1700
f 1700 1732 1701
f 1701 1733 1702
f 1702 1734 1703
f 1703 1735 1704
f 1704 1736 1705
f 1706 1738 1707
f 1707 1739 1708
f 1708 1740 1709
f 1709 1741 1710
f 1710 1742 1711
f 1711 1743 1712
f 1712 1744 1713
f 1713 1745 1714
f 1714 1746 1715
f 1715 1747 1716
f 1716 1748 1717
f 1717 1749 1718
f 1718 1750 1719
f 1719 1751 1720
f 1720 1752 1721
f 1721 1753 1722
f 1722 1754 1723
f 1723 1755 1724
f 1724 1756 1725
f 1725 1757 1726
f 1726 1758 1727
f 1727 1759 1728
f 1728 1760 1729
f 1729 1761 1730
f 1730 1762 1731
f 1731 1763 1732
f 1732 1764 1733
f 1733 1765 1734
f 1734 1766 1735
f 1735 1767 1736
f 1737 1769 1738
f 1738 1770 1739
f 1739 1771 1740
f 1740 1772 1741
f 1741 1773 1742
f 1742 1774 1743
f 1743 1775 1744
f 1744 1776 1745
f 1745 1777 1746
f 1746 1778 1747
f 1747 1779 1748
f 1748 1780 1749
f 1749 1781 1750
f 1750 1782 1751
f 1751 1783 1752
f 1752 1784 1753
f 1753 1785 1754
f 1754 1786 1755
f 1755 1787 1756
f 1756 1788 1757
f 1757 1789 1758
f 1758 1790 1759
f 1759 1791 1760
f 1760 1792 1761
f 1761 1793 1762
f 1762 1794 1763
f 1763 1795 1764
f 1764 1796 1765
f 1765 1797 1766
f 1766 1798 1767
f 1768 1800 1769
f 1769 1801 1770
f 1770 1802 1771
f 1771 1803 1772
f 1772 1804 1773
f 1773 1805 1774
f 1774 1806 1775
f 1775 1807 1776
f 1776 1808 1777
f 1777 1809 1778
f 1778 1810 1779
f 1779 1811 1780
f 1780 1812 1781
f 1781 1813 1782
f 1782 1814 1783
f 1783 1815 1784
f 1784 1816 1785
f 1785 1817 1786
f 1786 1818 1787
f 1787 1819 1788
f 1788 1820 1789
f 1789 1821 1790
f 1790 1822 1791
f 1791 1823 1792
f 1792 1824 1793
f 1793 1825 1794
f 1794 1826 1795
f 1795 1827 1796
f 1796 1828 1797
f 1797 1829 1798
f 1799 1831 1800
f 1800 1832 1801
f 1801 1833 1802
f 1802 1834 1803
f 1803 1835 1804
f 1804 1836 1805
f 1805 1837 1806
f 1806 1838 1807
f 1807 1839 1808
f 1808 1840 1809
f 1809 1841 1810
f 1810 1842 1811
f 1811 1843 1812
f 1812 1844 1813
f 1813 1845 1814
f 1814 1846 1815
f 1815 1847 1816
f 1816 1848 1817
f 1817 1849 1818
f 1818 1850 1819
f 1819 1851 1820
f 1820 1852 1821
f 1821 1853 1822
f 1822 1854 1823
f 1823 1855 1824
f 1824 1856 1825
f 1825 1857 1826
f 1826 1858 1827
f 1827 1859 1828
f 1828 1860 1829
f 1830 1862 1831
f 1831 1863 1832
f 1832 1864 1833
f 1833 1865 1834
f 1834 1866 1835
f 1835 1867 1836
f 1836 1868 1837
f 1837 1869 1838
f 1838 1870 1839
f 1839 1871 1840
f 1840 1872 1841
f 1841 1873 1842
f 1842 1874 1843
f 1843 1875 1844
f 1844 1876 1845
f 1845 1877 1846
f 1846 1878 1847
f 1847 1879 1848
f 1848 1880 1849
f 1849 1881 1850
f 1850 1882 1851
f 1851 1883 1852
f 1852 1884 1853
f 1853 1885 1854
f 1854 1886 1855
f 1855 1887 1856
f 1856 1888 1857
f 1857 1889 1858
f 1858 1890 1859
f 1859 1891 1860

