# https://github.com/mikedh/trimesh
v -1.50000000 -0.75000000 0.00000000
v -1.50000000 -0.70000000 0.00000000
v -1.50000000 -0.65000000 0.00000000
v -1.50000000 -0.60000000 0.00000000
v -1.50000000 -0.55000000 0.00000000
v -1.50000000 -0.50000000 0.00000000
v -1.50000000 -0.45000000 0.00000000
v -1.50000000 -0.40000000 0.00000000
v -1.50000000 -0.35000000 0.00000000
v -1.50000000 -0.30000000 0.00000000
v -1.50000000 -0.25000000 0.00000000
v -1.50000000 -0.20000000 -0.00000000
v -1.50000000 -0.15000000 -0.00000000
v -1.50000000 -0.10000000 -0.00000000
v -1.50000000 -0.05000000 -0.00000000
v -1.50000000 0.00000000 -0.00000000
v -1.50000000 0.05000000 -0.00000000
v -1.50000000 0.10000000 -0.00000000
v -1.50000000 0.15000000 -0.00000000
v -1.50000000 0.20000000 -0.00000000
v -1.50000000 0.25000000 -0.00000000
v -1.50000000 0.30000000 -0.00000000
v -1.50000000 0.35000000 -0.00000000
v -1.50000000 0.40000000 -0.00000000
v -1.50000000 0.45000000 -0.00000000
v -1.50000000 0.50000000 -0.00000000
v -1.50000000 0.55000000 -0.00000000
v -1.50000000 0.60000000 -0.00000000
v -1.50000000 0.65000000 -0.00000000
v -1.50000000 0.70000000 -0.00000000
v -1.50000000 0.75000000 0.00000000
v -1.45000001 -0.75000001 0.00000000
v -1.45000000 -0.70000001 0.00000000
v -1.45000000 -0.65000001 0.00000000
v -1.45000000 -0.60000001 0.00000000
v -1.45000000 -0.55000001 0.00000000
v -1.45000000 -0.50000001 0.00000000
v -1.45000000 -0.45000001 0.00000000
v -1.45000000 -0.40000001 0.00000000
v -1.45000000 -0.35000000 0.00000000
v -1.45000000 -0.30000000 0.00000000
v -1.45000000 -0.25000000 0.00000000
v -1.45000000 -0.20000000 -0.00000000
v -1.45000000 -0.15000000 -0.00000000
v -1.45000000 -0.10000000 -0.00000000
v -1.45000000 -0.05000000 -0.00000000
v -1.45000000 0.00000000 -0.00000000
v -1.45000000 0.05000000 -0.00000000
v -1.45000000 0.10000001 -0.00000000
v -1.45000000 0.15000001 -0.00000000
v -1.45000000 0.20000001 -0.00000000
v -1.45000000 0.25000001 -0.00000000
v -1.45000000 0.30000001 -0.00000000
v -1.45000000 0.35000001 -0.00000000
v -1.45000000 0.40000001 -0.00000000
v -1.45000000 0.45000000 -0.00000000
v -1.45000000 0.50000000 -0.00000000
v -1.45000000 0.55000000 -0.00000000
v -1.45000000 0.60000000 -0.00000000
v -1.45000000 0.65000000 -0.00000000
v -1.45000000 0.70000000 -0.00000000
v -1.45000000 0.75000000 -0.00000000
v -1.40000146 -0.75000511 0.00005180
v -1.39999921 -0.70000495 0.00004067
v -1.39999858 -0.65000463 0.00003194
v -1.39999861 -0.60000453 0.00002782
v -1.39999884 -0.55000429 0.00002459
v -1.39999918 -0.50000390 0.00002166
v -1.39999956 -0.45000340 0.00001882
v -1.39999993 -0.40000280 0.00001595
v -1.40000028 -0.35000214 0.00001299
v -1.40000058 -0.30000144 0.00000994
v -1.40000084 -0.25000074 0.00000682
v -1.40000103 -0.20000005 0.00000367
v -1.40000115 -0.14999940 0.00000054
v -1.40000121 -0.09999880 -0.00000250
v -1.40000120 -0.04999828 -0.00000539
v -1.40000114 0.00000215 -0.00000807
v -1.40000102 0.05000250 -0.00001048
v -1.40000085 0.10000274 -0.00001257
v -1.40000066 0.15000288 -0.00001430
v -1.40000043 0.20000292 -0.00001566
v -1.40000020 0.25000287 -0.00001662
v -1.39999996 0.30000272 -0.00001718
v -1.39999974 0.35000249 -0.00001737
v -1.39999954 0.40000220 -0.00001718
v -1.39999938 0.45000185 -0.00001665
v -1.39999927 0.50000147 -0.00001580
v -1.39999922 0.55000107 -0.00001464
v -1.39999925 0.60000069 -0.00001316
v -1.39999937 0.65000035 -0.00001136
v -1.39999960 0.70000011 -0.00000913
v -1.39999987 0.74999995 -0.00000617
v -1.35000023 -0.75000953 0.00008631
v -1.34999771 -0.70000987 0.00007110
v -1.34999698 -0.65000959 0.00006109
v -1.34999709 -0.60000911 0.00005356
v -1.34999763 -0.55000847 0.00004740
v -1.34999837 -0.50000767 0.00004209
v -1.34999918 -0.45000669 0.00003698
v -1.34999998 -0.40000555 0.00003183
v -1.35000072 -0.35000430 0.00002652
v -1.35000138 -0.30000299 0.00002103
v -1.35000191 -0.25000166 0.00001537
v -1.35000232 -0.20000035 0.00000960
v -1.35000259 -0.14999912 0.00000381
v -1.35000272 -0.09999798 -0.00000188
v -1.35000271 -0.04999698 -0.00000735
v -1.35000259 0.00000387 -0.00001250
v -1.35000235 0.05000455 -0.00001720
v -1.35000201 0.10000505 -0.00002135
v -1.35000160 0.15000536 -0.00002488
v -1.35000113 0.20000548 -0.00002773
v -1.35000063 0.25000542 -0.00002985
v -1.35000013 0.30000519 -0.00003125
v -1.34999965 0.35000481 -0.00003193
v -1.34999921 0.40000431 -0.00003191
v -1.34999884 0.45000371 -0.00003124
v -1.34999858 0.50000305 -0.00002996
v -1.34999844 0.55000237 -0.00002810
v -1.34999845 0.60000170 -0.00002570
v -1.34999864 0.65000111 -0.00002274
v -1.34999905 0.70000066 -0.00001914
v -1.34999968 0.75000036 -0.00001478
v -1.29999755 -0.75001393 0.00011603
v -1.29999593 -0.70001477 0.00010245
v -1.29999522 -0.65001436 0.00009087
v -1.29999559 -0.60001368 0.00008096
v -1.29999652 -0.55001271 0.00007272
v -1.29999774 -0.50001147 0.00006522
v -1.29999905 -0.45001001 0.00005796
v -1.30000034 -0.40000835 0.00005063
v -1.30000153 -0.35000655 0.00004305
v -1.30000256 -0.30000466 0.00003513
v -1.30000341 -0.25000275 0.00002689
v -1.30000404 -0.20000087 0.00001842
v -1.30000445 -0.14999908 0.00000983
v -1.30000463 -0.09999743 0.00000128
v -1.30000460 -0.04999596 -0.00000705
v -1.30000436 0.00000530 -0.00001498
v -1.30000395 0.05000632 -0.00002234
v -1.30000339 0.10000709 -0.00002895
v -1.30000270 0.15000760 -0.00003468
v -1.30000193 0.20000784 -0.00003942
v -1.30000110 0.25000782 -0.00004311
v -1.30000027 0.30000757 -0.00004571
v -1.29999947 0.35000710 -0.00004721
v -1.29999874 0.40000646 -0.00004767
v -1.29999813 0.45000567 -0.00004711
v -1.29999767 0.50000479 -0.00004563
v -1.29999740 0.55000387 -0.00004328
v -1.29999738 0.60000298 -0.00004013
v -1.29999763 0.65000216 -0.00003622
v -1.29999822 0.70000155 -0.00003152
v -1.29999921 0.75000106 -0.00002605
v -1.24999385 -0.75001797 0.00014396
v -1.24999319 -0.70001922 0.00013114
v -1.24999303 -0.65001889 0.00011921
v -1.24999393 -0.60001811 0.00010863
v -1.24999539 -0.55001684 0.00009899
v -1.24999718 -0.50001521 0.00008987
v -1.24999908 -0.45001328 0.00008089
v -1.25000093 -0.40001113 0.00007170
v -1.25000263 -0.35000880 0.00006207
v -1.25000410 -0.30000637 0.00005191
v -1.25000528 -0.25000392 0.00004123
v -1.25000616 -0.20000150 0.00003010
v -1.25000672 -0.14999920 0.00001868
v -1.25000696 -0.09999707 0.00000718
v -1.25000689 -0.04999515 -0.00000418
v -1.25000653 0.00000650 -0.00001513
v -1.25000591 0.05000786 -0.00002543
v -1.25000508 0.10000890 -0.00003483
v -1.25000407 0.15000962 -0.00004313
v -1.25000294 0.20001000 -0.00005015
v -1.25000173 0.25001006 -0.00005578
v -1.25000052 0.30000982 -0.00005995
v -1.24999934 0.35000931 -0.00006264
v -1.24999826 0.40000857 -0.00006388
v -1.24999734 0.45000764 -0.00006373
v -1.24999663 0.50000659 -0.00006230
v -1.24999619 0.55000548 -0.00005968
v -1.24999607 0.60000439 -0.00005599
v -1.24999635 0.65000338 -0.00005131
v -1.24999707 0.70000263 -0.00004571
v -1.24999836 0.75000193 -0.00003925
v -1.19998916 -0.75002164 0.00017008
v -1.19998955 -0.70002329 0.00015801
v -1.19999030 -0.65002306 0.00014666
v -1.19999196 -0.60002224 0.00013600
v -1.19999415 -0.55002075 0.00012579
v -1.19999666 -0.50001879 0.00011579
v -1.19999925 -0.45001644 0.00010562
v -1.20000175 -0.40001382 0.00009498
v -1.20000403 -0.35001099 0.00008364
v -1.20000599 -0.30000806 0.00007149
v -1.20000757 -0.25000509 0.00005853
v -1.20000873 -0.20000218 0.00004483
v -1.20000945 -0.14999940 0.00003059
v -1.20000975 -0.09999681 0.00001604
v -1.20000963 -0.04999448 0.00000148
v -1.20000912 0.00000754 -0.00001276
v -1.20000827 0.05000922 -0.00002633
v -1.20000713 0.10001053 -0.00003890
v -1.20000575 0.15001146 -0.00005019
v -1.20000421 0.20001199 -0.00005993
v -1.20000256 0.25001215 -0.00006794
v -1.20000089 0.30001194 -0.00007410
v -1.19999927 0.35001141 -0.00007836
v -1.19999777 0.40001060 -0.00008073
v -1.19999647 0.45000957 -0.00008129
v -1.19999545 0.50000838 -0.00008015
v -1.19999477 0.55000711 -0.00007747
v -1.19999451 0.60000585 -0.00007340
v -1.19999475 0.65000466 -0.00006810
v -1.19999554 0.70000377 -0.00006169
v -1.19999704 0.75000285 -0.00005433
v -1.14998343 -0.75002486 0.00019441
v -1.14998502 -0.70002692 0.00018334
v -1.14998687 -0.65002678 0.00017287
v -1.14998956 -0.60002596 0.00016277
v -1.14999271 -0.55002432 0.00015278
v -1.14999610 -0.50002208 0.00014259
v -1.14999952 -0.45001937 0.00013186
v -1.15000278 -0.40001632 0.00012031
v -1.15000572 -0.35001303 0.00010770
v -1.15000824 -0.30000962 0.00009391
v -1.15001026 -0.25000619 0.00007892
v -1.15001174 -0.20000282 0.00006281
v -1.15001266 -0.14999960 0.00004579
v -1.15001303 -0.09999660 0.00002813
v -1.15001286 -0.04999389 0.00001021
v -1.15001219 0.00000847 -0.00000756
v -1.15001108 0.05001045 -0.00002475
v -1.15000960 0.10001201 -0.00004092
v -1.15000780 0.15001313 -0.00005566
v -1.15000579 0.20001382 -0.00006861
v -1.15000364 0.25001407 -0.00007949
v -1.15000145 0.30001391 -0.00008812
v -1.14999931 0.35001338 -0.00009438
v -1.14999732 0.40001252 -0.00009827
v -1.14999556 0.45001140 -0.00009986
v -1.14999415 0.50001008 -0.00009930
v -1.14999315 0.55000867 -0.00009676
v -1.14999267 0.60000725 -0.00009247
v -1.14999279 0.65000589 -0.00008664
v -1.14999356 0.70000486 -0.00007948
v -1.14999521 0.75000370 -0.00007125
v -1.09997655 -0.75002754 0.00021671
v -1.09997953 -0.70003004 0.00020688
v -1.09998268 -0.65002999 0.00019768
v -1.09998665 -0.60002919 0.00018873
v -1.09999097 -0.55002743 0.00017961
v -1.09999546 -0.50002496 0.00016994
v -1.09999987 -0.45002193 0.00015935
v -1.10000401 -0.40001849 0.00014752
v -1.10000771 -0.35001480 0.00013419
v -1.10001087 -0.30001096 0.00011922
v -1.10001340 -0.25000710 0.00010255
v -1.10001524 -0.20000331 0.00008427
v -1.10001638 -0.14999970 0.00006459
v -1.10001682 -0.09999634 0.00004384
v -1.10001660 -0.04999331 0.00002242
v -1.10001576 0.00000935 0.00000086
v -1.10001437 0.05001159 -0.00002031
v -1.10001250 0.10001336 -0.00004053
v -1.10001025 0.15001466 -0.00005925
v -1.10000771 0.20001548 -0.00007597
v -1.10000499 0.25001582 -0.00009031
v -1.10000221 0.30001571 -0.00010196
v -1.09999947 0.35001517 -0.00011074
v -1.09999690 0.40001427 -0.00011660
v -1.09999461 0.45001306 -0.00011961
v -1.09999271 0.50001163 -0.00011991
v -1.09999132 0.55001007 -0.00011774
v -1.09999052 0.60000850 -0.00011336
v -1.09999044 0.65000697 -0.00010710
v -1.09999111 0.70000579 -0.00009921
v -1.09999283 0.75000437 -0.00009007
v -1.04996841 -0.75002955 0.00023652
v -1.04997301 -0.70003253 0.00022827
v -1.04997768 -0.65003257 0.00022078
v -1.04998316 -0.60003180 0.00021353
v -1.04998889 -0.55002994 0.00020595
v -1.04999468 -0.50002727 0.00019753
v -1.05000025 -0.45002397 0.00018781
v -1.05000542 -0.40002020 0.00017642
v -1.05001001 -0.35001614 0.00016303
v -1.05001389 -0.30001193 0.00014744
v -1.05001698 -0.25000770 0.00012958
v -1.05001923 -0.20000356 0.00010949
v -1.05002062 -0.14999963 0.00008737
v -1.05002116 -0.09999597 0.00006359
v -1.05002089 -0.04999266 0.00003861
v -1.05001986 0.00001023 0.00001302
v -1.05001817 0.05001267 -0.00001251
v -1.05001588 0.10001461 -0.00003727
v -1.05001313 0.15001605 -0.00006056
v -1.05001001 0.20001697 -0.00008172
v -1.05000665 0.25001737 -0.00010018
v -1.05000320 0.30001729 -0.00011552
v -1.04999978 0.35001674 -0.00012744
v -1.04999654 0.40001579 -0.00013582
v -1.04999362 0.45001449 -0.00014069
v -1.04999114 0.50001295 -0.00014221
v -1.04998925 0.55001124 -0.00014064
v -1.04998804 0.60000950 -0.00013634
v -1.04998766 0.65000778 -0.00012969
v -1.04998815 0.70000644 -0.00012107
v -1.04998984 0.75000475 -0.00011096
v -0.99995888 -0.75003072 0.00025322
v -0.99996538 -0.70003423 0.00024697
v -0.99997181 -0.65003437 0.00024169
v -0.99997905 -0.60003364 0.00023674
v -0.99998643 -0.55003169 0.00023139
v -0.99999373 -0.50002885 0.00022498
v -1.00000066 -0.45002531 0.00021695
v -1.00000701 -0.40002126 0.00020679
v -1.00001261 -0.35001690 0.00019411
v -1.00001731 -0.30001238 0.00017862
v -1.00002104 -0.25000785 0.00016016
v -1.00002374 -0.20000344 0.00013874
v -1.00002541 -0.14999926 0.00011454
v -1.00002605 -0.09999538 0.00008791
v -1.00002573 -0.04999189 0.00005936
v -1.00002451 0.00001116 0.00002956
v -1.00002248 0.05001372 -0.00000069
v -1.00001975 0.10001577 -0.00003052
v -1.00001644 0.15001729 -0.00005904
v -1.00001269 0.20001826 -0.00008539
v -1.00000863 0.25001869 -0.00010879
v -1.00000444 0.30001860 -0.00012863
v -1.00000025 0.35001802 -0.00014445
v -0.99999625 0.40001700 -0.00015602
v -0.99999259 0.45001561 -0.00016330
v -0.99998943 0.50001394 -0.00016646
v -0.99998692 0.55001207 -0.00016579
v -0.99998520 0.60001015 -0.00016173
v -0.99998442 0.65000823 -0.00015476
v -0.99998461 0.70000672 -0.00014536
v -0.99998620 0.75000472 -0.00013417
v -0.94994782 -0.75003085 0.00026604
v -0.94995652 -0.70003493 0.00026227
v -0.94996501 -0.65003519 0.00025977
v -0.94997427 -0.60003450 0.00025778
v -0.94998356 -0.55003248 0.00025541
v -0.94999260 -0.50002950 0.00025184
v -0.95000109 -0.45002576 0.00024636
v -0.95000879 -0.40002149 0.00023834
v -0.95001553 -0.35001688 0.00022726
v -0.95002115 -0.30001214 0.00021270
v -0.95002559 -0.25000740 0.00019443
v -0.95002879 -0.20000281 0.00017234
v -0.95003076 -0.14999848 0.00014656
v -0.95003152 -0.09999449 0.00011740
v -0.95003114 -0.04999091 0.00008541
v -0.95002970 0.00001219 0.00005130
v -0.95002731 0.05001479 0.00001600
v -0.95002410 0.10001685 -0.00001946
v -0.95002020 0.15001836 -0.00005395
v -0.95001576 0.20001932 -0.00008637
v -0.95001094 0.25001972 -0.00011567
v -0.95000592 0.30001959 -0.00014098
v -0.95000089 0.35001894 -0.00016164
v -0.94999602 0.40001783 -0.00017724
v -0.94999152 0.45001633 -0.00018765
v -0.94998756 0.50001450 -0.00019298
v -0.94998432 0.55001247 -0.00019359
v -0.94998196 0.60001035 -0.00018996
v -0.94998067 0.65000821 -0.00018272
v -0.94998046 0.70000651 -0.00017248
v -0.94998185 0.75000418 -0.00016005
v -0.89993506 -0.75002967 0.00027408
v -0.89994634 -0.70003440 0.00027333
v -0.89995722 -0.65003479 0.00027423
v -0.89996881 -0.60003416 0.00027593
v -0.89998027 -0.55003208 0.00027735
v -0.89999130 -0.50002897 0.00027752
v -0.90000156 -0.45002507 0.00027556
v -0.90001078 -0.40002063 0.00027069
v -0.90001879 -0.35001587 0.00026222
v -0.90002543 -0.30001099 0.00024961
v -0.90003065 -0.25000616 0.00023245
v -0.90003439 -0.20000151 0.00021054
v -0.90003668 -0.14999715 0.00018388
v -0.90003756 -0.09999318 0.00015272
v -0.90003711 -0.04998965 0.00011756
v -0.90003543 0.00001338 0.00007918
v -0.90003266 0.05001589 0.00003857
v -0.90002893 0.10001785 -0.00000303
v -0.90002438 0.15001926 -0.00004428
v -0.90001920 0.20002011 -0.00008377
v -0.90001356 0.25002040 -0.00012011
v -0.90000765 0.30002016 -0.00015211
v -0.90000168 0.35001941 -0.00017879
v -0.89999586 0.40001818 -0.00019950
v -0.89999039 0.45001653 -0.00021394
v -0.89998551 0.50001454 -0.00022216
v -0.89998142 0.55001231 -0.00022451
v -0.89997830 0.60000998 -0.00022158
v -0.89997636 0.65000760 -0.00021414
v -0.89997564 0.70000569 -0.00020297
v -0.89997674 0.75000299 -0.00018909
v -0.84992043 -0.75002689 0.00027631
v -0.84993472 -0.70003233 0.00027918
v -0.84994836 -0.65003286 0.00028417
v -0.84996264 -0.60003230 0.00029034
v -0.84997659 -0.55003018 0.00029642
v -0.84998986 -0.50002698 0.00030129
v -0.85000210 -0.45002297 0.00030390
v -0.85001301 -0.40001843 0.00030330
v -0.85002242 -0.35001361 0.00029860
v -0.85003018 -0.30000871 0.00028910
v -0.85003623 -0.25000391 0.00027420
v -0.85004054 -0.19999935 0.00025353
v -0.85004317 -0.14999513 0.00022694
v -0.85004416 -0.09999133 0.00019453
v -0.85004362 -0.04998801 0.00015674
v -0.85004168 0.00001479 0.00011430
v -0.85003849 0.05001706 0.00006829
v -0.85003419 0.10001878 0.00002007
v -0.85002897 0.15001994 -0.00002874
v -0.85002300 0.20002057 -0.00007640
v -0.85001648 0.25002066 -0.00012114
v -0.85000961 0.30002023 -0.00016130
v -0.85000262 0.35001931 -0.00019549
v -0.84999574 0.40001791 -0.00022270
v -0.84998921 0.45001608 -0.00024237
v -0.84998328 0.50001391 -0.00025440
v -0.84997820 0.55001146 -0.00025914
v -0.84997418 0.60000890 -0.00025727
v -0.84997146 0.65000626 -0.00024973
v -0.84997010 0.70000412 -0.00023750
v -0.84997079 0.75000103 -0.00022190
v -0.79990376 -0.75002216 0.00027160
v -0.79992155 -0.70002837 0.00027874
v -0.79993840 -0.65002905 0.00028853
v -0.79995575 -0.60002858 0.00029999
v -0.79997252 -0.55002642 0.00031166
v -0.79998833 -0.50002316 0.00032227
v -0.80000276 -0.45001910 0.00033059
v -0.80001554 -0.40001456 0.00033547
v -0.80002647 -0.35000979 0.00033585
v -0.80003542 -0.30000503 0.00033079
v -0.80004234 -0.25000043 0.00031951
v -0.80004725 -0.19999614 0.00030139
v -0.80005021 -0.14999224 0.00027608
v -0.80005129 -0.09998882 0.00024348
v -0.80005064 -0.04998590 0.00020387
v -0.80004840 0.00001648 0.00015789
v -0.80004474 0.05001832 0.00010660
v -0.80003984 0.10001962 0.00005146
v -0.80003389 0.15002039 -0.00000567
v -0.80002709 0.20002065 -0.00006270
v -0.80001965 0.25002041 -0.00011736
v -0.80001177 0.30001969 -0.00016746
v -0.80000369 0.35001851 -0.00021104
v -0.79999566 0.40001688 -0.00024655
v -0.79998796 0.45001484 -0.00027305
v -0.79998086 0.50001245 -0.00029018
v -0.79997464 0.55000977 -0.00029820
v -0.79996956 0.60000696 -0.00029789
v -0.79996592 0.65000404 -0.00029040
v -0.79996377 0.70000166 -0.00027697
v -0.79996393 0.74999814 -0.00025931
v -0.74988485 -0.75001504 0.00025875
v -0.74990671 -0.70002210 0.00027082
v -0.74992729 -0.65002293 0.00028616
v -0.74994817 -0.60002255 0.00030376
v -0.74996814 -0.55002038 0.00032199
v -0.74998677 -0.50001710 0.00033942
v -0.75000363 -0.45001306 0.00035465
v -0.75001843 -0.40000863 0.00036633
v -0.75003098 -0.35000408 0.00037320
v -0.75004117 -0.29999963 0.00037409
v -0.75004901 -0.24999545 0.00036797
v -0.75005451 -0.19999166 0.00035398
v -0.75005777 -0.14998833 0.00033148
v -0.75005892 -0.09998551 0.00030010
v -0.75005811 -0.04998322 0.00025987
v -0.75005552 0.00001852 0.00021123
v -0.75005135 0.05001971 0.00015513
v -0.75004580 0.10002039 0.00009305
v -0.75003909 0.15002057 0.00002699
v -0.75003141 0.20002028 -0.00004057
v -0.75002299 0.25001954 -0.00010688
v -0.75001405 0.30001840 -0.00016904
v -0.75000483 0.35001685 -0.00022434
v -0.74999559 0.40001492 -0.00027052
v -0.74998662 0.45001262 -0.00030598
v -0.74997822 0.50000998 -0.00032996
v -0.74997072 0.55000706 -0.00034253
v -0.74996443 0.60000398 -0.00034451
v -0.74995969 0.65000077 -0.00033731
v -0.74995658 0.69999812 -0.00032252
v -0.74995606 0.74999413 -0.00030235
v -0.69986348 -0.75000502 0.00023653
v -0.69989011 -0.70001300 0.00025418
v -0.69991501 -0.65001399 0.00027581
v -0.69993994 -0.60001370 0.00030039
v -0.69996352 -0.55001153 0.00032615
v -0.69998530 -0.50000829 0.00035152
v -0.70000481 -0.45000437 0.00037490
v -0.70002177 -0.40000019 0.00039476
v -0.70003601 -0.34999605 0.00040964
v -0.70004748 -0.29999216 0.00041813
v -0.70005620 -0.24998867 0.00041894
v -0.70006227 -0.19998566 0.00041090
v -0.70006580 -0.14998319 0.00039305
v -0.70006696 -0.09998126 0.00036470
v -0.70006595 -0.04997989 0.00032550
v -0.70006296 0.00002094 0.00027559
v -0.70005823 0.05002126 0.00021564
v -0.70005198 0.10002107 0.00014701
v -0.70004444 0.15002044 0.00007175
v -0.70003584 0.20001939 -0.00000740
v -0.70002641 0.25001797 -0.00008713
v -0.70001638 0.30001622 -0.00016379
v -0.70000599 0.35001418 -0.00023371
v -0.69999548 0.40001184 -0.00029359
v -0.69998516 0.45000920 -0.00034091
v -0.69997536 0.50000628 -0.00037418
v -0.69996644 0.55000309 -0.00039310
v -0.69995876 0.59999975 -0.00039847
v -0.69995273 0.64999623 -0.00039196
v -0.69994848 0.69999331 -0.00037564
v -0.69994711 0.74998881 -0.00035238
v -0.64983940 -0.74999148 0.00020371
v -0.64987162 -0.70000047 0.00022757
v -0.64990156 -0.65000161 0.00025615
v -0.64993115 -0.60000141 0.00028853
v -0.64995882 -0.54999926 0.00032277
v -0.64998408 -0.49999611 0.00035717
v -0.65000644 -0.44999245 0.00038997
v -0.65002566 -0.39998873 0.00041944
v -0.65004163 -0.34998525 0.00044392
v -0.65005435 -0.29998223 0.00046176
v -0.65006391 -0.24997976 0.00047141
v -0.65007047 -0.19997790 0.00047139
v -0.65007420 -0.14997663 0.00046038
v -0.65007532 -0.09997595 0.00043726
v -0.65007404 -0.04997581 0.00040125
v -0.65007060 0.00002382 0.00035202
v -0.65006525 0.05002296 0.00028982
v -0.65005824 0.10002166 0.00021568
v -0.65004982 0.15001996 0.00013149
v -0.65004025 0.20001791 0.00004009
v -0.65002978 0.25001558 -0.00005476
v -0.65001863 0.30001302 -0.00014859
v -0.65000704 0.35001029 -0.00023658
v -0.64999526 0.40000740 -0.00031407
v -0.64998355 0.45000434 -0.00037712
v -0.64997225 0.50000109 -0.00042312
v -0.64996178 0.54999762 -0.00045103
v -0.64995254 0.59999400 -0.00046143
v -0.64994502 0.64999017 -0.00045630
v -0.64993940 0.69998698 -0.00043828
v -0.64993698 0.74998194 -0.00041121
v -0.59981231 -0.74997367 0.00015919
v -0.59985113 -0.69998377 0.00018974
v -0.59988699 -0.64998503 0.00022585
v -0.59992195 -0.59998490 0.00026672
v -0.59995423 -0.54998279 0.00031034
v -0.59998331 -0.49997983 0.00035484
v -0.60000871 -0.44997661 0.00039830
v -0.60003025 -0.39997362 0.00043881
v -0.60004790 -0.34997116 0.00047450
v -0.60006178 -0.29996940 0.00050352
v -0.60007207 -0.24996839 0.00052404
v -0.60007901 -0.19996810 0.00053429
v -0.60008285 -0.14996847 0.00053255
v -0.60008384 -0.09996943 0.00051728
v -0.60008224 -0.04997090 0.00048716
v -0.60007829 0.00002717 0.00044124
v -0.60007227 0.05002484 0.00037917
v -0.60006445 0.10002213 0.00030140
v -0.60005510 0.15001910 0.00020937
v -0.60004450 0.20001580 0.00010575
v -0.60003293 0.25001229 -0.00000550
v -0.60002064 0.30000867 -0.00011918
v -0.60000786 0.35000501 -0.00022920
v -0.59999480 0.40000137 -0.00032915
v -0.59998170 0.44999775 -0.00041315
v -0.59996888 0.49999410 -0.00047673
v -0.59995674 0.54999032 -0.00051750
v -0.59994576 0.59998645 -0.00053547
v -0.59993654 0.64998232 -0.00053285
v -0.59992930 0.69997886 -0.00051304
v -0.59992558 0.74997325 -0.00048121
v -0.54978185 -0.74995066 0.00010211
v -0.54982855 -0.69996197 0.00013961
v -0.54987139 -0.64996332 0.00018357
v -0.54991257 -0.59996323 0.00023348
v -0.54995005 -0.54996119 0.00028722
v -0.54998328 -0.49995857 0.00034281
v -0.55001185 -0.44995605 0.00039812
v -0.55003567 -0.39995416 0.00045107
v -0.55005488 -0.34995318 0.00049958
v -0.55006974 -0.29995320 0.00054159
v -0.55008058 -0.24995418 0.00057507
v -0.55008774 -0.19995601 0.00059794
v -0.55009155 -0.14995853 0.00060815
v -0.55009232 -0.09996161 0.00060367
v -0.55009033 -0.04996513 0.00058261
v -0.55008584 0.00003101 0.00054333
v -0.55007912 0.05002685 0.00048466
v -0.55007044 0.10002244 0.00040619
v -0.55006010 0.15001780 0.00030857
v -0.55004842 0.20001297 0.00019386
v -0.55003570 0.25000802 0.00006582
v -0.55002222 0.30000305 -0.00006997
v -0.55000823 0.34999818 -0.00020620
v -0.54999393 0.39999353 -0.00033446
v -0.54997951 0.44998913 -0.00044625
v -0.54996519 0.49998494 -0.00053421
v -0.54995133 0.54998084 -0.00059364
v -0.54993847 0.59997672 -0.00062319
v -0.54992730 0.64997233 -0.00062500
v -0.54991815 0.69996861 -0.00060344
v -0.54991284 0.74996241 -0.00056561
v -0.49974755 -0.74992121 0.00003216
v -0.49980377 -0.69993388 0.00007641
v -0.49985495 -0.64993525 0.00012810
v -0.49990336 -0.59993517 0.00018723
v -0.49994668 -0.54993329 0.00025165
v -0.49998437 -0.49993125 0.00031918
v -0.50001612 -0.44992983 0.00038747
v -0.50004207 -0.39992959 0.00045418
v -0.50006257 -0.34993071 0.00051706
v -0.50007813 -0.29993317 0.00057386
v -0.50008924 -0.24993681 0.00062235
v -0.50009641 -0.19994138 0.00066024
v -0.50010004 -0.14994665 0.00068515
v -0.50010049 -0.09995240 0.00069463
v -0.50009805 -0.04995845 0.00068623
v -0.50009299 0.00003531 0.00065753
v -0.50008556 0.05002895 0.00060644
v -0.50007603 0.10002251 0.00053141
v -0.50006468 0.15001597 0.00043191
v -0.50005185 0.20000936 0.00030884
v -0.50003789 0.25000269 0.00016511
v -0.50002314 0.29999608 0.00000609
v -0.50000791 0.34998967 -0.00016019
v -0.49999240 0.39998365 -0.00032336
v -0.49997676 0.44997817 -0.00047155
v -0.49996108 0.49997324 -0.00059338
v -0.49994557 0.54996871 -0.00068023
v -0.49993071 0.59996437 -0.00072767
v -0.49991736 0.64995978 -0.00073727
v -0.49990598 0.69995587 -0.00071438
v -0.49989869 0.74994907 -0.00066888
v -0.44970879 -0.74988374 -0.00005002
v -0.44977674 -0.69989795 -0.00000013
v -0.44983798 -0.64989923 0.00005840
v -0.44989486 -0.59989916 0.00012639
v -0.44994468 -0.54989760 0.00020169
v -0.44998702 -0.49989656 0.00028184
v -0.45002182 -0.44989689 0.00036412
v -0.45004954 -0.39989907 0.00044587
v -0.45007092 -0.34990314 0.00052460
v -0.45008675 -0.29990888 0.00059790
v -0.45009780 -0.24991596 0.00066338
v -0.45010471 -0.19992401 0.00071859
v -0.45010797 -0.14993270 0.00076093
v -0.45010799 -0.09994173 0.00078763
v -0.45010507 -0.04995088 0.00079569
v -0.45009946 0.00004002 0.00078202
v -0.45009135 0.05003105 0.00074349
v -0.45008100 0.10002222 0.00067727
v -0.45006865 0.15001350 0.00058124
v -0.45005464 0.20000485 0.00045457
v -0.45003936 0.24999624 0.00029852
v -0.45002323 0.29998771 0.00011722
v -0.45000664 0.34997942 -0.00008159
v -0.44998990 0.39997163 -0.00028606
v -0.44997314 0.44996463 -0.00048097
v -0.44995632 0.49995859 -0.00064971
v -0.44993943 0.54995344 -0.00077666
v -0.44992258 0.59994889 -0.00085250
v -0.44990685 0.64994419 -0.00087592
v -0.44989284 0.69994015 -0.00085270
v -0.44988313 0.74993279 -0.00079741
v -0.39966466 -0.74983601 -0.00014184
v -0.39974741 -0.69985197 -0.00008907
v -0.39982103 -0.64985307 -0.00002615
v -0.39988782 -0.59985306 0.00004931
v -0.39994478 -0.54985221 0.00013522
v -0.39999175 -0.49985292 0.00022847
v -0.40002916 -0.44985602 0.00032567
v -0.40005804 -0.39986178 0.00042369
v -0.40007968 -0.34986993 0.00051970
v -0.40009528 -0.29987998 0.00061112
v -0.40010585 -0.24989142 0.00069544
v -0.40011219 -0.19990377 0.00077013
v -0.40011489 -0.14991661 0.00083248
v -0.40011438 -0.09992958 0.00087950
v -0.40011096 -0.04994241 0.00090787
v -0.40010482 0.00004509 0.00091387
v -0.40009614 0.05003303 0.00089346
v -0.40008506 0.10002142 0.00084245
v -0.40007180 0.15001021 0.00075690
v -0.40005664 0.19999929 0.00063374
v -0.40003998 0.24998854 0.00047164
v -0.40002232 0.29997790 0.00027221
v -0.40000418 0.34996746 0.00004145
v -0.39998606 0.39995747 -0.00020907
v -0.39996819 0.44994840 -0.00046190
v -0.39995052 0.49994067 -0.00069351
v -0.39993268 0.54993450 -0.00087972
v -0.39991427 0.59992961 -0.00100183
v -0.39989595 0.64992495 -0.00104897
v -0.39987891 0.69992092 -0.00102862
v -0.39986620 0.74991307 -0.00096064
v -0.34961410 -0.74977486 -0.00023701
v -0.34971606 -0.69979287 -0.00018779
v -0.34980509 -0.64979363 -0.00012631
v -0.34988345 -0.59979397 -0.00004639
v -0.34994799 -0.54979469 0.00004907
v -0.34999914 -0.49979856 0.00015564
v -0.35003826 -0.44980614 0.00026870
v -0.35006738 -0.39981714 0.00038427
v -0.35008851 -0.34983080 0.00049904
v -0.35010328 -0.29984637 0.00061017
v -0.35011295 -0.24986319 0.00071509
v -0.35011843 -0.19988069 0.00081123
v -0.35012038 -0.14989842 0.00089590
v -0.35011926 -0.09991599 0.00096610
v -0.35011532 -0.04993312 0.00101836
v -0.35010874 0.00005041 0.00104858
v -0.35009961 0.05003474 0.00105203
v -0.35008798 0.10001989 0.00102331
v -0.35007397 0.15000582 0.00095667
v -0.35005779 0.19999238 0.00084642
v -0.35003978 0.24997934 0.00068789
v -0.35002046 0.29996650 0.00047887
v -0.35000051 0.34995376 0.00022143
v -0.34998066 0.39994129 -0.00007596
v -0.34996146 0.44992957 -0.00039525
v -0.34994311 0.49991935 -0.00070866
v -0.34992485 0.54991138 -0.00098228
v -0.34990593 0.59990572 -0.00117537
v -0.34988503 0.64990128 -0.00126801
v -0.34986458 0.69989753 -0.00125842
v -0.34984806 0.74988930 -0.00117254
v -0.29955472 -0.74969483 -0.00031638
v -0.29968274 -0.69971551 -0.00028882
v -0.29979125 -0.64971607 -0.00023909
v -0.29988308 -0.59971746 -0.00016071
v -0.29995495 -0.54972172 -0.00005777
v -0.30000890 -0.49973152 0.00006239
v -0.30004824 -0.44974628 0.00019245
v -0.30007647 -0.39976471 0.00032705
v -0.30009629 -0.34978560 0.00046218
v -0.30010968 -0.29980802 0.00059465
v -0.30011806 -0.24983126 0.00072177
v -0.30012244 -0.19985474 0.00084105
v -0.30012351 -0.14987806 0.00094996
v -0.30012170 -0.09990086 0.00104566
v -0.30011727 -0.04992287 0.00112477
v -0.30011033 0.00005612 0.00118319
v -0.30010089 0.05003627 0.00121582
v -0.30008893 0.10001765 0.00121647
v -0.30007443 0.15000024 0.00117781
v -0.30005748 0.19998392 0.00109163
v -0.30003829 0.24996841 0.00094955
v -0.30001734 0.29995335 0.00074426
v -0.29999537 0.34993842 0.00047170
v -0.29997335 0.39992346 0.00013468
v -0.29995235 0.44990870 -0.00025381
v -0.29993295 0.49989515 -0.00066800
v -0.29991499 0.54988406 -0.00105857
v -0.29989680 0.59987666 -0.00136817
v -0.29987519 0.64987213 -0.00155441
v -0.29985035 0.69986912 -0.00156302
v -0.29982906 0.74986065 -0.00145686
v -0.24948719 -0.74958967 -0.00036772
v -0.24965033 -0.69961338 -0.00038763
v -0.24978451 -0.64961299 -0.00037720
v -0.24989074 -0.59961818 -0.00031480
v -0.24996764 -0.54963085 -0.00020702
v -0.25002169 -0.49965147 -0.00007252
v -0.25005949 -0.44967706 0.00007665
v -0.25008574 -0.39970553 0.00023294
v -0.25010359 -0.34973552 0.00039107
v -0.25011519 -0.29976613 0.00054731
v -0.25012205 -0.24979675 0.00069884
v -0.25012520 -0.19982695 0.00084328
v -0.25012532 -0.14985644 0.00097840
v -0.25012283 -0.09988498 0.00110175
v -0.25011793 -0.04991238 0.00121037
v -0.25011070 0.00006154 0.00130049
v -0.25010109 0.05003691 0.00136716
v -0.25008900 0.10001388 0.00140396
v -0.25007429 0.14999250 0.00140265
v -0.25005690 0.19997274 0.00135303
v -0.25003687 0.24995439 0.00124315
v -0.25001451 0.29993708 0.00106008
v -0.24999046 0.34992021 0.00079206
v -0.24996581 0.39990317 0.00043165
v -0.24994200 0.44988576 -0.00001969
v -0.24992054 0.49986843 -0.00053953
v -0.24990273 0.54985268 -0.00108140
v -0.24988585 0.59984157 -0.00158110
v -0.24986783 0.64983565 -0.00190042
v -0.24983717 0.69983445 -0.00198334
v -0.24981032 0.74982659 -0.00186118
v -0.19939355 -0.74943586 -0.00021846
v -0.19961598 -0.69946372 -0.00037791
v -0.19978294 -0.64946789 -0.00047135
v -0.19989991 -0.59948656 -0.00043044
v -0.19997629 -0.54951796 -0.00031803
v -0.20002768 -0.49955609 -0.00016988
v -0.20006267 -0.44959669 -0.00000138
v -0.20008637 -0.39963795 0.00017698
v -0.20010200 -0.34967885 0.00035845
v -0.20011177 -0.29971884 0.00053865
v -0.20011717 -0.24975762 0.00071457
v -0.20011917 -0.19979504 0.00088402
v -0.20011842 -0.14983106 0.00104512
v -0.20011531 -0.09986564 0.00119596
v -0.20011002 -0.04989874 0.00133419
v -0.20010258 0.00006971 0.00145672
v -0.20009291 0.05003982 0.00155921
v -0.20008087 0.10001174 0.00163564
v -0.20006624 0.14998564 0.00167773
v -0.20004884 0.19996164 0.00167440
v -0.20002855 0.24993977 0.00161127
v -0.20000548 0.29991983 0.00147071
v -0.19998002 0.34990129 0.00123258
v -0.19995311 0.39988319 0.00087719
v -0.19992634 0.44986432 0.00039271
v -0.19990211 0.49984379 -0.00021906
v -0.19988252 0.54982289 -0.00093980
v -0.19986861 0.59980438 -0.00167365
v -0.19985783 0.64979269 -0.00228305
v -0.19983159 0.69979138 -0.00266966
v -0.19979289 0.74978597 -0.00243711
v -0.14932583 -0.74922390 0.00019676
v -0.14962990 -0.69925627 -0.00062696
v -0.14982272 -0.64927837 -0.00101527
v -0.14993609 -0.59933465 -0.00102031
v -0.15000702 -0.54939704 -0.00088754
v -0.15005406 -0.49945905 -0.00069737
v -0.15008564 -0.44951861 -0.00048287
v -0.15010660 -0.39957515 -0.00025936
v -0.15012009 -0.34962850 -0.00003531
v -0.15012818 -0.29967878 0.00018444
v -0.15013227 -0.24972625 0.00039727
v -0.15013328 -0.19977119 0.00060170
v -0.15013176 -0.14981392 0.00079683
v -0.15012807 -0.09985469 0.00098183
v -0.15012234 -0.04989370 0.00115561
v -0.15011458 0.00006895 0.00131640
v -0.15010469 0.05003325 0.00146133
v -0.15009250 0.09999932 0.00158581
v -0.15007776 0.14996737 0.00168282
v -0.15006020 0.19993771 0.00174191
v -0.15003960 0.24991068 0.00174802
v -0.15001582 0.29988653 0.00168021
v -0.14998894 0.34986525 0.00151054
v -0.14995940 0.39984621 0.00120370
v -0.14992829 0.44982786 0.00071937
v -0.14989777 0.49980771 0.00002438
v -0.14987154 0.54978338 -0.00086493
v -0.14985720 0.59975534 -0.00187867
v -0.14984864 0.64973512 -0.00296120
v -0.14984617 0.69973214 -0.00355619
v -0.14977660 0.74973353 -0.00334784
v -0.09913398 -0.74867237 0.00189569
v -0.09956165 -0.69883056 0.00069148
v -0.09974645 -0.64897998 0.00026611
v -0.09985553 -0.59911156 0.00011194
v -0.09992427 -0.54922024 0.00015912
v -0.09997050 -0.49931423 0.00030293
v -0.10000146 -0.44939707 0.00049478
v -0.10002203 -0.39947101 0.00070955
v -0.10003532 -0.34953771 0.00093305
v -0.10004335 -0.29959848 0.00115746
v -0.10004747 -0.24965441 0.00137858
v -0.10004855 -0.19970641 0.00159415
v -0.10004713 -0.14975526 0.00180298
v -0.10004354 -0.09980160 0.00200432
v -0.10003792 -0.04984592 0.00219742
v -0.10003031 0.00011145 0.00238108
v -0.10002065 0.05007034 0.00255327
v -0.10000882 0.10003077 0.00271051
v -0.09999470 0.14999300 0.00284715
v -0.09997814 0.19995748 0.00295440
v -0.09995911 0.24992493 0.00301909
v -0.09993768 0.29989619 0.00302222
v -0.09991418 0.34987215 0.00293742
v -0.09988928 0.39985351 0.00272942
v -0.09986406 0.44984019 0.00235287
v -0.09983991 0.49983007 0.00175492
v -0.09981937 0.54981792 0.00087586
v -0.09980607 0.59979572 -0.00032393
v -0.09980472 0.64975370 -0.00187532
v -0.09982862 0.69968526 -0.00392828
v -0.09980411 0.74964893 -0.00586738
v -0.05055800 -0.74826270 -0.01119602
v -0.05070984 -0.69841812 -0.01155191
v -0.05086032 -0.64862449 -0.01178145
v -0.05093333 -0.59878349 -0.01171256
v -0.05098597 -0.54891634 -0.01154255
v -0.05102140 -0.49903204 -0.01132271
v -0.05104499 -0.44913349 -0.01107952
v -0.05106027 -0.39922312 -0.01082907
v -0.05106958 -0.34930287 -0.01057997
v -0.05107451 -0.29937447 -0.01033665
v -0.05107609 -0.24943950 -0.01010109
v -0.05107492 -0.19949935 -0.00987394
v -0.05107132 -0.14955524 -0.00965518
v -0.05106543 -0.09960820 -0.00944456
v -0.05105719 -0.04965913 -0.00924190
v -0.05104642 0.00029122 -0.00904735
v -0.05103279 0.05024222 -0.00886157
v -0.05101580 0.10019336 -0.00868607
v -0.05099471 0.15014424 -0.00852353
v -0.05096854 0.20009458 -0.00837829
v -0.05093598 0.25004422 -0.00825697
v -0.05089538 0.29999311 -0.00816927
v -0.05084476 0.34994133 -0.00812878
v -0.05078189 0.39988906 -0.00815381
v -0.05070453 0.44983648 -0.00826797
v -0.05061135 0.49978408 -0.00850144
v -0.05050356 0.54973291 -0.00889184
v -0.05038700 0.59968059 -0.00947685
v -0.05030134 0.64962217 -0.01038022
v -0.05019539 0.69954724 -0.01135395
v -0.05027924 0.74946830 -0.01297990
v -0.00946475 -0.74829649 -0.03973830
v -0.00877274 -0.69830342 -0.03925370
v -0.00839837 -0.64839120 -0.03863247
v -0.00813493 -0.59850324 -0.03801358
v -0.00794943 -0.54863356 -0.03744062
v -0.00782413 -0.49875990 -0.03693666
v -0.00774099 -0.44887672 -0.03649834
v -0.00768725 -0.39898235 -0.03611744
v -0.00765349 -0.34907694 -0.03578374
v -0.00763267 -0.29916160 -0.03548740
v -0.00761966 -0.24923790 -0.03521992
v -0.00761081 -0.19930749 -0.03497454
v -0.00760360 -0.14937199 -0.03474613
v -0.00759625 -0.09943286 -0.03453105
v -0.00758747 -0.04949143 -0.03432683
v -0.00757617 0.00045105 -0.03413196
v -0.00756122 0.05039340 -0.03394570
v -0.00754119 0.10033442 -0.03376794
v -0.00751410 0.15027284 -0.03359915
v -0.00747707 0.20020728 -0.03344034
v -0.00742595 0.25013622 -0.03329305
v -0.00735488 0.30005796 -0.03315937
v -0.00725592 0.34997074 -0.03304184
v -0.00711868 0.39987289 -0.03294322
v -0.00693024 0.44976315 -0.03286595
v -0.00667557 0.49964121 -0.03281110
v -0.00633833 0.54950853 -0.03277604
v -0.00590166 0.59937059 -0.03275092
v -0.00536822 0.64925025 -0.03270692
v -0.00474246 0.69915416 -0.03258737
v -0.00397776 0.74914418 -0.03213372
v 0.00947559 -0.74881254 0.00664969
v 0.00829057 -0.69889741 0.00791251
v 0.00760652 -0.64897703 0.00891149
v 0.00693400 -0.59904059 0.00986836
v 0.00649827 -0.54909664 0.01063768
v 0.00618725 -0.49915040 0.01127466
v 0.00597187 -0.44920448 0.01179904
v 0.00582562 -0.39925810 0.01223453
v 0.00572898 -0.34931097 0.01260175
v 0.00566767 -0.29936304 0.01291769
v 0.00563094 -0.24941425 0.01319584
v 0.00561109 -0.19946462 0.01344643
v 0.00560281 -0.14951426 0.01367688
v 0.00560262 -0.09956337 0.01389237
v 0.00560834 -0.04961229 0.01409635
v 0.00561874 0.00033857 0.01429098
v 0.00563323 0.05028865 0.01447750
v 0.00565163 0.10023731 0.01465649
v 0.00567407 0.15018375 0.01482803
v 0.00570076 0.20012706 0.01499193
v 0.00573185 0.25006612 0.01514781
v 0.00576719 0.29999967 0.01529531
v 0.00580593 0.34992622 0.01543431
v 0.00584599 0.39984412 0.01556536
v 0.00588313 0.44975149 0.01569031
v 0.00590965 0.49964625 0.01581340
v 0.00591173 0.54952581 0.01594325
v 0.00586740 0.59938702 0.01609423
v 0.00573794 0.64921997 0.01630047
v 0.00533746 0.69900157 0.01666416
v 0.00482131 0.74883395 0.01712200
v 0.03905327 -0.74915818 0.04701915
v 0.03778293 -0.69919970 0.04851458
v 0.03638401 -0.64927308 0.05007272
v 0.03528662 -0.59932401 0.05136125
v 0.03440945 -0.54935580 0.05244638
v 0.03373970 -0.49937655 0.05333488
v 0.03325374 -0.44939359 0.05404517
v 0.03291271 -0.39941216 0.05461229
v 0.03268162 -0.34943464 0.05506904
v 0.03253008 -0.29946141 0.05544415
v 0.03243449 -0.24949205 0.05576025
v 0.03237734 -0.19952591 0.05603437
v 0.03234613 -0.14956230 0.05627890
v 0.03233236 -0.09960069 0.05650243
v 0.03233043 -0.04964070 0.05671075
v 0.03233685 0.00031782 0.05690756
v 0.03234953 0.05027483 0.05709511
v 0.03236725 0.10023014 0.05727468
v 0.03238935 0.15018335 0.05744690
v 0.03241529 0.20013393 0.05761205
v 0.03244444 0.25008121 0.05777032
v 0.03247566 0.30002437 0.05792205
v 0.03250680 0.34996244 0.05806808
v 0.03253398 0.39989427 0.05821034
v 0.03255027 0.44981849 0.05835282
v 0.03254345 0.49973332 0.05850325
v 0.03249226 0.54963636 0.05867592
v 0.03235716 0.59952375 0.05890022
v 0.03205125 0.64938678 0.05923802
v 0.03150430 0.69923146 0.05970890
v 0.03022695 0.74906249 0.06056529
v 0.07229454 -0.74939040 0.08443073
v 0.07265894 -0.69939253 0.08437484
v 0.07233159 -0.64939644 0.08490649
v 0.07161860 -0.59941935 0.08582127
v 0.07092020 -0.54945138 0.08672713
v 0.07028557 -0.49948099 0.08758561
v 0.06976764 -0.44950654 0.08833424
v 0.06938134 -0.39952965 0.08895294
v 0.06910650 -0.34955253 0.08945853
v 0.06891735 -0.29957679 0.08987498
v 0.06879115 -0.24960319 0.09022426
v 0.06870994 -0.19963189 0.09052411
v 0.06866041 -0.14966278 0.09078796
v 0.06863312 -0.09969565 0.09102556
v 0.06862164 -0.04973030 0.09124368
v 0.06862178 0.00023343 0.09144685
v 0.06863087 0.05019557 0.09163797
v 0.06864731 0.10015609 0.09181876
v 0.06867016 0.15011484 0.09199016
v 0.06869877 0.20007159 0.09215254
v 0.06873259 0.25002606 0.09230600
v 0.06877076 0.29997792 0.09245050
v 0.06881182 0.34992685 0.09258617
v 0.06885311 0.39987260 0.09271359
v 0.06888994 0.44981501 0.09283441
v 0.06891426 0.49975426 0.09295205
v 0.06891193 0.54969088 0.09307369
v 0.06885334 0.59962693 0.09321678
v 0.06866520 0.64956868 0.09342839
v 0.06814626 0.69954358 0.09385950
v 0.06725087 0.74950515 0.09451016
v 0.10681097 -0.74958531 0.12064811
v 0.10717217 -0.69959364 0.12054374
v 0.10703273 -0.64959517 0.12091839
v 0.10668958 -0.59960718 0.12147128
v 0.10621772 -0.54962734 0.12215316
v 0.10572598 -0.49965125 0.12286123
v 0.10528916 -0.44967544 0.12352062
v 0.10492473 -0.39969811 0.12411142
v 0.10463692 -0.34971976 0.12462613
v 0.10441967 -0.29974139 0.12506855
v 0.10426109 -0.24976389 0.12544915
v 0.10414876 -0.19978784 0.12577968
v 0.10407173 -0.14981351 0.12607090
v 0.10402117 -0.09984096 0.12633173
v 0.10399037 -0.04987014 0.12656913
v 0.10397437 0.00009906 0.12678830
v 0.10396965 0.05006673 0.12699298
v 0.10397371 0.10003294 0.12718576
v 0.10398474 0.14999771 0.12736837
v 0.10400133 0.19996105 0.12754194
v 0.10402216 0.24992298 0.12770722
v 0.10404576 0.29988355 0.12786474
v 0.10407012 0.34984288 0.12801503
v 0.10409235 0.39980127 0.12815881
v 0.10410801 0.44975930 0.12829730
v 0.10411026 0.49971799 0.12843262
v 0.10408821 0.54967918 0.12856825
v 0.10402483 0.59964722 0.12870882
v 0.10388279 0.64962802 0.12886943
v 0.10361420 0.69962314 0.12908527
v 0.10326771 0.74959316 0.12929876
v 0.14161587 -0.74976507 0.15657935
v 0.14187537 -0.69977471 0.15655427
v 0.14196580 -0.64977622 0.15670492
v 0.14184739 -0.59978225 0.15704427
v 0.14156774 -0.54979380 0.15753990
v 0.14122810 -0.49981081 0.15809481
v 0.14087973 -0.44983027 0.15866257
v 0.14056030 -0.39985035 0.15920442
v 0.14028910 -0.34987022 0.15969928
v 0.14006982 -0.29988982 0.16014159
v 0.13989929 -0.24990963 0.16053297
v 0.13977096 -0.19993015 0.16087899
v 0.13967731 -0.14995177 0.16118673
v 0.13961124 -0.09997472 0.16146312
v 0.13956676 -0.04999908 0.16171425
v 0.13953904 -0.00002483 0.16194506
v 0.13952437 0.04994811 0.16215942
v 0.13951991 0.09991987 0.16236018
v 0.13952348 0.14989058 0.16254942
v 0.13953327 0.19986041 0.16272861
v 0.13954767 0.24982958 0.16289873
v 0.13956497 0.29979838 0.16306049
v 0.13958311 0.34976723 0.16321444
v 0.13959933 0.39973676 0.16336113
v 0.13960974 0.44970789 0.16350127
v 0.13960866 0.49968200 0.16363600
v 0.13958762 0.54966122 0.16376694
v 0.13953363 0.59964853 0.16389767
v 0.13942941 0.64964331 0.16403620
v 0.13927453 0.69964360 0.16418524
v 0.13908554 0.74961853 0.16432635
v 0.17657194 -0.74993627 0.19236058
v 0.17680620 -0.69994595 0.19235066
v 0.17694527 -0.64994948 0.19244238
v 0.17693142 -0.59995413 0.19268165
v 0.17680270 -0.54996153 0.19302935
v 0.17658956 -0.49997306 0.19345925
v 0.17633587 -0.44998771 0.19393046
v 0.17608009 -0.40000414 0.19440534
v 0.17584382 -0.35002118 0.19486189
v 0.17563895 -0.30003835 0.19528695
v 0.17546961 -0.25005562 0.19567514
v 0.17533472 -0.20007322 0.19602649
v 0.17523069 -0.15009144 0.19634393
v 0.17515295 -0.10011052 0.19663166
v 0.17509692 -0.05013062 0.19689412
v 0.17505846 -0.00015175 0.19713543
v 0.17503407 0.04982613 0.19735909
v 0.17502088 0.09980316 0.19756793
v 0.17501650 0.14977952 0.19776415
v 0.17501892 0.19975547 0.19794938
v 0.17502629 0.24973135 0.19812481
v 0.17503675 0.29970758 0.19829127
v 0.17504824 0.34968472 0.19844936
v 0.17505819 0.39966349 0.19859955
v 0.17506330 0.44964485 0.19874226
v 0.17505917 0.49963002 0.19887796
v 0.17503991 0.54962029 0.19900750
v 0.17499857 0.59961622 0.19913306
v 0.17492956 0.64961496 0.19925741
v 0.17483502 0.69961441 0.19938333
v 0.17471905 0.74959274 0.19950240
v 0.21163506 -0.75010110 0.22803469
v 0.21184401 -0.70011012 0.22804218
v 0.21198928 -0.65011434 0.22811988
v 0.21204490 -0.60011899 0.22828806
v 0.21200783 -0.55012465 0.22854531
v 0.21189138 -0.50013275 0.22887971
v 0.21172513 -0.45014346 0.22926287
v 0.21153513 -0.40015616 0.22967016
v 0.21134354 -0.35017004 0.23007947
v 0.21116557 -0.30018448 0.23047508
v 0.21100928 -0.25019916 0.23084804
v 0.21087793 -0.20021406 0.23119424
v 0.21077150 -0.15022930 0.23151299
v 0.21068803 -0.10024504 0.23180572
v 0.21062470 -0.05026140 0.23207497
v 0.21057848 -0.00027843 0.23232358
v 0.21054647 0.04970391 0.23255433
v 0.21052604 0.09968574 0.23276967
v 0.21051491 0.14966727 0.23297165
v 0.21051102 0.19964878 0.23316191
v 0.21051247 0.24963063 0.23334167
v 0.21051738 0.29961330 0.23351186
v 0.21052374 0.34959734 0.23367312
v 0.21052924 0.39958343 0.23382591
v 0.21053114 0.44957232 0.23397062
v 0.21052615 0.49956477 0.23410764
v 0.21051052 0.54956104 0.23423776
v 0.21048082 0.59956054 0.23436250
v 0.21043472 0.64956033 0.23448364
v 0.21037482 0.69955959 0.23460328
v 0.21030497 0.74954079 0.23471415
v 0.24676593 -0.75026048 0.26363939
v 0.24695307 -0.70026877 0.26366264
v 0.24709993 -0.65027320 0.26373303
v 0.24718667 -0.60027812 0.26386572
v 0.24720443 -0.55028307 0.26406724
v 0.24715879 -0.50028929 0.26433062
v 0.24706240 -0.45029724 0.26464358
v 0.24693312 -0.40030687 0.26498892
v 0.24678909 -0.35031777 0.26534880
v 0.24664448 -0.30032944 0.26570888
v 0.24650931 -0.25034154 0.26605866
v 0.24638946 -0.20035386 0.26639160
v 0.24628755 -0.15036639 0.26670444
v 0.24620395 -0.10037916 0.26699627
v 0.24613765 -0.05039225 0.26726770
v 0.24608689 -0.00040567 0.26752018
v 0.24604959 0.04958061 0.26775555
v 0.24602365 0.09956670 0.26797563
v 0.24600708 0.14955280 0.26818215
v 0.24599794 0.19953917 0.26837654
v 0.24599445 0.24952617 0.26856000
v 0.24599479 0.29951421 0.26873343
v 0.24599711 0.34950380 0.26889754
v 0.24599941 0.39949543 0.26905284
v 0.24599948 0.44948959 0.26919978
v 0.24599496 0.49948653 0.26933890
v 0.24598353 0.54948596 0.26947100
v 0.24596336 0.59948697 0.26959735
v 0.24593349 0.64948706 0.26971919
v 0.24589664 0.69948595 0.26983824
v 0.24585364 0.74946931 0.26995027
v 0.28194407 -0.75041543 0.29919465
v 0.28211477 -0.70042298 0.29922980
v 0.28225810 -0.65042734 0.29929891
v 0.28235916 -0.60043229 0.29941311
v 0.28241129 -0.55043697 0.29957781
v 0.28241291 -0.50044218 0.29979267
v 0.28236947 -0.45044834 0.30005189
v 0.28229180 -0.40045567 0.30034456
v 0.28219229 -0.35046405 0.30065847
v 0.28208288 -0.30047320 0.30098162
v 0.28197332 -0.25048284 0.30130395
v 0.28187051 -0.20049273 0.30161813
v 0.28177872 -0.15050276 0.30191937
v 0.28170005 -0.10051288 0.30220506
v 0.28163503 -0.05052309 0.30247422
v 0.28158313 -0.00053337 0.30272701
v 0.28154323 0.04945633 0.30296421
v 0.28151388 0.09944610 0.30318696
v 0.28149351 0.14943612 0.30339647
v 0.28148051 0.19942663 0.30359389
v 0.28147327 0.24941791 0.30378024
v 0.28147018 0.29941032 0.30395639
v 0.28146960 0.34940422 0.30412304
v 0.28146985 0.39939992 0.30428077
v 0.28146920 0.44939765 0.30443016
v 0.28146596 0.49939733 0.30457184
v 0.28145863 0.54939846 0.30470665
v 0.28144618 0.59940011 0.30483571
v 0.28142828 0.64940020 0.30496006
v 0.28140710 0.69939885 0.30508148
v 0.28138214 0.74938403 0.30519702
v 0.31715715 -0.75056675 0.33471268
v 0.31731470 -0.70057354 0.33475745
v 0.31745281 -0.65057768 0.33482780
v 0.31756081 -0.60058248 0.33493138
v 0.31763293 -0.55058698 0.33507307
v 0.31766585 -0.50059161 0.33525468
v 0.31766126 -0.45059664 0.33547365
v 0.31762457 -0.40060234 0.33572414
v 0.31756383 -0.35060875 0.33599796
v 0.31748801 -0.30061577 0.33628603
v 0.31740536 -0.25062322 0.33657986
v 0.31732267 -0.20063089 0.33687234
v 0.31724486 -0.15063866 0.33715813
v 0.31717509 -0.10064641 0.33743362
v 0.31711503 -0.05065410 0.33769673
v 0.31706523 -0.00066166 0.33794651
v 0.31702542 0.04933095 0.33818282
v 0.31699488 0.09932385 0.33840606
v 0.31697254 0.14931717 0.33861689
v 0.31695718 0.19931109 0.33881608
v 0.31694752 0.24930585 0.33900444
v 0.31694219 0.29930170 0.33918270
v 0.31693982 0.34929886 0.33935152
v 0.31693905 0.39929749 0.33951152
v 0.31693854 0.44929760 0.33966335
v 0.31693706 0.49929898 0.33980771
v 0.31693358 0.54930104 0.33994544
v 0.31692755 0.59930295 0.34007759
v 0.31691880 0.64930298 0.34020511
v 0.31690907 0.69930150 0.34032974
v 0.31689715 0.74928826 0.34044930
v 0.35239665 -0.75071505 0.37020192
v 0.35254357 -0.70072108 0.37025460
v 0.35267632 -0.65072495 0.37032705
v 0.35278695 -0.60072948 0.37042478
v 0.35287077 -0.55073376 0.37055183
v 0.35292442 -0.50073798 0.37071036
v 0.35294744 -0.45074228 0.37089992
v 0.35294222 -0.40074685 0.37111748
v 0.35291358 -0.35075178 0.37135784
v 0.35286766 -0.30075709 0.37161461
v 0.35281092 -0.25076268 0.37188108
v 0.35274930 -0.20076843 0.37215105
v 0.35268764 -0.15077419 0.37241931
v 0.35262953 -0.10077987 0.37268190
v 0.35257734 -0.05078536 0.37293604
v 0.35253238 -0.00079061 0.37318003
v 0.35249517 0.04920447 0.37341298
v 0.35246559 0.09919996 0.37363461
v 0.35244313 0.14919598 0.37384507
v 0.35242703 0.19919267 0.37404472
v 0.35241631 0.24919018 0.37423409
v 0.35240996 0.29918867 0.37441373
v 0.35240689 0.34918825 0.37458422
v 0.35240602 0.39918895 0.37474617
v 0.35240634 0.44919067 0.37490022
v 0.35240695 0.49919310 0.37504709
v 0.35240714 0.54919568 0.37518762
v 0.35240658 0.59919768 0.37532279
v 0.35240516 0.64919767 0.37545349
v 0.35240428 0.69919617 0.37558137
v 0.35240235 0.74918432 0.37570476
v 0.38765671 -0.75086084 0.40566833
v 0.38779496 -0.70086615 0.40572758
v 0.38792260 -0.65086969 0.40580247
v 0.38803359 -0.60087390 0.40589708
v 0.38812423 -0.55087790 0.40601459
v 0.38819144 -0.50088179 0.40615715
v 0.38823392 -0.45088556 0.40632524
v 0.38825236 -0.40088933 0.40651744
v 0.38824936 -0.35089318 0.40673069
v 0.38822890 -0.30089717 0.40696062
v 0.38819569 -0.25090126 0.40720222
v 0.38815451 -0.20090538 0.40745040
v 0.38810969 -0.15090943 0.40770054
v 0.38806479 -0.10091332 0.40794874
v 0.38802245 -0.05091696 0.40819197
v 0.38798450 -0.00092025 0.40842806
v 0.38795197 0.04907687 0.40865560
v 0.38792532 0.09907448 0.40887379
v 0.38790451 0.14907267 0.40908228
v 0.38788919 0.19907154 0.40928109
v 0.38787879 0.24907118 0.40947041
v 0.38787261 0.29907166 0.40965062
v 0.38786985 0.34907300 0.40982216
v 0.38786972 0.39907515 0.40998557
v 0.38787148 0.44907793 0.41014145
v 0.38787448 0.49908102 0.41029049
v 0.38787822 0.54908389 0.41043347
v 0.38788249 0.59908591 0.41057132
v 0.38788724 0.64908591 0.41070487
v 0.38789355 0.69908447 0.41083566
v 0.38789969 0.74907387 0.41096239
v 0.42293310 -0.75100456 0.44111625
v 0.42306420 -0.70100918 0.44118103
v 0.42318718 -0.65101238 0.44125843
v 0.42329737 -0.60101623 0.44135149
v 0.42339183 -0.55101993 0.44146277
v 0.42346790 -0.50102349 0.44159416
v 0.42352404 -0.45102684 0.44174652
v 0.42356004 -0.40103001 0.44191938
v 0.42357710 -0.35103307 0.44211099
v 0.42357764 -0.30103605 0.44231850
v 0.42356491 -0.25103897 0.44253829
v 0.42354256 -0.20104177 0.44276639
v 0.42351418 -0.15104442 0.44299890
v 0.42348299 -0.10104682 0.44323229
v 0.42345165 -0.05104890 0.44346356
v 0.42342218 -0.00105059 0.44369036
v 0.42339596 0.04894819 0.44391096
v 0.42337384 0.09894750 0.44412418
v 0.42335622 0.14894741 0.44432933
v 0.42334311 0.19894796 0.44452607
v 0.42333430 0.24894919 0.44471433
v 0.42332940 0.29895113 0.44489425
v 0.42332790 0.34895373 0.44506614
v 0.42332929 0.39895688 0.44523041
v 0.42333304 0.44896036 0.44538759
v 0.42333870 0.49896385 0.44553830
v 0.42334595 0.54896686 0.44568327
v 0.42335467 0.59896889 0.44582332
v 0.42336479 0.64896893 0.44595924
v 0.42337724 0.69896761 0.44609243
v 0.42339022 0.74895814 0.44622185
v 0.45822268 -0.75114657 0.47654894
v 0.45834786 -0.70115056 0.47661845
v 0.45846668 -0.65115342 0.47669827
v 0.45857547 -0.60115690 0.47679076
v 0.45867192 -0.55116026 0.47689795
v 0.45875377 -0.50116349 0.47702146
v 0.45881949 -0.45116647 0.47716224
v 0.45886843 -0.40116919 0.47732035
v 0.45890098 -0.35117165 0.47749485
v 0.45891848 -0.30117387 0.47768395
v 0.45892309 -0.25117588 0.47788509
v 0.45891744 -0.20117766 0.47809528
v 0.45890437 -0.15117917 0.47831137
v 0.45888663 -0.10118037 0.47853030
v 0.45886667 -0.05118119 0.47874931
v 0.45884651 -0.00118159 0.47896608
v 0.45882771 0.04881851 0.47917873
v 0.45881136 0.09881915 0.47938589
v 0.45879817 0.14882037 0.47958657
v 0.45878848 0.19882218 0.47978019
v 0.45878238 0.24882459 0.47996643
v 0.45877976 0.29882757 0.48014524
v 0.45878039 0.34883103 0.48031674
v 0.45878398 0.39883484 0.48048122
v 0.45879021 0.44883876 0.48063911
v 0.45879883 0.49884248 0.48079093
v 0.45880961 0.54884557 0.48093731
v 0.45882253 0.59884760 0.48107901
v 0.45883754 0.64884771 0.48121674
v 0.45885542 0.69884653 0.48135175
v 0.45887441 0.74883810 0.48148321
v 0.49352310 -0.75128720 0.51196894
v 0.49364333 -0.70129061 0.51204252
v 0.49375847 -0.65129313 0.51212464
v 0.49386563 -0.60129623 0.51221714
v 0.49396293 -0.55129926 0.51232166
v 0.49404851 -0.50130216 0.51243956
v 0.49412094 -0.45130480 0.51257178
v 0.49417941 -0.40130713 0.51271861
v 0.49422383 -0.35130912 0.51287964
v 0.49425486 -0.30131078 0.51305376
v 0.49427384 -0.25131210 0.51323922
v 0.49428262 -0.20131308 0.51343382
v 0.49428335 -0.15131372 0.51363506
v 0.49427825 -0.10131398 0.51384042
v 0.49426948 -0.05131382 0.51404746
v 0.49425892 -0.00131320 0.51425400
v 0.49424816 0.04868792 0.51445820
v 0.49423841 0.09868957 0.51465856
v 0.49423059 0.14869176 0.51485396
v 0.49422527 0.19869449 0.51504362
v 0.49422279 0.24869773 0.51522702
v 0.49422330 0.29870142 0.51540394
v 0.49422680 0.34870545 0.51557435
v 0.49423320 0.39870967 0.51573839
v 0.49424237 0.44871384 0.51589636
v 0.49425421 0.49871767 0.51604869
v 0.49426861 0.54872078 0.51619591
v 0.49428560 0.59872280 0.51633868
v 0.49430518 0.64872301 0.51647762
v 0.49432802 0.69872199 0.51661387
v 0.49435246 0.74871451 0.51674674
v 0.52883254 -0.75142672 0.54737823
v 0.52894861 -0.70142960 0.54745538
v 0.52906052 -0.65143181 0.54753963
v 0.52916597 -0.60143453 0.54763250
v 0.52926345 -0.55143722 0.54773530
v 0.52935139 -0.50143980 0.54784920
v 0.52942853 -0.45144212 0.54797503
v 0.52949401 -0.40144411 0.54811321
v 0.52954751 -0.35144572 0.54826364
v 0.52958924 -0.30144693 0.54842565
v 0.52961999 -0.25144773 0.54859808
v 0.52964100 -0.20144813 0.54877932
v 0.52965384 -0.15144810 0.54896745
v 0.52966028 -0.10144765 0.54916042
v 0.52966210 -0.05144674 0.54935616
v 0.52966100 -0.00144536 0.54955272
v 0.52965848 0.04855652 0.54974834
v 0.52965579 0.09855890 0.54994155
v 0.52965394 0.14856179 0.55013115
v 0.52965368 0.19856515 0.55031622
v 0.52965553 0.24856895 0.55049615
v 0.52965985 0.29857310 0.55067053
v 0.52966682 0.34857747 0.55083920
v 0.52967653 0.39858191 0.55100217
v 0.52968903 0.44858620 0.55115962
v 0.52970433 0.49859005 0.55131187
v 0.52972244 0.54859314 0.55145935
v 0.52974346 0.59859515 0.55160261
v 0.52976740 0.64859546 0.55174220
v 0.52979488 0.69859461 0.55187910
v 0.52982438 0.74858802 0.55201277
v 0.56414955 -0.75156537 0.58277843
v 0.56426211 -0.70156777 0.58285870
v 0.56437122 -0.65156968 0.58294493
v 0.56447501 -0.60157205 0.58303838
v 0.56457225 -0.55157440 0.58314012
v 0.56466164 -0.50157666 0.58325114
v 0.56474207 -0.45157867 0.58337218
v 0.56481273 -0.40158036 0.58350370
v 0.56487316 -0.35158164 0.58364577
v 0.56492332 -0.30158250 0.58379803
v 0.56496362 -0.25158291 0.58395970
v 0.56499486 -0.20158286 0.58412963
v 0.56501816 -0.15158236 0.58430637
v 0.56503488 -0.10158138 0.58448828
v 0.56504646 -0.05157993 0.58467363
v 0.56505436 -0.00157800 0.58486074
v 0.56505994 0.04842441 0.58504799
v 0.56506443 0.09842730 0.58523399
v 0.56506887 0.14843066 0.58541753
v 0.56507410 0.19843443 0.58559765
v 0.56508077 0.24843857 0.58577363
v 0.56508937 0.29844297 0.58594496
v 0.56510027 0.34844752 0.58611135
v 0.56511370 0.39845204 0.58627271
v 0.56512983 0.44845633 0.58642909
v 0.56514881 0.49846015 0.58658071
v 0.56517073 0.54846319 0.58672790
v 0.56519574 0.59846518 0.58687110
v 0.56522391 0.64846560 0.58701078
v 0.56525581 0.69846492 0.58714780
v 0.56529007 0.74845915 0.58728171
v 0.59947299 -0.75170336 0.61817085
v 0.59958259 -0.70170532 0.61825388
v 0.59968925 -0.65170696 0.61834193
v 0.59979148 -0.60170899 0.61843607
v 0.59988826 -0.55171102 0.61853720
v 0.59997850 -0.50171296 0.61864615
v 0.60006124 -0.45171468 0.61876358
v 0.60013572 -0.40171608 0.61888995
v 0.60020145 -0.35171709 0.61902541
v 0.60025824 -0.30171766 0.61916980
v 0.60030625 -0.25171776 0.61932263
v 0.60034598 -0.20171739 0.61948307
v 0.60037819 -0.15171653 0.61965003
v 0.60040391 -0.10171519 0.61982222
v 0.60042428 -0.05171337 0.61999823
v 0.60044053 -0.00171106 0.62017660
v 0.60045385 0.04829171 0.62035593
v 0.60046539 0.09829492 0.62053491
v 0.60047617 0.14829856 0.62071238
v 0.60048707 0.19830257 0.62088738
v 0.60049882 0.24830687 0.62105912
v 0.60051202 0.29831138 0.62122703
v 0.60052715 0.34831596 0.62139074
v 0.60054457 0.39832046 0.62155003
v 0.60056456 0.44832469 0.62170487
v 0.60058736 0.49832842 0.62185537
v 0.60061316 0.54833139 0.62200176
v 0.60064215 0.59833335 0.62214439
v 0.60067446 0.64833387 0.62228367
v 0.60071063 0.69833336 0.62242030
v 0.60074941 0.74832835 0.62255394
v 0.63480195 -0.75184084 0.65355659
v 0.63490902 -0.70184244 0.65364205
v 0.63501357 -0.65184381 0.65373177
v 0.63511438 -0.60184553 0.65382665
v 0.63521058 -0.55184725 0.65392747
v 0.63530127 -0.50184889 0.65403493
v 0.63538562 -0.45185032 0.65414963
v 0.63546294 -0.40185146 0.65427199
v 0.63553274 -0.35185221 0.65440222
v 0.63559475 -0.30185254 0.65454027
v 0.63564898 -0.25185241 0.65468584
v 0.63569571 -0.20185179 0.65483836
v 0.63573544 -0.15185069 0.65499700
v 0.63576894 -0.10184910 0.65516076
v 0.63579710 -0.05184703 0.65532849
v 0.63582092 -0.00184449 0.65549896
v 0.63584145 0.04815849 0.65567095
v 0.63585971 0.09816189 0.65584327
v 0.63587667 0.14816567 0.65601485
v 0.63589322 0.19816977 0.65618474
v 0.63591012 0.24817412 0.65635215
v 0.63592805 0.29817861 0.65651644
v 0.63594757 0.34818313 0.65667717
v 0.63596913 0.39818753 0.65683406
v 0.63599311 0.44819164 0.65698697
v 0.63601982 0.49819524 0.65713593
v 0.63604954 0.54819812 0.65728109
v 0.63608250 0.59820005 0.65742272
v 0.63611886 0.64820066 0.65756113
v 0.63615915 0.69820030 0.65769693
v 0.63620229 0.74819600 0.65782985
v 0.67013564 -0.75197798 0.68893658
v 0.67024058 -0.70197925 0.68902420
v 0.67034331 -0.65198039 0.68911542
v 0.67044284 -0.60198181 0.68921106
v 0.67053843 -0.55198325 0.68931176
v 0.67062932 -0.50198460 0.68941815
v 0.67071480 -0.45198576 0.68953076
v 0.67079424 -0.40198664 0.68964997
v 0.67086718 -0.35198717 0.68977603
v 0.67093332 -0.30198728 0.68990897
v 0.67099256 -0.25198695 0.69004860
v 0.67104503 -0.20198615 0.69019453
v 0.67109108 -0.15198487 0.69034614
v 0.67113124 -0.10198312 0.69050266
v 0.67116620 -0.05198090 0.69066314
v 0.67119679 -0.00197824 0.69082658
v 0.67122388 0.04802485 0.69099190
v 0.67124840 0.09802833 0.69115807
v 0.67127123 0.14803214 0.69132408
v 0.67129324 0.19803623 0.69148903
v 0.67131521 0.24804052 0.69165214
v 0.67133784 0.29804492 0.69181275
v 0.67136175 0.34804931 0.69197036
v 0.67138748 0.39805356 0.69212462
v 0.67141547 0.44805750 0.69227534
v 0.67144612 0.49806095 0.69242245
v 0.67147973 0.54806372 0.69256602
v 0.67151661 0.59806562 0.69270625
v 0.67155695 0.64806631 0.69284340
v 0.67160124 0.69806610 0.69297797
v 0.67164856 0.74806244 0.69310976
v 0.70547345 -0.75211489 0.72431162
v 0.70557657 -0.70211588 0.72440114
v 0.70567774 -0.65211681 0.72449371
v 0.70577614 -0.60211797 0.72459006
v 0.70587114 -0.55211913 0.72469077
v 0.70596208 -0.50212021 0.72479639
v 0.70604835 -0.45212112 0.72490738
v 0.70612940 -0.40212176 0.72502412
v 0.70620479 -0.35212207 0.72514684
v 0.70627420 -0.30212200 0.72527563
v 0.70633749 -0.25212150 0.72541039
v 0.70639469 -0.20212056 0.72555085
v 0.70644601 -0.15211915 0.72569655
v 0.70649182 -0.10211730 0.72584689
v 0.70653267 -0.05211499 0.72600111
v 0.70656922 -0.00211227 0.72615836
v 0.70660220 0.04789085 0.72631774
v 0.70663242 0.09789432 0.72647832
v 0.70666070 0.14789809 0.72663918
v 0.70668785 0.19790211 0.72679949
v 0.70671465 0.24790628 0.72695847
v 0.70674181 0.29791054 0.72711547
v 0.70677000 0.34791475 0.72726995
v 0.70679980 0.39791880 0.72742149
v 0.70683173 0.44792255 0.72756985
v 0.70686624 0.49792584 0.72771488
v 0.70690368 0.54792849 0.72785660
v 0.70694440 0.59793033 0.72799513
v 0.70698861 0.64793110 0.72813068
v 0.70703679 0.69793103 0.72826367
v 0.70708815 0.74792798 0.72839398
v 0.74081481 -0.75225167 0.75968240
v 0.74091640 -0.70225243 0.75977359
v 0.74101625 -0.65225317 0.75986735
v 0.74111367 -0.60225408 0.75996437
v 0.74120812 -0.55225500 0.76006515
v 0.74129904 -0.50225583 0.76017018
v 0.74138589 -0.45225650 0.76027991
v 0.74146818 -0.40225692 0.76039466
v 0.74154549 -0.35225703 0.76051469
v 0.74161753 -0.30225679 0.76064009
v 0.74168411 -0.25225614 0.76077085
v 0.74174520 -0.20225508 0.76090678
v 0.74180091 -0.15225358 0.76104753
v 0.74185151 -0.10225166 0.76119263
v 0.74189741 -0.05224931 0.76134148
v 0.74193915 -0.00224657 0.76149336
v 0.74197733 0.04775653 0.76164751
v 0.74201267 0.09775995 0.76180309
v 0.74204590 0.14776364 0.76195930
v 0.74207777 0.19776754 0.76211535
v 0.74210906 0.24777157 0.76227048
v 0.74214047 0.29777564 0.76242405
v 0.74217269 0.34777965 0.76257550
v 0.74220637 0.39778350 0.76272436
v 0.74224206 0.44778704 0.76287031
v 0.74228026 0.49779015 0.76301316
v 0.74232139 0.54779268 0.76315285
v 0.74236581 0.59779447 0.76328946
v 0.74241377 0.64779530 0.76342313
v 0.74246572 0.69779535 0.76355425
v 0.74252097 0.74779285 0.76368276
v 0.77615926 -0.75238839 0.79504955
v 0.77625956 -0.70238896 0.79514217
v 0.77635829 -0.65238954 0.79523697
v 0.77645489 -0.60239024 0.79533457
v 0.77654887 -0.55239093 0.79543543
v 0.77663976 -0.50239153 0.79554001
v 0.77672705 -0.45239198 0.79564871
v 0.77681032 -0.40239220 0.79576185
v 0.77688919 -0.35239213 0.79587967
v 0.77696335 -0.30239173 0.79600230
v 0.77703263 -0.25239096 0.79612975
v 0.77709693 -0.20238979 0.79626191
v 0.77715631 -0.15238822 0.79639852
v 0.77721095 -0.10238624 0.79653920
v 0.77726116 -0.05238388 0.79668347
v 0.77730737 -0.00238114 0.79683074
v 0.77735009 0.04762192 0.79698033
v 0.77738994 0.09762528 0.79713154
v 0.77742758 0.14762887 0.79728362
v 0.77746371 0.19763264 0.79743583
v 0.77749906 0.24763650 0.79758748
v 0.77753434 0.29764039 0.79773791
v 0.77757026 0.34764420 0.79788653
v 0.77760750 0.39764784 0.79803285
v 0.77764666 0.44765119 0.79817648
v 0.77768830 0.49765412 0.79831716
v 0.77773290 0.54765652 0.79845476
v 0.77778084 0.59765825 0.79858930
v 0.77783239 0.64765913 0.79872090
v 0.77788796 0.69765929 0.79884990
v 0.77794697 0.74765730 0.79897635
v 0.81150637 -0.75252509 0.83041364
v 0.81160558 -0.70252552 0.83050747
v 0.81170340 -0.65252596 0.83060314
v 0.81179933 -0.60252648 0.83070121
v 0.81189294 -0.55252697 0.83080213
v 0.81198380 -0.50252738 0.83090633
v 0.81207148 -0.45252764 0.83101416
v 0.81215557 -0.40252768 0.83112595
v 0.81223572 -0.35252745 0.83124194
v 0.81231166 -0.30252691 0.83136225
v 0.81238316 -0.25252602 0.83148695
v 0.81245014 -0.20252476 0.83161595
v 0.81251260 -0.15252312 0.83174908
v 0.81257064 -0.10252110 0.83188604
v 0.81262452 -0.05251872 0.83202643
v 0.81267456 -0.00251599 0.83216976
v 0.81272120 0.04748704 0.83231544
v 0.81276497 0.09749034 0.83246286
v 0.81280647 0.14749384 0.83261133
v 0.81284635 0.19749749 0.83276019
v 0.81288529 0.24750121 0.83290877
v 0.81292400 0.29750493 0.83305640
v 0.81296320 0.34750856 0.83320250
v 0.81300358 0.39751200 0.83334653
v 0.81304583 0.44751517 0.83348805
v 0.81309055 0.49751794 0.83362669
v 0.81313830 0.54752021 0.83376226
v 0.81318950 0.59752189 0.83389471
v 0.81324443 0.64752280 0.83402412
v 0.81330348 0.69752306 0.83415081
v 0.81336610 0.74752154 0.83427494
v 0.84685573 -0.75266182 0.86577517
v 0.84695405 -0.70266214 0.86587000
v 0.84705114 -0.65266247 0.86596636
v 0.84714656 -0.60266284 0.86606479
v 0.84723992 -0.55266317 0.86616571
v 0.84733082 -0.50266342 0.86626953
v 0.84741886 -0.45266352 0.86637660
v 0.84750368 -0.40266341 0.86648722
v 0.84758495 -0.35266305 0.86660163
v 0.84766238 -0.30266239 0.86671998
v 0.84773578 -0.25266140 0.86684234
v 0.84780502 -0.20266005 0.86696869
v 0.84787007 -0.15265835 0.86709888
v 0.84793100 -0.10265628 0.86723270
v 0.84798798 -0.05265387 0.86736981
v 0.84804128 -0.00265114 0.86750979
v 0.84809128 0.04735188 0.86765214
v 0.84813842 0.09735514 0.86779632
v 0.84818325 0.14735859 0.86794171
v 0.84822635 0.19736215 0.86808769
v 0.84826839 0.24736577 0.86823362
v 0.84831004 0.29736937 0.86837887
v 0.84835203 0.34737285 0.86852282
v 0.84839508 0.39737614 0.86866491
v 0.84843992 0.44737915 0.86880463
v 0.84848725 0.49738179 0.86894152
v 0.84853770 0.54738396 0.86907528
v 0.84859179 0.59738557 0.86920573
v 0.84864985 0.64738652 0.86933293
v 0.84871219 0.69738685 0.86945716
v 0.84877831 0.74738576 0.86957875
v 0.88220699 -0.75279857 0.90113462
v 0.88230460 -0.70279882 0.90123023
v 0.88240113 -0.65279907 0.90132711
v 0.88249619 -0.60279932 0.90142576
v 0.88258942 -0.55279954 0.90152661
v 0.88268044 -0.50279967 0.90163002
v 0.88276889 -0.45279965 0.90173636
v 0.88285441 -0.40279943 0.90184592
v 0.88293668 -0.35279897 0.90195893
v 0.88301545 -0.30279821 0.90207557
v 0.88309050 -0.25279714 0.90219591
v 0.88316168 -0.20279573 0.90231998
v 0.88322895 -0.15279396 0.90244767
v 0.88329234 -0.10279185 0.90257881
v 0.88335196 -0.05278939 0.90271313
v 0.88340804 -0.00278663 0.90285028
v 0.88346088 0.04721642 0.90298981
v 0.88351088 0.09721968 0.90313125
v 0.88355852 0.14722312 0.90327404
v 0.88360435 0.19722667 0.90341760
v 0.88364897 0.24723024 0.90356133
v 0.88369306 0.29723378 0.90370462
v 0.88373732 0.34723718 0.90384684
v 0.88378250 0.39724038 0.90398741
v 0.88382937 0.44724329 0.90412574
v 0.88387872 0.49724583 0.90426130
v 0.88393129 0.54724792 0.90439363
v 0.88398776 0.59724949 0.90452240
v 0.88404855 0.64725045 0.90464753
v 0.88411397 0.69725085 0.90476922
v 0.88418348 0.74725014 0.90488805
v 0.91755978 -0.75293533 0.93649245
v 0.91765684 -0.70293554 0.93658862
v 0.91775299 -0.65293573 0.93668582
v 0.91784786 -0.60293592 0.93678456
v 0.91794110 -0.55293607 0.93688522
v 0.91803236 -0.50293613 0.93698817
v 0.91812128 -0.45293604 0.93709377
v 0.91820751 -0.40293576 0.93720231
v 0.91829077 -0.35293524 0.93731403
v 0.91837077 -0.30293444 0.93742911
v 0.91844730 -0.25293331 0.93754767
v 0.91852021 -0.20293185 0.93766973
v 0.91858942 -0.15293003 0.93779525
v 0.91865493 -0.10292786 0.93792408
v 0.91871681 -0.05292534 0.93805602
v 0.91877524 -0.00292251 0.93819075
v 0.91883049 0.04708060 0.93832790
v 0.91888289 0.09708394 0.93846704
v 0.91893287 0.14708744 0.93860767
v 0.91898094 0.19709104 0.93874924
v 0.91902767 0.24709467 0.93889120
v 0.91907370 0.29709823 0.93903294
v 0.91911971 0.34710164 0.93917386
v 0.91916645 0.39710483 0.93931336
v 0.91921474 0.44710771 0.93945079
v 0.91926542 0.49711021 0.93958556
v 0.91931937 0.54711226 0.93971705
v 0.91937747 0.59711380 0.93984469
v 0.91944039 0.64711478 0.93996814
v 0.91950861 0.69711522 0.94008736
v 0.91958142 0.74711483 0.94020320
v 0.95291374 -0.75307207 0.97184906
v 0.95301040 -0.70307226 0.97194557
v 0.95310635 -0.65307243 0.97204293
v 0.95320120 -0.60307260 0.97214159
v 0.95329463 -0.55307274 0.97224194
v 0.95338625 -0.50307279 0.97234435
v 0.95347575 -0.45307270 0.97244915
v 0.95356277 -0.40307243 0.97255666
v 0.95364701 -0.35307191 0.97266713
v 0.95372821 -0.30307110 0.97278075
v 0.95380614 -0.25306997 0.97289765
v 0.95388063 -0.20306849 0.97301789
v 0.95395157 -0.15306663 0.97314146
v 0.95401894 -0.10306440 0.97326826
v 0.95408278 -0.05306181 0.97339811
v 0.95414323 -0.00305888 0.97353076
v 0.95420050 0.04694435 0.97366588
v 0.95425489 0.09694782 0.97380308
v 0.95430680 0.14695147 0.97394192
v 0.95435667 0.19695523 0.97408189
v 0.95440504 0.24695901 0.97422246
v 0.95445252 0.29696272 0.97436306
v 0.95449978 0.34696627 0.97450311
v 0.95454755 0.39696956 0.97464198
v 0.95459664 0.44697252 0.97477904
v 0.95464794 0.49697506 0.97491362
v 0.95470242 0.54697713 0.97504499
v 0.95476116 0.59697867 0.97517237
v 0.95482524 0.64697968 0.97529498
v 0.95489555 0.69698014 0.97541227
v 0.95497174 0.74698001 0.97552476
v 0.98826848 -0.75320871 1.00720484
v 0.98836493 -0.70320890 1.00730149
v 0.98846085 -0.65320910 1.00739882
v 0.98855588 -0.60320932 1.00749724
v 0.98864966 -0.55320951 1.00759715
v 0.98874183 -0.50320963 1.00769890
v 0.98883205 -0.45320962 1.00780284
v 0.98891997 -0.40320942 1.00790928
v 0.98900529 -0.35320897 1.00801848
v 0.98908773 -0.30320823 1.00813066
v 0.98916705 -0.25320714 1.00824598
v 0.98924306 -0.20320567 1.00836452
v 0.98931563 -0.15320380 1.00848630
v 0.98938470 -0.10320152 1.00861126
v 0.98945029 -0.05319883 1.00873925
v 0.98951250 -0.00319576 1.00887008
v 0.98957149 0.04680765 1.00900345
v 0.98962754 0.09681135 1.00913903
v 0.98968099 0.14681527 1.00927639
v 0.98973225 0.19681931 1.00941509
v 0.98978184 0.24682338 1.00955461
v 0.98983032 0.29682739 1.00969443
v 0.98987833 0.34683122 1.00983397
v 0.98992660 0.39683476 1.00997263
v 0.98997590 0.44683792 1.01010978
v 0.99002712 0.49684060 1.01024474
v 0.99008125 0.54684275 1.01037675
v 0.99013943 0.59684432 1.01050493
v 0.99020318 0.64684531 1.01062807
v 0.99027412 0.69684576 1.01074479
v 0.99035364 0.74684575 1.01085382
v 1.02362362 -0.75334521 1.04256018
v 1.02372004 -0.70334545 1.04265680
v 1.02381614 -0.65334572 1.04275395
v 1.02391154 -0.60334604 1.04285200
v 1.02400586 -0.55334635 1.04295132
v 1.02409873 -0.50334661 1.04305227
v 1.02418980 -0.45334676 1.04315522
v 1.02427873 -0.40334674 1.04326048
v 1.02436520 -0.35334648 1.04336833
v 1.02444891 -0.30334591 1.04347901
v 1.02452960 -0.25334498 1.04359269
v 1.02460707 -0.20334362 1.04370949
v 1.02468115 -0.15334182 1.04382947
v 1.02475176 -0.10333955 1.04395261
v 1.02481888 -0.05333681 1.04407880
v 1.02488259 -0.00333361 1.04420790
v 1.02494301 0.04667001 1.04433965
v 1.02500040 0.09667398 1.04447375
v 1.02505505 0.14667823 1.04460983
v 1.02510735 0.19668266 1.04474748
v 1.02515779 0.24668718 1.04488623
v 1.02520690 0.29669165 1.04502556
v 1.02525529 0.34669595 1.04516494
v 1.02530366 0.39669994 1.04530379
v 1.02535277 0.44670352 1.04544149
v 1.02540346 0.49670655 1.04557739
v 1.02545667 0.54670895 1.04571075
v 1.02551352 0.59671065 1.04584070
v 1.02557530 0.64671166 1.04596617
v 1.02564382 0.69671205 1.04608557
v 1.02572357 0.74671204 1.04619436
f 1 32 33
f 2 33 34
f 3 34 35
f 4 35 36
f 5 36 37
f 6 37 38
f 7 38 39
f 8 39 40
f 9 40 41
f 10 41 42
f 11 42 43
f 12 43 44
f 13 44 45
f 14 45 46
f 15 46 47
f 16 47 48
f 17 48 49
f 18 49 50
f 19 50 51
f 20 51 52
f 21 52 53
f 22 53 54
f 23 54 55
f 24 55 56
f 25 56 57
f 26 57 58
f 27 58 59
f 28 59 60
f 29 60 61
f 30 61 62
f 32 63 64
f 33 64 65
f 34 65 66
f 35 66 67
f 36 67 68
f 37 68 69
f 38 69 70
f 39 70 71
f 40 71 72
f 41 72 73
f 42 73 74
f 43 74 75
f 44 75 76
f 45 76 77
f 46 77 78
f 47 78 79
f 48 79 80
f 49 80 81
f 50 81 82
f 51 82 83
f 52 83 84
f 53 84 85
f 54 85 86
f 55 86 87
f 56 87 88
f 57 88 89
f 58 89 90
f 59 90 91
f 60 91 92
f 61 92 93
f 63 94 95
f 64 95 96
f 65 96 97
f 66 97 98
f 67 98 99
f 68 99 100
f 69 100 101
f 70 101 102
f 71 102 103
f 72 103 104
f 73 104 105
f 74 105 106
f 75 106 107
f 76 107 108
f 77 108 109
f 78 109 110
f 79 110 111
f 80 111 112
f 81 112 113
f 82 113 114
f 83 114 115
f 84 115 116
f 85 116 117
f 86 117 118
f 87 118 119
f 88 119 120
f 89 120 121
f 90 121 122
f 91 122 123
f 92 123 124
f 94 125 126
f 95 126 127
f 96 127 128
f 97 128 129
f 98 129 130
f 99 130 131
f 100 131 132
f 101 132 133
f 102 133 134
f 103 134 135
f 104 135 136
f 105 136 137
f 106 137 138
f 107 138 139
f 108 139 140
f 109 140 141
f 110 141 142
f 111 142 143
f 112 143 144
f 113 144 145
f 114 145 146
f 115 146 147
f 116 147 148
f 117 148 149
f 118 149 150
f 119 150 151
f 120 151 152
f 121 152 153
f 122 153 154
f 123 154 155
f 125 156 157
f 126 157 158
f 127 158 159
f 128 159 160
f 129 160 161
f 130 161 162
f 131 162 163
f 132 163 164
f 133 164 165
f 134 165 166
f 135 166 167
f 136 167 168
f 137 168 169
f 138 169 170
f 139 170 171
f 140 171 172
f 141 172 173
f 142 173 174
f 143 174 175
f 144 175 176
f 145 176 177
f 146 177 178
f 147 178 179
f 148 179 180
f 149 180 181
f 150 181 182
f 151 182 183
f 152 183 184
f 153 184 185
f 154 185 186
f 156 187 188
f 157 188 189
f 158 189 190
f 159 190 191
f 160 191 192
f 161 192 193
f 162 193 194
f 163 194 195
f 164 195 196
f 165 196 197
f 166 197 198
f 167 198 199
f 168 199 200
f 169 200 201
f 170 201 202
f 171 202 203
f 172 203 204
f 173 204 205
f 174 205 206
f 175 206 207
f 176 207 208
f 177 208 209
f 178 209 210
f 179 210 211
f 180 211 212
f 181 212 213
f 182 213 214
f 183 214 215
f 184 215 216
f 185 216 217
f 187 218 219
f 188 219 220
f 189 220 221
f 190 221 222
f 191 222 223
f 192 223 224
f 193 224 225
f 194 225 226
f 195 226 227
f 196 227 228
f 197 228 229
f 198 229 230
f 199 230 231
f 200 231 232
f 201 232 233
f 202 233 234
f 203 234 235
f 204 235 236
f 205 236 237
f 206 237 238
f 207 238 239
f 208 239 240
f 209 240 241
f 210 241 242
f 211 242 243
f 212 243 244
f 213 244 245
f 214 245 246
f 215 246 247
f 216 247 248
f 218 249 250
f 219 250 251
f 220 251 252
f 221 252 253
f 222 253 254
f 223 254 255
f 224 255 256
f 225 256 257
f 226 257 258
f 227 258 259
f 228 259 260
f 229 260 261
f 230 261 262
f 231 262 263
f 232 263 264
f 233 264 265
f 234 265 266
f 235 266 267
f 236 267 268
f 237 268 269
f 238 269 270
f 239 270 271
f 240 271 272
f 241 272 273
f 242 273 274
f 243 274 275
f 244 275 276
f 245 276 277
f 246 277 278
f 247 278 279
f 249 280 281
f 250 281 282
f 251 282 283
f 252 283 284
f 253 284 285
f 254 285 286
f 255 286 287
f 256 287 288
f 257 288 289
f 258 289 290
f 259 290 291
f 260 291 292
f 261 292 293
f 262 293 294
f 263 294 295
f 264 295 296
f 265 296 297
f 266 297 298
f 267 298 299
f 268 299 300
f 269 300 301
f 270 301 302
f 271 302 303
f 272 303 304
f 273 304 305
f 274 305 306
f 275 306 307
f 276 307 308
f 277 308 309
f 278 309 310
f 280 311 312
f 281 312 313
f 282 313 314
f 283 314 315
f 284 315 316
f 285 316 317
f 286 317 318
f 287 318 319
f 288 319 320
f 289 320 321
f 290 321 322
f 291 322 323
f 292 323 324
f 293 324 325
f 294 325 326
f 295 326 327
f 296 327 328
f 297 328 329
f 298 329 330
f 299 330 331
f 300 331 332
f 301 332 333
f 302 333 334
f 303 334 335
f 304 335 336
f 305 336 337
f 306 337 338
f 307 338 339
f 308 339 340
f 309 340 341
f 311 342 343
f 312 343 344
f 313 344 345
f 314 345 346
f 315 346 347
f 316 347 348
f 317 348 349
f 318 349 350
f 319 350 351
f 320 351 352
f 321 352 353
f 322 353 354
f 323 354 355
f 324 355 356
f 325 356 357
f 326 357 358
f 327 358 359
f 328 359 360
f 329 360 361
f 330 361 362
f 331 362 363
f 332 363 364
f 333 364 365
f 334 365 366
f 335 366 367
f 336 367 368
f 337 368 369
f 338 369 370
f 339 370 371
f 340 371 372
f 342 373 374
f 343 374 375
f 344 375 376
f 345 376 377
f 346 377 378
f 347 378 379
f 348 379 380
f 349 380 381
f 350 381 382
f 351 382 383
f 352 383 384
f 353 384 385
f 354 385 386
f 355 386 387
f 356 387 388
f 357 388 389
f 358 389 390
f 359 390 391
f 360 391 392
f 361 392 393
f 362 393 394
f 363 394 395
f 364 395 396
f 365 396 397
f 366 397 398
f 367 398 399
f 368 399 400
f 369 400 401
f 370 401 402
f 371 402 403
f 373 404 405
f 374 405 406
f 375 406 407
f 376 407 408
f 377 408 409
f 378 409 410
f 379 410 411
f 380 411 412
f 381 412 413
f 382 413 414
f 383 414 415
f 384 415 416
f 385 416 417
f 386 417 418
f 387 418 419
f 388 419 420
f 389 420 421
f 390 421 422
f 391 422 423
f 392 423 424
f 393 424 425
f 394 425 426
f 395 426 427
f 396 427 428
f 397 428 429
f 398 429 430
f 399 430 431
f 400 431 432
f 401 432 433
f 402 433 434
f 404 435 436
f 405 436 437
f 406 437 438
f 407 438 439
f 408 439 440
f 409 440 441
f 410 441 442
f 411 442 443
f 412 443 444
f 413 444 445
f 414 445 446
f 415 446 447
f 416 447 448
f 417 448 449
f 418 449 450
f 419 450 451
f 420 451 452
f 421 452 453
f 422 453 454
f 423 454 455
f 424 455 456
f 425 456 457
f 426 457 458
f 427 458 459
f 428 459 460
f 429 460 461
f 430 461 462
f 431 462 463
f 432 463 464
f 433 464 465
f 435 466 467
f 436 467 468
f 437 468 469
f 438 469 470
f 439 470 471
f 440 471 472
f 441 472 473
f 442 473 474
f 443 474 475
f 444 475 476
f 445 476 477
f 446 477 478
f 447 478 479
f 448 479 480
f 449 480 481
f 450 481 482
f 451 482 483
f 452 483 484
f 453 484 485
f 454 485 486
f 455 486 487
f 456 487 488
f 457 488 489
f 458 489 490
f 459 490 491
f 460 491 492
f 461 492 493
f 462 493 494
f 463 494 495
f 464 495 496
f 466 497 498
f 467 498 499
f 468 499 500
f 469 500 501
f 470 501 502
f 471 502 503
f 472 503 504
f 473 504 505
f 474 505 506
f 475 506 507
f 476 507 508
f 477 508 509
f 478 509 510
f 479 510 511
f 480 511 512
f 481 512 513
f 482 513 514
f 483 514 515
f 484 515 516
f 485 516 517
f 486 517 518
f 487 518 519
f 488 519 520
f 489 520 521
f 490 521 522
f 491 522 523
f 492 523 524
f 493 524 525
f 494 525 526
f 495 526 527
f 497 528 529
f 498 529 530
f 499 530 531
f 500 531 532
f 501 532 533
f 502 533 534
f 503 534 535
f 504 535 536
f 505 536 537
f 506 537 538
f 507 538 539
f 508 539 540
f 509 540 541
f 510 541 542
f 511 542 543
f 512 543 544
f 513 544 545
f 514 545 546
f 515 546 547
f 516 547 548
f 517 548 549
f 518 549 550
f 519 550 551
f 520 551 552
f 521 552 553
f 522 553 554
f 523 554 555
f 524 555 556
f 525 556 557
f 526 557 558
f 528 559 560
f 529 560 561
f 530 561 562
f 531 562 563
f 532 563 564
f 533 564 565
f 534 565 566
f 535 566 567
f 536 567 568
f 537 568 569
f 538 569 570
f 539 570 571
f 540 571 572
f 541 572 573
f 542 573 574
f 543 574 575
f 544 575 576
f 545 576 577
f 546 577 578
f 547 578 579
f 548 579 580
f 549 580 581
f 550 581 582
f 551 582 583
f 552 583 584
f 553 584 585
f 554 585 586
f 555 586 587
f 556 587 588
f 557 588 589
f 559 590 591
f 560 591 592
f 561 592 593
f 562 593 594
f 563 594 595
f 564 595 596
f 565 596 597
f 566 597 598
f 567 598 599
f 568 599 600
f 569 600 601
f 570 601 602
f 571 602 603
f 572 603 604
f 573 604 605
f 574 605 606
f 575 606 607
f 576 607 608
f 577 608 609
f 578 609 610
f 579 610 611
f 580 611 612
f 581 612 613
f 582 613 614
f 583 614 615
f 584 615 616
f 585 616 617
f 586 617 618
f 587 618 619
f 588 619 620
f 590 621 622
f 591 622 623
f 592 623 624
f 593 624 625
f 594 625 626
f 595 626 627
f 596 627 628
f 597 628 629
f 598 629 630
f 599 630 631
f 600 631 632
f 601 632 633
f 602 633 634
f 603 634 635
f 604 635 636
f 605 636 637
f 606 637 638
f 607 638 639
f 608 639 640
f 609 640 641
f 610 641 642
f 611 642 643
f 612 643 644
f 613 644 645
f 614 645 646
f 615 646 647
f 616 647 648
f 617 648 649
f 618 649 650
f 619 650 651
f 621 652 653
f 622 653 654
f 623 654 655
f 624 655 656
f 625 656 657
f 626 657 658
f 627 658 659
f 628 659 660
f 629 660 661
f 630 661 662
f 631 662 663
f 632 663 664
f 633 664 665
f 634 665 666
f 635 666 667
f 636 667 668
f 637 668 669
f 638 669 670
f 639 670 671
f 640 671 672
f 641 672 673
f 642 673 674
f 643 674 675
f 644 675 676
f 645 676 677
f 646 677 678
f 647 678 679
f 648 679 680
f 649 680 681
f 650 681 682
f 652 683 684
f 653 684 685
f 654 685 686
f 655 686 687
f 656 687 688
f 657 688 689
f 658 689 690
f 659 690 691
f 660 691 692
f 661 692 693
f 662 693 694
f 663 694 695
f 664 695 696
f 665 696 697
f 666 697 698
f 667 698 699
f 668 699 700
f 669 700 701
f 670 701 702
f 671 702 703
f 672 703 704
f 673 704 705
f 674 705 706
f 675 706 707
f 676 707 708
f 677 708 709
f 678 709 710
f 679 710 711
f 680 711 712
f 681 712 713
f 683 714 715
f 684 715 716
f 685 716 717
f 686 717 718
f 687 718 719
f 688 719 720
f 689 720 721
f 690 721 722
f 691 722 723
f 692 723 724
f 693 724 725
f 694 725 726
f 695 726 727
f 696 727 728
f 697 728 729
f 698 729 730
f 699 730 731
f 700 731 732
f 701 732 733
f 702 733 734
f 703 734 735
f 704 735 736
f 705 736 737
f 706 737 738
f 707 738 739
f 708 739 740
f 709 740 741
f 710 741 742
f 711 742 743
f 712 743 744
f 714 745 746
f 715 746 747
f 716 747 748
f 717 748 749
f 718 749 750
f 719 750 751
f 720 751 752
f 721 752 753
f 722 753 754
f 723 754 755
f 724 755 756
f 725 756 757
f 726 757 758
f 727 758 759
f 728 759 760
f 729 760 761
f 730 761 762
f 731 762 763
f 732 763 764
f 733 764 765
f 734 765 766
f 735 766 767
f 736 767 768
f 737 768 769
f 738 769 770
f 739 770 771
f 740 771 772
f 741 772 773
f 742 773 774
f 743 774 775
f 745 776 777
f 746 777 778
f 747 778 779
f 748 779 780
f 749 780 781
f 750 781 782
f 751 782 783
f 752 783 784
f 753 784 785
f 754 785 786
f 755 786 787
f 756 787 788
f 757 788 789
f 758 789 790
f 759 790 791
f 760 791 792
f 761 792 793
f 762 793 794
f 763 794 795
f 764 795 796
f 765 796 797
f 766 797 798
f 767 798 799
f 768 799 800
f 769 800 801
f 770 801 802
f 771 802 803
f 772 803 804
f 773 804 805
f 774 805 806
f 776 807 808
f 777 808 809
f 778 809 810
f 779 810 811
f 780 811 812
f 781 812 813
f 782 813 814
f 783 814 815
f 784 815 816
f 785 816 817
f 786 817 818
f 787 818 819
f 788 819 820
f 789 820 821
f 790 821 822
f 791 822 823
f 792 823 824
f 793 824 825
f 794 825 826
f 795 826 827
f 796 827 828
f 797 828 829
f 798 829 830
f 799 830 831
f 800 831 832
f 801 832 833
f 802 833 834
f 803 834 835
f 804 835 836
f 805 836 837
f 807 838 839
f 808 839 840
f 809 840 841
f 810 841 842
f 811 842 843
f 812 843 844
f 813 844 845
f 814 845 846
f 815 846 847
f 816 847 848
f 817 848 849
f 818 849 850
f 819 850 851
f 820 851 852
f 821 852 853
f 822 853 854
f 823 854 855
f 824 855 856
f 825 856 857
f 826 857 858
f 827 858 859
f 828 859 860
f 829 860 861
f 830 861 862
f 831 862 863
f 832 863 864
f 833 864 865
f 834 865 866
f 835 866 867
f 836 867 868
f 838 869 870
f 839 870 871
f 840 871 872
f 841 872 873
f 842 873 874
f 843 874 875
f 844 875 876
f 845 876 877
f 846 877 878
f 847 878 879
f 848 879 880
f 849 880 881
f 850 881 882
f 851 882 883
f 852 883 884
f 853 884 885
f 854 885 886
f 855 886 887
f 856 887 888
f 857 888 889
f 858 889 890
f 859 890 891
f 860 891 892
f 861 892 893
f 862 893 894
f 863 894 895
f 864 895 896
f 865 896 897
f 866 897 898
f 867 898 899
f 869 900 901
f 870 901 902
f 871 902 903
f 872 903 904
f 873 904 905
f 874 905 906
f 875 906 907
f 876 907 908
f 877 908 909
f 878 909 910
f 879 910 911
f 880 911 912
f 881 912 913
f 882 913 914
f 883 914 915
f 884 915 916
f 885 916 917
f 886 917 918
f 887 918 919
f 888 919 920
f 889 920 921
f 890 921 922
f 891 922 923
f 892 923 924
f 893 924 925
f 894 925 926
f 895 926 927
f 896 927 928
f 897 928 929
f 898 929 930
f 900 931 932
f 901 932 933
f 902 933 934
f 903 934 935
f 904 935 936
f 905 936 937
f 906 937 938
f 907 938 939
f 908 939 940
f 909 940 941
f 910 941 942
f 911 942 943
f 912 943 944
f 913 944 945
f 914 945 946
f 915 946 947
f 916 947 948
f 917 948 949
f 918 949 950
f 919 950 951
f 920 951 952
f 921 952 953
f 922 953 954
f 923 954 955
f 924 955 956
f 925 956 957
f 926 957 958
f 927 958 959
f 928 959 960
f 929 960 961
f 931 962 963
f 932 963 964
f 933 964 965
f 934 965 966
f 935 966 967
f 936 967 968
f 937 968 969
f 938 969 970
f 939 970 971
f 940 971 972
f 941 972 973
f 942 973 974
f 943 974 975
f 944 975 976
f 945 976 977
f 946 977 978
f 947 978 979
f 948 979 980
f 949 980 981
f 950 981 982
f 951 982 983
f 952 983 984
f 953 984 985
f 954 985 986
f 955 986 987
f 956 987 988
f 957 988 989
f 958 989 990
f 959 990 991
f 960 991 992
f 962 993 994
f 963 994 995
f 964 995 996
f 965 996 997
f 966 997 998
f 967 998 999
f 968 999 1000
f 969 1000 1001
f 970 1001 1002
f 971 1002 1003
f 972 1003 1004
f 973 1004 1005
f 974 1005 1006
f 975 1006 1007
f 976 1007 1008
f 977 1008 1009
f 978 1009 1010
f 979 1010 1011
f 980 1011 1012
f 981 1012 1013
f 982 1013 1014
f 983 1014 1015
f 984 1015 1016
f 985 1016 1017
f 986 1017 1018
f 987 1018 1019
f 988 1019 1020
f 989 1020 1021
f 990 1021 1022
f 991 1022 1023
f 993 1024 1025
f 994 1025 1026
f 995 1026 1027
f 996 1027 1028
f 997 1028 1029
f 998 1029 1030
f 999 1030 1031
f 1000 1031 1032
f 1001 1032 1033
f 1002 1033 1034
f 1003 1034 1035
f 1004 1035 1036
f 1005 1036 1037
f 1006 1037 1038
f 1007 1038 1039
f 1008 1039 1040
f 1009 1040 1041
f 1010 1041 1042
f 1011 1042 1043
f 1012 1043 1044
f 1013 1044 1045
f 1014 1045 1046
f 1015 1046 1047
f 1016 1047 1048
f 1017 1048 1049
f 1018 1049 1050
f 1019 1050 1051
f 1020 1051 1052
f 1021 1052 1053
f 1022 1053 1054
f 1024 1055 1056
f 1025 1056 1057
f 1026 1057 1058
f 1027 1058 1059
f 1028 1059 1060
f 1029 1060 1061
f 1030 1061 1062
f 1031 1062 1063
f 1032 1063 1064
f 1033 1064 1065
f 1034 1065 1066
f 1035 1066 1067
f 1036 1067 1068
f 1037 1068 1069
f 1038 1069 1070
f 1039 1070 1071
f 1040 1071 1072
f 1041 1072 1073
f 1042 1073 1074
f 1043 1074 1075
f 1044 1075 1076
f 1045 1076 1077
f 1046 1077 1078
f 1047 1078 1079
f 1048 1079 1080
f 1049 1080 1081
f 1050 1081 1082
f 1051 1082 1083
f 1052 1083 1084
f 1053 1084 1085
f 1055 1086 1087
f 1056 1087 1088
f 1057 1088 1089
f 1058 1089 1090
f 1059 1090 1091
f 1060 1091 1092
f 1061 1092 1093
f 1062 1093 1094
f 1063 1094 1095
f 1064 1095 1096
f 1065 1096 1097
f 1066 1097 1098
f 1067 1098 1099
f 1068 1099 1100
f 1069 1100 1101
f 1070 1101 1102
f 1071 1102 1103
f 1072 1103 1104
f 1073 1104 1105
f 1074 1105 1106
f 1075 1106 1107
f 1076 1107 1108
f 1077 1108 1109
f 1078 1109 1110
f 1079 1110 1111
f 1080 1111 1112
f 1081 1112 1113
f 1082 1113 1114
f 1083 1114 1115
f 1084 1115 1116
f 1086 1117 1118
f 1087 1118 1119
f 1088 1119 1120
f 1089 1120 1121
f 1090 1121 1122
f 1091 1122 1123
f 1092 1123 1124
f 1093 1124 1125
f 1094 1125 1126
f 1095 1126 1127
f 1096 1127 1128
f 1097 1128 1129
f 1098 1129 1130
f 1099 1130 1131
f 1100 1131 1132
f 1101 1132 1133
f 1102 1133 1134
f 1103 1134 1135
f 1104 1135 1136
f 1105 1136 1137
f 1106 1137 1138
f 1107 1138 1139
f 1108 1139 1140
f 1109 1140 1141
f 1110 1141 1142
f 1111 1142 1143
f 1112 1143 1144
f 1113 1144 1145
f 1114 1145 1146
f 1115 1146 1147
f 1117 1148 1149
f 1118 1149 1150
f 1119 1150 1151
f 1120 1151 1152
f 1121 1152 1153
f 1122 1153 1154
f 1123 1154 1155
f 1124 1155 1156
f 1125 1156 1157
f 1126 1157 1158
f 1127 1158 1159
f 1128 1159 1160
f 1129 1160 1161
f 1130 1161 1162
f 1131 1162 1163
f 1132 1163 1164
f 1133 1164 1165
f 1134 1165 1166
f 1135 1166 1167
f 1136 1167 1168
f 1137 1168 1169
f 1138 1169 1170
f 1139 1170 1171
f 1140 1171 1172
f 1141 1172 1173
f 1142 1173 1174
f 1143 1174 1175
f 1144 1175 1176
f 1145 1176 1177
f 1146 1177 1178
f 1148 1179 1180
f 1149 1180 1181
f 1150 1181 1182
f 1151 1182 1183
f 1152 1183 1184
f 1153 1184 1185
f 1154 1185 1186
f 1155 1186 1187
f 1156 1187 1188
f 1157 1188 1189
f 1158 1189 1190
f 1159 1190 1191
f 1160 1191 1192
f 1161 1192 1193
f 1162 1193 1194
f 1163 1194 1195
f 1164 1195 1196
f 1165 1196 1197
f 1166 1197 1198
f 1167 1198 1199
f 1168 1199 1200
f 1169 1200 1201
f 1170 1201 1202
f 1171 1202 1203
f 1172 1203 1204
f 1173 1204 1205
f 1174 1205 1206
f 1175 1206 1207
f 1176 1207 1208
f 1177 1208 1209
f 1179 1210 1211
f 1180 1211 1212
f 1181 1212 1213
f 1182 1213 1214
f 1183 1214 1215
f 1184 1215 1216
f 1185 1216 1217
f 1186 1217 1218
f 1187 1218 1219
f 1188 1219 1220
f 1189 1220 1221
f 1190 1221 1222
f 1191 1222 1223
f 1192 1223 1224
f 1193 1224 1225
f 1194 1225 1226
f 1195 1226 1227
f 1196 1227 1228
f 1197 1228 1229
f 1198 1229 1230
f 1199 1230 1231
f 1200 1231 1232
f 1201 1232 1233
f 1202 1233 1234
f 1203 1234 1235
f 1204 1235 1236
f 1205 1236 1237
f 1206 1237 1238
f 1207 1238 1239
f 1208 1239 1240
f 1210 1241 1242
f 1211 1242 1243
f 1212 1243 1244
f 1213 1244 1245
f 1214 1245 1246
f 1215 1246 1247
f 1216 1247 1248
f 1217 1248 1249
f 1218 1249 1250
f 1219 1250 1251
f 1220 1251 1252
f 1221 1252 1253
f 1222 1253 1254
f 1223 1254 1255
f 1224 1255 1256
f 1225 1256 1257
f 1226 1257 1258
f 1227 1258 1259
f 1228 1259 1260
f 1229 1260 1261
f 1230 1261 1262
f 1231 1262 1263
f 1232 1263 1264
f 1233 1264 1265
f 1234 1265 1266
f 1235 1266 1267
f 1236 1267 1268
f 1237 1268 1269
f 1238 1269 1270
f 1239 1270 1271
f 1241 1272 1273
f 1242 1273 1274
f 1243 1274 1275
f 1244 1275 1276
f 1245 1276 1277
f 1246 1277 1278
f 1247 1278 1279
f 1248 1279 1280
f 1249 1280 1281
f 1250 1281 1282
f 1251 1282 1283
f 1252 1283 1284
f 1253 1284 1285
f 1254 1285 1286
f 1255 1286 1287
f 1256 1287 1288
f 1257 1288 1289
f 1258 1289 1290
f 1259 1290 1291
f 1260 1291 1292
f 1261 1292 1293
f 1262 1293 1294
f 1263 1294 1295
f 1264 1295 1296
f 1265 1296 1297
f 1266 1297 1298
f 1267 1298 1299
f 1268 1299 1300
f 1269 1300 1301
f 1270 1301 1302
f 1272 1303 1304
f 1273 1304 1305
f 1274 1305 1306
f 1275 1306 1307
f 1276 1307 1308
f 1277 1308 1309
f 1278 1309 1310
f 1279 1310 1311
f 1280 1311 1312
f 1281 1312 1313
f 1282 1313 1314
f 1283 1314 1315
f 1284 1315 1316
f 1285 1316 1317
f 1286 1317 1318
f 1287 1318 1319
f 1288 1319 1320
f 1289 1320 1321
f 1290 1321 1322
f 1291 1322 1323
f 1292 1323 1324
f 1293 1324 1325
f 1294 1325 1326
f 1295 1326 1327
f 1296 1327 1328
f 1297 1328 1329
f 1298 1329 1330
f 1299 1330 1331
f 1300 1331 1332
f 1301 1332 1333
f 1303 1334 1335
f 1304 1335 1336
f 1305 1336 1337
f 1306 1337 1338
f 1307 1338 1339
f 1308 1339 1340
f 1309 1340 1341
f 1310 1341 1342
f 1311 1342 1343
f 1312 1343 1344
f 1313 1344 1345
f 1314 1345 1346
f 1315 1346 1347
f 1316 1347 1348
f 1317 1348 1349
f 1318 1349 1350
f 1319 1350 1351
f 1320 1351 1352
f 1321 1352 1353
f 1322 1353 1354
f 1323 1354 1355
f 1324 1355 1356
f 1325 1356 1357
f 1326 1357 1358
f 1327 1358 1359
f 1328 1359 1360
f 1329 1360 1361
f 1330 1361 1362
f 1331 1362 1363
f 1332 1363 1364
f 1334 1365 1366
f 1335 1366 1367
f 1336 1367 1368
f 1337 1368 1369
f 1338 1369 1370
f 1339 1370 1371
f 1340 1371 1372
f 1341 1372 1373
f 1342 1373 1374
f 1343 1374 1375
f 1344 1375 1376
f 1345 1376 1377
f 1346 1377 1378
f 1347 1378 1379
f 1348 1379 1380
f 1349 1380 1381
f 1350 1381 1382
f 1351 1382 1383
f 1352 1383 1384
f 1353 1384 1385
f 1354 1385 1386
f 1355 1386 1387
f 1356 1387 1388
f 1357 1388 1389
f 1358 1389 1390
f 1359 1390 1391
f 1360 1391 1392
f 1361 1392 1393
f 1362 1393 1394
f 1363 1394 1395
f 1365 1396 1397
f 1366 1397 1398
f 1367 1398 1399
f 1368 1399 1400
f 1369 1400 1401
f 1370 1401 1402
f 1371 1402 1403
f 1372 1403 1404
f 1373 1404 1405
f 1374 1405 1406
f 1375 1406 1407
f 1376 1407 1408
f 1377 1408 1409
f 1378 1409 1410
f 1379 1410 1411
f 1380 1411 1412
f 1381 1412 1413
f 1382 1413 1414
f 1383 1414 1415
f 1384 1415 1416
f 1385 1416 1417
f 1386 1417 1418
f 1387 1418 1419
f 1388 1419 1420
f 1389 1420 1421
f 1390 1421 1422
f 1391 1422 1423
f 1392 1423 1424
f 1393 1424 1425
f 1394 1425 1426
f 1396 1427 1428
f 1397 1428 1429
f 1398 1429 1430
f 1399 1430 1431
f 1400 1431 1432
f 1401 1432 1433
f 1402 1433 1434
f 1403 1434 1435
f 1404 1435 1436
f 1405 1436 1437
f 1406 1437 1438
f 1407 1438 1439
f 1408 1439 1440
f 1409 1440 1441
f 1410 1441 1442
f 1411 1442 1443
f 1412 1443 1444
f 1413 1444 1445
f 1414 1445 1446
f 1415 1446 1447
f 1416 1447 1448
f 1417 1448 1449
f 1418 1449 1450
f 1419 1450 1451
f 1420 1451 1452
f 1421 1452 1453
f 1422 1453 1454
f 1423 1454 1455
f 1424 1455 1456
f 1425 1456 1457
f 1427 1458 1459
f 1428 1459 1460
f 1429 1460 1461
f 1430 1461 1462
f 1431 1462 1463
f 1432 1463 1464
f 1433 1464 1465
f 1434 1465 1466
f 1435 1466 1467
f 1436 1467 1468
f 1437 1468 1469
f 1438 1469 1470
f 1439 1470 1471
f 1440 1471 1472
f 1441 1472 1473
f 1442 1473 1474
f 1443 1474 1475
f 1444 1475 1476
f 1445 1476 1477
f 1446 1477 1478
f 1447 1478 1479
f 1448 1479 1480
f 1449 1480 1481
f 1450 1481 1482
f 1451 1482 1483
f 1452 1483 1484
f 1453 1484 1485
f 1454 1485 1486
f 1455 1486 1487
f 1456 1487 1488
f 1458 1489 1490
f 1459 1490 1491
f 1460 1491 1492
f 1461 1492 1493
f 1462 1493 1494
f 1463 1494 1495
f 1464 1495 1496
f 1465 1496 1497
f 1466 1497 1498
f 1467 1498 1499
f 1468 1499 1500
f 1469 1500 1501
f 1470 1501 1502
f 1471 1502 1503
f 1472 1503 1504
f 1473 1504 1505
f 1474 1505 1506
f 1475 1506 1507
f 1476 1507 1508
f 1477 1508 1509
f 1478 1509 1510
f 1479 1510 1511
f 1480 1511 1512
f 1481 1512 1513
f 1482 1513 1514
f 1483 1514 1515
f 1484 1515 1516
f 1485 1516 1517
f 1486 1517 1518
f 1487 1518 1519
f 1489 1520 1521
f 1490 1521 1522
f 1491 1522 1523
f 1492 1523 1524
f 1493 1524 1525
f 1494 1525 1526
f 1495 1526 1527
f 1496 1527 1528
f 1497 1528 1529
f 1498 1529 1530
f 1499 1530 1531
f 1500 1531 1532
f 1501 1532 1533
f 1502 1533 1534
f 1503 1534 1535
f 1504 1535 1536
f 1505 1536 1537
f 1506 1537 1538
f 1507 1538 1539
f 1508 1539 1540
f 1509 1540 1541
f 1510 1541 1542
f 1511 1542 1543
f 1512 1543 1544
f 1513 1544 1545
f 1514 1545 1546
f 1515 1546 1547
f 1516 1547 1548
f 1517 1548 1549
f 1518 1549 1550
f 1520 1551 1552
f 1521 1552 1553
f 1522 1553 1554
f 1523 1554 1555
f 1524 1555 1556
f 1525 1556 1557
f 1526 1557 1558
f 1527 1558 1559
f 1528 1559 1560
f 1529 1560 1561
f 1530 1561 1562
f 1531 1562 1563
f 1532 1563 1564
f 1533 1564 1565
f 1534 1565 1566
f 1535 1566 1567
f 1536 1567 1568
f 1537 1568 1569
f 1538 1569 1570
f 1539 1570 1571
f 1540 1571 1572
f 1541 1572 1573
f 1542 1573 1574
f 1543 1574 1575
f 1544 1575 1576
f 1545 1576 1577
f 1546 1577 1578
f 1547 1578 1579
f 1548 1579 1580
f 1549 1580 1581
f 1551 1582 1583
f 1552 1583 1584
f 1553 1584 1585
f 1554 1585 1586
f 1555 1586 1587
f 1556 1587 1588
f 1557 1588 1589
f 1558 1589 1590
f 1559 1590 1591
f 1560 1591 1592
f 1561 1592 1593
f 1562 1593 1594
f 1563 1594 1595
f 1564 1595 1596
f 1565 1596 1597
f 1566 1597 1598
f 1567 1598 1599
f 1568 1599 1600
f 1569 1600 1601
f 1570 1601 1602
f 1571 1602 1603
f 1572 1603 1604
f 1573 1604 1605
f 1574 1605 1606
f 1575 1606 1607
f 1576 1607 1608
f 1577 1608 1609
f 1578 1609 1610
f 1579 1610 1611
f 1580 1611 1612
f 1582 1613 1614
f 1583 1614 1615
f 1584 1615 1616
f 1585 1616 1617
f 1586 1617 1618
f 1587 1618 1619
f 1588 1619 1620
f 1589 1620 1621
f 1590 1621 1622
f 1591 1622 1623
f 1592 1623 1624
f 1593 1624 1625
f 1594 1625 1626
f 1595 1626 1627
f 1596 1627 1628
f 1597 1628 1629
f 1598 1629 1630
f 1599 1630 1631
f 1600 1631 1632
f 1601 1632 1633
f 1602 1633 1634
f 1603 1634 1635
f 1604 1635 1636
f 1605 1636 1637
f 1606 1637 1638
f 1607 1638 1639
f 1608 1639 1640
f 1609 1640 1641
f 1610 1641 1642
f 1611 1642 1643
f 1613 1644 1645
f 1614 1645 1646
f 1615 1646 1647
f 1616 1647 1648
f 1617 1648 1649
f 1618 1649 1650
f 1619 1650 1651
f 1620 1651 1652
f 1621 1652 1653
f 1622 1653 1654
f 1623 1654 1655
f 1624 1655 1656
f 1625 1656 1657
f 1626 1657 1658
f 1627 1658 1659
f 1628 1659 1660
f 1629 1660 1661
f 1630 1661 1662
f 1631 1662 1663
f 1632 1663 1664
f 1633 1664 1665
f 1634 1665 1666
f 1635 1666 1667
f 1636 1667 1668
f 1637 1668 1669
f 1638 1669 1670
f 1639 1670 1671
f 1640 1671 1672
f 1641 1672 1673
f 1642 1673 1674
f 1644 1675 1676
f 1645 1676 1677
f 1646 1677 1678
f 1647 1678 1679
f 1648 1679 1680
f 1649 1680 1681
f 1650 1681 1682
f 1651 1682 1683
f 1652 1683 1684
f 1653 1684 1685
f 1654 1685 1686
f 1655 1686 1687
f 1656 1687 1688
f 1657 1688 1689
f 1658 1689 1690
f 1659 1690 1691
f 1660 1691 1692
f 1661 1692 1693
f 1662 1693 1694
f 1663 1694 1695
f 1664 1695 1696
f 1665 1696 1697
f 1666 1697 1698
f 1667 1698 1699
f 1668 1699 1700
f 1669 1700 1701
f 1670 1701 1702
f 1671 1702 1703
f 1672 1703 1704
f 1673 1704 1705
f 1675 1706 1707
f 1676 1707 1708
f 1677 1708 1709
f 1678 1709 1710
f 1679 1710 1711
f 1680 1711 1712
f 1681 1712 1713
f 1682 1713 1714
f 1683 1714 1715
f 1684 1715 1716
f 1685 1716 1717
f 1686 1717 1718
f 1687 1718 1719
f 1688 1719 1720
f 1689 1720 1721
f 1690 1721 1722
f 1691 1722 1723
f 1692 1723 1724
f 1693 1724 1725
f 1694 1725 1726
f 1695 1726 1727
f 1696 1727 1728
f 1697 1728 1729
f 1698 1729 1730
f 1699 1730 1731
f 1700 1731 1732
f 1701 1732 1733
f 1702 1733 1734
f 1703 1734 1735
f 1704 1735 1736
f 1706 1737 1738
f 1707 1738 1739
f 1708 1739 1740
f 1709 1740 1741
f 1710 1741 1742
f 1711 1742 1743
f 1712 1743 1744
f 1713 1744 1745
f 1714 1745 1746
f 1715 1746 1747
f 1716 1747 1748
f 1717 1748 1749
f 1718 1749 1750
f 1719 1750 1751
f 1720 1751 1752
f 1721 1752 1753
f 1722 1753 1754
f 1723 1754 1755
f 1724 1755 1756
f 1725 1756 1757
f 1726 1757 1758
f 1727 1758 1759
f 1728 1759 1760
f 1729 1760 1761
f 1730 1761 1762
f 1731 1762 1763
f 1732 1763 1764
f 1733 1764 1765
f 1734 1765 1766
f 1735 1766 1767
f 1737 1768 1769
f 1738 1769 1770
f 1739 1770 1771
f 1740 1771 1772
f 1741 1772 1773
f 1742 1773 1774
f 1743 1774 1775
f 1744 1775 1776
f 1745 1776 1777
f 1746 1777 1778
f 1747 1778 1779
f 1748 1779 1780
f 1749 1780 1781
f 1750 1781 1782
f 1751 1782 1783
f 1752 1783 1784
f 1753 1784 1785
f 1754 1785 1786
f 1755 1786 1787
f 1756 1787 1788
f 1757 1788 1789
f 1758 1789 1790
f 1759 1790 1791
f 1760 1791 1792
f 1761 1792 1793
f 1762 1793 1794
f 1763 1794 1795
f 1764 1795 1796
f 1765 1796 1797
f 1766 1797 1798
f 1768 1799 1800
f 1769 1800 1801
f 1770 1801 1802
f 1771 1802 1803
f 1772 1803 1804
f 1773 1804 1805
f 1774 1805 1806
f 1775 1806 1807
f 1776 1807 1808
f 1777 1808 1809
f 1778 1809 1810
f 1779 1810 1811
f 1780 1811 1812
f 1781 1812 1813
f 1782 1813 1814
f 1783 1814 1815
f 1784 1815 1816
f 1785 1816 1817
f 1786 1817 1818
f 1787 1818 1819
f 1788 1819 1820
f 1789 1820 1821
f 1790 1821 1822
f 1791 1822 1823
f 1792 1823 1824
f 1793 1824 1825
f 1794 1825 1826
f 1795 1826 1827
f 1796 1827 1828
f 1797 1828 1829
f 1799 1830 1831
f 1800 1831 1832
f 1801 1832 1833
f 1802 1833 1834
f 1803 1834 1835
f 1804 1835 1836
f 1805 1836 1837
f 1806 1837 1838
f 1807 1838 1839
f 1808 1839 1840
f 1809 1840 1841
f 1810 1841 1842
f 1811 1842 1843
f 1812 1843 1844
f 1813 1844 1845
f 1814 1845 1846
f 1815 1846 1847
f 1816 1847 1848
f 1817 1848 1849
f 1818 1849 1850
f 1819 1850 1851
f 1820 1851 1852
f 1821 1852 1853
f 1822 1853 1854
f 1823 1854 1855
f 1824 1855 1856
f 1825 1856 1857
f 1826 1857 1858
f 1827 1858 1859
f 1828 1859 1860
f 1830 1861 1862
f 1831 1862 1863
f 1832 1863 1864
f 1833 1864 1865
f 1834 1865 1866
f 1835 1866 1867
f 1836 1867 1868
f 1837 1868 1869
f 1838 1869 1870
f 1839 1870 1871
f 1840 1871 1872
f 1841 1872 1873
f 1842 1873 1874
f 1843 1874 1875
f 1844 1875 1876
f 1845 1876 1877
f 1846 1877 1878
f 1847 1878 1879
f 1848 1879 1880
f 1849 1880 1881
f 1850 1881 1882
f 1851 1882 1883
f 1852 1883 1884
f 1853 1884 1885
f 1854 1885 1886
f 1855 1886 1887
f 1856 1887 1888
f 1857 1888 1889
f 1858 1889 1890
f 1859 1890 1891
f 1 33 2
f 2 34 3
f 3 35 4
f 4 36 5
f 5 37 6
f 6 38 7
f 7 39 8
f 8 40 9
f 9 41 10
f 10 42 11
f 11 43 12
f 12 44 13
f 13 45 14
f 14 46 15
f 15 47 16
f 16 48 17
f 17 49 18
f 18 50 19
f 19 51 20
f 20 52 21
f 21 53 22
f 22 54 23
f 23 55 24
f 24 56 25
f 25 57 26
f 26 58 27
f 27 59 28
f 28 60 29
f 29 61 30
f 30 62 31
f 32 64 33
f 33 65 34
f 34 66 35
f 35 67 36
f 36 68 37
f 37 69 38
f 38 70 39
f 39 71 40
f 40 72 41
f 41 73 42
f 42 74 43
f 43 75 44
f 44 76 45
f 45 77 46
f 46 78 47
f 47 79 48
f 48 80 49
f 49 81 50
f 50 82 51
f 51 83 52
f 52 84 53
f 53 85 54
f 54 86 55
f 55 87 56
f 56 88 57
f 57 89 58
f 58 90 59
f 59 91 60
f 60 92 61
f 61 93 62
f 63 95 64
f 64 96 65
f 65 97 66
f 66 98 67
f 67 99 68
f 68 100 69
f 69 101 70
f 70 102 71
f 71 103 72
f 72 104 73
f 73 105 74
f 74 106 75
f 75 107 76
f 76 108 77
f 77 109 78
f 78 110 79
f 79 111 80
f 80 112 81
f 81 113 82
f 82 114 83
f 83 115 84
f 84 116 85
f 85 117 86
f 86 118 87
f 87 119 88
f 88 120 89
f 89 121 90
f 90 122 91
f 91 123 92
f 92 124 93
f 94 126 95
f 95 127 96
f 96 128 97
f 97 129 98
f 98 130 99
f 99 131 100
f 100 132 101
f 101 133 102
f 102 134 103
f 103 135 104
f 104 136 105
f 105 137 106
f 106 138 107
f 107 139 108
f 108 140 109
f 109 141 110
f 110 142 111
f 111 143 112
f 112 144 113
f 113 145 114
f 114 146 115
f 115 147 116
f 116 148 117
f 117 149 118
f 118 150 119
f 119 151 120
f 120 152 121
f 121 153 122
f 122 154 123
f 123 155 124
f 125 157 126
f 126 158 127
f 127 159 128
f 128 160 129
f 129 161 130
f 130 162 131
f 131 163 132
f 132 164 133
f 133 165 134
f 134 166 135
f 135 167 136
f 136 168 137
f 137 169 138
f 138 170 139
f 139 171 140
f 140 172 141
f 141 173 142
f 142 174 143
f 143 175 144
f 144 176 145
f 145 177 146
f 146 178 147
f 147 179 148
f 148 180 149
f 149 181 150
f 150 182 151
f 151 183 152
f 152 184 153
f 153 185 154
f 154 186 155
f 156 188 157
f 157 189 158
f 158 190 159
f 159 191 160
f 160 192 161
f 161 193 162
f 162 194 163
f 163 195 164
f 164 196 165
f 165 197 166
f 166 198 167
f 167 199 168
f 168 200 169
f 169 201 170
f 170 202 171
f 171 203 172
f 172 204 173
f 173 205 174
f 174 206 175
f 175 207 176
f 176 208 177
f 177 209 178
f 178 210 179
f 179 211 180
f 180 212 181
f 181 213 182
f 182 214 183
f 183 215 184
f 184 216 185
f 185 217 186
f 187 219 188
f 188 220 189
f 189 221 190
f 190 222 191
f 191 223 192
f 192 224 193
f 193 225 194
f 194 226 195
f 195 227 196
f 196 228 197
f 197 229 198
f 198 230 199
f 199 231 200
f 200 232 201
f 201 233 202
f 202 234 203
f 203 235 204
f 204 236 205
f 205 237 206
f 206 238 207
f 207 239 208
f 208 240 209
f 209 241 210
f 210 242 211
f 211 243 212
f 212 244 213
f 213 245 214
f 214 246 215
f 215 247 216
f 216 248 217
f 218 250 219
f 219 251 220
f 220 252 221
f 221 253 222
f 222 254 223
f 223 255 224
f 224 256 225
f 225 257 226
f 226 258 227
f 227 259 228
f 228 260 229
f 229 261 230
f 230 262 231
f 231 263 232
f 232 264 233
f 233 265 234
f 234 266 235
f 235 267 236
f 236 268 237
f 237 269 238
f 238 270 239
f 239 271 240
f 240 272 241
f 241 273 242
f 242 274 243
f 243 275 244
f 244 276 245
f 245 277 246
f 246 278 247
f 247 279 248
f 249 281 250
f 250 282 251
f 251 283 252
f 252 284 253
f 253 285 254
f 254 286 255
f 255 287 256
f 256 288 257
f 257 289 258
f 258 290 259
f 259 291 260
f 260 292 261
f 261 293 262
f 262 294 263
f 263 295 264
f 264 296 265
f 265 297 266
f 266 298 267
f 267 299 268
f 268 300 269
f 269 301 270
f 270 302 271
f 271 303 272
f 272 304 273
f 273 305 274
f 274 306 275
f 275 307 276
f 276 308 277
f 277 309 278
f 278 310 279
f 280 312 281
f 281 313 282
f 282 314 283
f 283 315 284
f 284 316 285
f 285 317 286
f 286 318 287
f 287 319 288
f 288 320 289
f 289 321 290
f 290 322 291
f 291 323 292
f 292 324 293
f 293 325 294
f 294 326 295
f 295 327 296
f 296 328 297
f 297 329 298
f 298 330 299
f 299 331 300
f 300 332 301
f 301 333 302
f 302 334 303
f 303 335 304
f 304 336 305
f 305 337 306
f 306 338 307
f 307 339 308
f 308 340 309
f 309 341 310
f 311 343 312
f 312 344 313
f 313 345 314
f 314 346 315
f 315 347 316
f 316 348 317
f 317 349 318
f 318 350 319
f 319 351 320
f 320 352 321
f 321 353 322
f 322 354 323
f 323 355 324
f 324 356 325
f 325 357 326
f 326 358 327
f 327 359 328
f 328 360 329
f 329 361 330
f 330 362 331
f 331 363 332
f 332 364 333
f 333 365 334
f 334 366 335
f 335 367 336
f 336 368 337
f 337 369 338
f 338 370 339
f 339 371 340
f 340 372 341
f 342 374 343
f 343 375 344
f 344 376 345
f 345 377 346
f 346 378 347
f 347 379 348
f 348 380 349
f 349 381 350
f 350 382 351
f 351 383 352
f 352 384 353
f 353 385 354
f 354 386 355
f 355 387 356
f 356 388 357
f 357 389 358
f 358 390 359
f 359 391 360
f 360 392 361
f 361 393 362
f 362 394 363
f 363 395 364
f 364 396 365
f 365 397 366
f 366 398 367
f 367 399 368
f 368 400 369
f 369 401 370
f 370 402 371
f 371 403 372
f 373 405 374
f 374 406 375
f 375 407 376
f 376 408 377
f 377 409 378
f 378 410 379
f 379 411 380
f 380 412 381
f 381 413 382
f 382 414 383
f 383 415 384
f 384 416 385
f 385 417 386
f 386 418 387
f 387 419 388
f 388 420 389
f 389 421 390
f 390 422 391
f 391 423 392
f 392 424 393
f 393 425 394
f 394 426 395
f 395 427 396
f 396 428 397
f 397 429 398
f 398 430 399
f 399 431 400
f 400 432 401
f 401 433 402
f 402 434 403
f 404 436 405
f 405 437 406
f 406 438 407
f 407 439 408
f 408 440 409
f 409 441 410
f 410 442 411
f 411 443 412
f 412 444 413
f 413 445 414
f 414 446 415
f 415 447 416
f 416 448 417
f 417 449 418
f 418 450 419
f 419 451 420
f 420 452 421
f 421 453 422
f 422 454 423
f 423 455 424
f 424 456 425
f 425 457 426
f 426 458 427
f 427 459 428
f 428 460 429
f 429 461 430
f 430 462 431
f 431 463 432
f 432 464 433
f 433 465 434
f 435 467 436
f 436 468 437
f 437 469 438
f 438 470 439
f 439 471 440
f 440 472 441
f 441 473 442
f 442 474 443
f 443 475 444
f 444 476 445
f 445 477 446
f 446 478 447
f 447 479 448
f 448 480 449
f 449 481 450
f 450 482 451
f 451 483 452
f 452 484 453
f 453 485 454
f 454 486 455
f 455 487 456
f 456 488 457
f 457 489 458
f 458 490 459
f 459 491 460
f 460 492 461
f 461 493 462
f 462 494 463
f 463 495 464
f 464 496 465
f 466 498 467
f 467 499 468
f 468 500 469
f 469 501 470
f 470 502 471
f 471 503 472
f 472 504 473
f 473 505 474
f 474 506 475
f 475 507 476
f 476 508 477
f 477 509 478
f 478 510 479
f 479 511 480
f 480 512 481
f 481 513 482
f 482 514 483
f 483 515 484
f 484 516 485
f 485 517 486
f 486 518 487
f 487 519 488
f 488 520 489
f 489 521 490
f 490 522 491
f 491 523 492
f 492 524 493
f 493 525 494
f 494 526 495
f 495 527 496
f 497 529 498
f 498 530 499
f 499 531 500
f 500 532 501
f 501 533 502
f 502 534 503
f 503 535 504
f 504 536 505
f 505 537 506
f 506 538 507
f 507 539 508
f 508 540 509
f 509 541 510
f 510 542 511
f 511 543 512
f 512 544 513
f 513 545 514
f 514 546 515
f 515 547 516
f 516 548 517
f 517 549 518
f 518 550 519
f 519 551 520
f 520 552 521
f 521 553 522
f 522 554 523
f 523 555 524
f 524 556 525
f 525 557 526
f 526 558 527
f 528 560 529
f 529 561 530
f 530 562 531
f 531 563 532
f 532 564 533
f 533 565 534
f 534 566 535
f 535 567 536
f 536 568 537
f 537 569 538
f 538 570 539
f 539 571 540
f 540 572 541
f 541 573 542
f 542 574 543
f 543 575 544
f 544 576 545
f 545 577 546
f 546 578 547
f 547 579 548
f 548 580 549
f 549 581 550
f 550 582 551
f 551 583 552
f 552 584 553
f 553 585 554
f 554 586 555
f 555 587 556
f 556 588 557
f 557 589 558
f 559 591 560
f 560 592 561
f 561 593 562
f 562 594 563
f 563 595 564
f 564 596 565
f 565 597 566
f 566 598 567
f 567 599 568
f 568 600 569
f 569 601 570
f 570 602 571
f 571 603 572
f 572 604 573
f 573 605 574
f 574 606 575
f 575 607 576
f 576 608 577
f 577 609 578
f 578 610 579
f 579 611 580
f 580 612 581
f 581 613 582
f 582 614 583
f 583 615 584
f 584 616 585
f 585 617 586
f 586 618 587
f 587 619 588
f 588 620 589
f 590 622 591
f 591 623 592
f 592 624 593
f 593 625 594
f 594 626 595
f 595 627 596
f 596 628 597
f 597 629 598
f 598 630 599
f 599 631 600
f 600 632 601
f 601 633 602
f 602 634 603
f 603 635 604
f 604 636 605
f 605 637 606
f 606 638 607
f 607 639 608
f 608 640 609
f 609 641 610
f 610 642 611
f 611 643 612
f 612 644 613
f 613 645 614
f 614 646 615
f 615 647 616
f 616 648 617
f 617 649 618
f 618 650 619
f 619 651 620
f 621 653 622
f 622 654 623
f 623 655 624
f 624 656 625
f 625 657 626
f 626 658 627
f 627 659 628
f 628 660 629
f 629 661 630
f 630 662 631
f 631 663 632
f 632 664 633
f 633 665 634
f 634 666 635
f 635 667 636
f 636 668 637
f 637 669 638
f 638 670 639
f 639 671 640
f 640 672 641
f 641 673 642
f 642 674 643
f 643 675 644
f 644 676 645
f 645 677 646
f 646 678 647
f 647 679 648
f 648 680 649
f 649 681 650
f 650 682 651
f 652 684 653
f 653 685 654
f 654 686 655
f 655 687 656
f 656 688 657
f 657 689 658
f 658 690 659
f 659 691 660
f 660 692 661
f 661 693 662
f 662 694 663
f 663 695 664
f 664 696 665
f 665 697 666
f 666 698 667
f 667 699 668
f 668 700 669
f 669 701 670
f 670 702 671
f 671 703 672
f 672 704 673
f 673 705 674
f 674 706 675
f 675 707 676
f 676 708 677
f 677 709 678
f 678 710 679
f 679 711 680
f 680 712 681
f 681 713 682
f 683 715 684
f 684 716 685
f 685 717 686
f 686 718 687
f 687 719 688
f 688 720 689
f 689 721 690
f 690 722 691
f 691 723 692
f 692 724 693
f 693 725 694
f 694 726 695
f 695 727 696
f 696 728 697
f 697 729 698
f 698 730 699
f 699 731 700
f 700 732 701
f 701 733 702
f 702 734 703
f 703 735 704
f 704 736 705
f 705 737 706
f 706 738 707
f 707 739 708
f 708 740 709
f 709 741 710
f 710 742 711
f 711 743 712
f 712 744 713
f 714 746 715
f 715 747 716
f 716 748 717
f 717 749 718
f 718 750 719
f 719 751 720
f 720 752 721
f 721 753 722
f 722 754 723
f 723 755 724
f 724 756 725
f 725 757 726
f 726 758 727
f 727 759 728
f 728 760 729
f 729 761 730
f 730 762 731
f 731 763 732
f 732 764 733
f 733 765 734
f 734 766 735
f 735 767 736
f 736 768 737
f 737 769 738
f 738 770 739
f 739 771 740
f 740 772 741
f 741 773 742
f 742 774 743
f 743 775 744
f 745 777 746
f 746 778 747
f 747 779 748
f 748 780 749
f 749 781 750
f 750 782 751
f 751 783 752
f 752 784 753
f 753 785 754
f 754 786 755
f 755 787 756
f 756 788 757
f 757 789 758
f 758 790 759
f 759 791 760
f 760 792 761
f 761 793 762
f 762 794 763
f 763 795 764
f 764 796 765
f 765 797 766
f 766 798 767
f 767 799 768
f 768 800 769
f 769 801 770
f 770 802 771
f 771 803 772
f 772 804 773
f 773 805 774
f 774 806 775
f 776 808 777
f 777 809 778
f 778 810 779
f 779 811 780
f 780 812 781
f 781 813 782
f 782 814 783
f 783 815 784
f 784 816 785
f 785 817 786
f 786 818 787
f 787 819 788
f 788 820 789
f 789 821 790
f 790 822 791
f 791 823 792
f 792 824 793
f 793 825 794
f 794 826 795
f 795 827 796
f 796 828 797
f 797 829 798
f 798 830 799
f 799 831 800
f 800 832 801
f 801 833 802
f 802 834 803
f 803 835 804
f 804 836 805
f 805 837 806
f 807 839 808
f 808 840 809
f 809 841 810
f 810 842 811
f 811 843 812
f 812 844 813
f 813 845 814
f 814 846 815
f 815 847 816
f 816 848 817
f 817 849 818
f 818 850 819
f 819 851 820
f 820 852 821
f 821 853 822
f 822 854 823
f 823 855 824
f 824 856 825
f 825 857 826
f 826 858 827
f 827 859 828
f 828 860 829
f 829 861 830
f 830 862 831
f 831 863 832
f 832 864 833
f 833 865 834
f 834 866 835
f 835 867 836
f 836 868 837
f 838 870 839
f 839 871 840
f 840 872 841
f 841 873 842
f 842 874 843
f 843 875 844
f 844 876 845
f 845 877 846
f 846 878 847
f 847 879 848
f 848 880 849
f 849 881 850
f 850 882 851
f 851 883 852
f 852 884 853
f 853 885 854
f 854 886 855
f 855 887 856
f 856 888 857
f 857 889 858
f 858 890 859
f 859 891 860
f 860 892 861
f 861 893 862
f 862 894 863
f 863 895 864
f 864 896 865
f 865 897 866
f 866 898 867
f 867 899 868
f 869 901 870
f 870 902 871
f 871 903 872
f 872 904 873
f 873 905 874
f 874 906 875
f 875 907 876
f 876 908 877
f 877 909 878
f 878 910 879
f 879 911 880
f 880 912 881
f 881 913 882
f 882 914 883
f 883 915 884
f 884 916 885
f 885 917 886
f 886 918 887
f 887 919 888
f 888 920 889
f 889 921 890
f 890 922 891
f 891 923 892
f 892 924 893
f 893 925 894
f 894 926 895
f 895 927 896
f 896 928 897
f 897 929 898
f 898 930 899
f 900 932 901
f 901 933 902
f 902 934 903
f 903 935 904
f 904 936 905
f 905 937 906
f 906 938 907
f 907 939 908
f 908 940 909
f 909 941 910
f 910 942 911
f 911 943 912
f 912 944 913
f 913 945 914
f 914 946 915
f 915 947 916
f 916 948 917
f 917 949 918
f 918 950 919
f 919 951 920
f 920 952 921
f 921 953 922
f 922 954 923
f 923 955 924
f 924 956 925
f 925 957 926
f 926 958 927
f 927 959 928
f 928 960 929
f 929 961 930
f 931 963 932
f 932 964 933
f 933 965 934
f 934 966 935
f 935 967 936
f 936 968 937
f 937 969 938
f 938 970 939
f 939 971 940
f 940 972 941
f 941 973 942
f 942 974 943
f 943 975 944
f 944 976 945
f 945 977 946
f 946 978 947
f 947 979 948
f 948 980 949
f 949 981 950
f 950 982 951
f 951 983 952
f 952 984 953
f 953 985 954
f 954 986 955
f 955 987 956
f 956 988 957
f 957 989 958
f 958 990 959
f 959 991 960
f 960 992 961
f 962 994 963
f 963 995 964
f 964 996 965
f 965 997 966
f 966 998 967
f 967 999 968
f 968 1000 969
f 969 1001 970
f 970 1002 971
f 971 1003 972
f 972 1004 973
f 973 1005 974
f 974 1006 975
f 975 1007 976
f 976 1008 977
f 977 1009 978
f 978 1010 979
f 979 1011 980
f 980 1012 981
f 981 1013 982
f 982 1014 983
f 983 1015 984
f 984 1016 985
f 985 1017 986
f 986 1018 987
f 987 1019 988
f 988 1020 989
f 989 1021 990
f 990 1022 991
f 991 1023 992
f 993 1025 994
f 994 1026 995
f 995 1027 996
f 996 1028 997
f 997 1029 998
f 998 1030 999
f 999 1031 1000
f 1000 1032 1001
f 1001 1033 1002
f 1002 1034 1003
f 1003 1035 1004
f 1004 1036 1005
f 1005 1037 1006
f 1006 1038 1007
f 1007 1039 1008
f 1008 1040 1009
f 1009 1041 1010
f 1010 1042 1011
f 1011 1043 1012
f 1012 1044 1013
f 1013 1045 1014
f 1014 1046 1015
f 1015 1047 1016
f 1016 1048 1017
f 1017 1049 1018
f 1018 1050 1019
f 1019 1051 1020
f 1020 1052 1021
f 1021 1053 1022
f 1022 1054 1023
f 1024 1056 1025
f 1025 1057 1026
f 1026 1058 1027
f 1027 1059 1028
f 1028 1060 1029
f 1029 1061 1030
f 1030 1062 1031
f 1031 1063 1032
f 1032 1064 1033
f 1033 1065 1034
f 1034 1066 1035
f 1035 1067 1036
f 1036 1068 1037
f 1037 1069 1038
f 1038 1070 1039
f 1039 1071 1040
f 1040 1072 1041
f 1041 1073 1042
f 1042 1074 1043
f 1043 1075 1044
f 1044 1076 1045
f 1045 1077 1046
f 1046 1078 1047
f 1047 1079 1048
f 1048 1080 1049
f 1049 1081 1050
f 1050 1082 1051
f 1051 1083 1052
f 1052 1084 1053
f 1053 1085 1054
f 1055 1087 1056
f 1056 1088 1057
f 1057 1089 1058
f 1058 1090 1059
f 1059 1091 1060
f 1060 1092 1061
f 1061 1093 1062
f 1062 1094 1063
f 1063 1095 1064
f 1064 1096 1065
f 1065 1097 1066
f 1066 1098 1067
f 1067 1099 1068
f 1068 1100 1069
f 1069 1101 1070
f 1070 1102 1071
f 1071 1103 1072
f 1072 1104 1073
f 1073 1105 1074
f 1074 1106 1075
f 1075 1107 1076
f 1076 1108 1077
f 1077 1109 1078
f 1078 1110 1079
f 1079 1111 1080
f 1080 1112 1081
f 1081 1113 1082
f 1082 1114 1083
f 1083 1115 1084
f 1084 1116 1085
f 1086 1118 1087
f 1087 1119 1088
f 1088 1120 1089
f 1089 1121 1090
f 1090 1122 1091
f 1091 1123 1092
f 1092 1124 1093
f 1093 1125 1094
f 1094 1126 1095
f 1095 1127 1096
f 1096 1128 1097
f 1097 1129 1098
f 1098 1130 1099
f 1099 1131 1100
f 1100 1132 1101
f 1101 1133 1102
f 1102 1134 1103
f 1103 1135 1104
f 1104 1136 1105
f 1105 1137 1106
f 1106 1138 1107
f 1107 1139 1108
f 1108 1140 1109
f 1109 1141 1110
f 1110 1142 1111
f 1111 1143 1112
f 1112 1144 1113
f 1113 1145 1114
f 1114 1146 1115
f 1115 1147 1116
f 1117 1149 1118
f 1118 1150 1119
f 1119 1151 1120
f 1120 1152 1121
f 1121 1153 1122
f 1122 1154 1123
f 1123 1155 1124
f 1124 1156 1125
f 1125 1157 1126
f 1126 1158 1127
f 1127 1159 1128
f 1128 1160 1129
f 1129 1161 1130
f 1130 1162 1131
f 1131 1163 1132
f 1132 1164 1133
f 1133 1165 1134
f 1134 1166 1135
f 1135 1167 1136
f 1136 1168 1137
f 1137 1169 1138
f 1138 1170 1139
f 1139 1171 1140
f 1140 1172 1141
f 1141 1173 1142
f 1142 1174 1143
f 1143 1175 1144
f 1144 1176 1145
f 1145 1177 1146
f 1146 1178 1147
f 1148 1180 1149
f 1149 1181 1150
f 1150 1182 1151
f 1151 1183 1152
f 1152 1184 1153
f 1153 1185 1154
f 1154 1186 1155
f 1155 1187 1156
f 1156 1188 1157
f 1157 1189 1158
f 1158 1190 1159
f 1159 1191 1160
f 1160 1192 1161
f 1161 1193 1162
f 1162 1194 1163
f 1163 1195 1164
f 1164 1196 1165
f 1165 1197 1166
f 1166 1198 1167
f 1167 1199 1168
f 1168 1200 1169
f 1169 1201 1170
f 1170 1202 1171
f 1171 1203 1172
f 1172 1204 1173
f 1173 1205 1174
f 1174 1206 1175
f 1175 1207 1176
f 1176 1208 1177
f 1177 1209 1178
f 1179 1211 1180
f 1180 1212 1181
f 1181 1213 1182
f 1182 1214 1183
f 1183 1215 1184
f 1184 1216 1185
f 1185 1217 1186
f 1186 1218 1187
f 1187 1219 1188
f 1188 1220 1189
f 1189 1221 1190
f 1190 1222 1191
f 1191 1223 1192
f 1192 1224 1193
f 1193 1225 1194
f 1194 1226 1195
f 1195 1227 1196
f 1196 1228 1197
f 1197 1229 1198
f 1198 1230 1199
f 1199 1231 1200
f 1200 1232 1201
f 1201 1233 1202
f 1202 1234 1203
f 1203 1235 1204
f 1204 1236 1205
f 1205 1237 1206
f 1206 1238 1207
f 1207 1239 1208
f 1208 1240 1209
f 1210 1242 1211
f 1211 1243 1212
f 1212 1244 1213
f 1213 1245 1214
f 1214 1246 1215
f 1215 1247 1216
f 1216 1248 1217
f 1217 1249 1218
f 1218 1250 1219
f 1219 1251 1220
f 1220 1252 1221
f 1221 1253 1222
f 1222 1254 1223
f 1223 1255 1224
f 1224 1256 1225
f 1225 1257 1226
f 1226 1258 1227
f 1227 1259 1228
f 1228 1260 1229
f 1229 1261 1230
f 1230 1262 1231
f 1231 1263 1232
f 1232 1264 1233
f 1233 1265 1234
f 1234 1266 1235
f 1235 1267 1236
f 1236 1268 1237
f 1237 1269 1238
f 1238 1270 1239
f 1239 1271 1240
f 1241 1273 1242
f 1242 1274 1243
f 1243 1275 1244
f 1244 1276 1245
f 1245 1277 1246
f 1246 1278 1247
f 1247 1279 1248
f 1248 1280 1249
f 1249 1281 1250
f 1250 1282 1251
f 1251 1283 1252
f 1252 1284 1253
f 1253 1285 1254
f 1254 1286 1255
f 1255 1287 1256
f 1256 1288 1257
f 1257 1289 1258
f 1258 1290 1259
f 1259 1291 1260
f 1260 1292 1261
f 1261 1293 1262
f 1262 1294 1263
f 1263 1295 1264
f 1264 1296 1265
f 1265 1297 1266
f 1266 1298 1267
f 1267 1299 1268
f 1268 1300 1269
f 1269 1301 1270
f 1270 1302 1271
f 1272 1304 1273
f 1273 1305 1274
f 1274 1306 1275
f 1275 1307 1276
f 1276 1308 1277
f 1277 1309 1278
f 1278 1310 1279
f 1279 1311 1280
f 1280 1312 1281
f 1281 1313 1282
f 1282 1314 1283
f 1283 1315 1284
f 1284 1316 1285
f 1285 1317 1286
f 1286 1318 1287
f 1287 1319 1288
f 1288 1320 1289
f 1289 1321 1290
f 1290 1322 1291
f 1291 1323 1292
f 1292 1324 1293
f 1293 1325 1294
f 1294 1326 1295
f 1295 1327 1296
f 1296 1328 1297
f 1297 1329 1298
f 1298 1330 1299
f 1299 1331 1300
f 1300 1332 1301
f 1301 1333 1302
f 1303 1335 1304
f 1304 1336 1305
f 1305 1337 1306
f 1306 1338 1307
f 1307 1339 1308
f 1308 1340 1309
f 1309 1341 1310
f 1310 1342 1311
f 1311 1343 1312
f 1312 1344 1313
f 1313 1345 1314
f 1314 1346 1315
f 1315 1347 1316
f 1316 1348 1317
f 1317 1349 1318
f 1318 1350 1319
f 1319 1351 1320
f 1320 1352 1321
f 1321 1353 1322
f 1322 1354 1323
f 1323 1355 1324
f 1324 1356 1325
f 1325 1357 1326
f 1326 1358 1327
f 1327 1359 1328
f 1328 1360 1329
f 1329 1361 1330
f 1330 1362 1331
f 1331 1363 1332
f 1332 1364 1333
f 1334 1366 1335
f 1335 1367 1336
f 1336 1368 1337
f 1337 1369 1338
f 1338 1370 1339
f 1339 1371 1340
f 1340 1372 1341
f 1341 1373 1342
f 1342 1374 1343
f 1343 1375 1344
f 1344 1376 1345
f 1345 1377 1346
f 1346 1378 1347
f 1347 1379 1348
f 1348 1380 1349
f 1349 1381 1350
f 1350 1382 1351
f 1351 1383 1352
f 1352 1384 1353
f 1353 1385 1354
f 1354 1386 1355
f 1355 1387 1356
f 1356 1388 1357
f 1357 1389 1358
f 1358 1390 1359
f 1359 1391 1360
f 1360 1392 1361
f 1361 1393 1362
f 1362 1394 1363
f 1363 1395 1364
f 1365 1397 1366
f 1366 1398 1367
f 1367 1399 1368
f 1368 1400 1369
f 1369 1401 1370
f 1370 1402 1371
f 1371 1403 1372
f 1372 1404 1373
f 1373 1405 1374
f 1374 1406 1375
f 1375 1407 1376
f 1376 1408 1377
f 1377 1409 1378
f 1378 1410 1379
f 1379 1411 1380
f 1380 1412 1381
f 1381 1413 1382
f 1382 1414 1383
f 1383 1415 1384
f 1384 1416 1385
f 1385 1417 1386
f 1386 1418 1387
f 1387 1419 1388
f 1388 1420 1389
f 1389 1421 1390
f 1390 1422 1391
f 1391 1423 1392
f 1392 1424 1393
f 1393 1425 1394
f 1394 1426 1395
f 1396 1428 1397
f 1397 1429 1398
f 1398 1430 1399
f 1399 1431 1400
f 1400 1432 1401
f 1401 1433 1402
f 1402 1434 1403
f 1403 1435 1404
f 1404 1436 1405
f 1405 1437 1406
f 1406 1438 1407
f 1407 1439 1408
f 1408 1440 1409
f 1409 1441 1410
f 1410 1442 1411
f 1411 1443 1412
f 1412 1444 1413
f 1413 1445 1414
f 1414 1446 1415
f 1415 1447 1416
f 1416 1448 1417
f 1417 1449 1418
f 1418 1450 1419
f 1419 1451 1420
f 1420 1452 1421
f 1421 1453 1422
f 1422 1454 1423
f 1423 1455 1424
f 1424 1456 1425
f 1425 1457 1426
f 1427 1459 1428
f 1428 1460 1429
f 1429 1461 1430
f 1430 1462 1431
f 1431 1463 1432
f 1432 1464 1433
f 1433 1465 1434
f 1434 1466 1435
f 1435 1467 1436
f 1436 1468 1437
f 1437 1469 1438
f 1438 1470 1439
f 1439 1471 1440
f 1440 1472 1441
f 1441 1473 1442
f 1442 1474 1443
f 1443 1475 1444
f 1444 1476 1445
f 1445 1477 1446
f 1446 1478 1447
f 1447 1479 1448
f 1448 1480 1449
f 1449 1481 1450
f 1450 1482 1451
f 1451 1483 1452
f 1452 1484 1453
f 1453 1485 1454
f 1454 1486 1455
f 1455 1487 1456
f 1456 1488 1457
f 1458 1490 1459
f 1459 1491 1460
f 1460 1492 1461
f 1461 1493 1462
f 1462 1494 1463
f 1463 1495 1464
f 1464 1496 1465
f 1465 1497 1466
f 1466 1498 1467
f 1467 1499 1468
f 1468 1500 1469
f 1469 1501 1470
f 1470 1502 1471
f 1471 1503 1472
f 1472 1504 1473
f 1473 1505 1474
f 1474 1506 1475
f 1475 1507 1476
f 1476 1508 1477
f 1477 1509 1478
f 1478 1510 1479
f 1479 1511 1480
f 1480 1512 1481
f 1481 1513 1482
f 1482 1514 1483
f 1483 1515 1484
f 1484 1516 1485
f 1485 1517 1486
f 1486 1518 1487
f 1487 1519 1488
f 1489 1521 1490
f 1490 1522 1491
f 1491 1523 1492
f 1492 1524 1493
f 1493 1525 1494
f 1494 1526 1495
f 1495 1527 1496
f 1496 1528 1497
f 1497 1529 1498
f 1498 1530 1499
f 1499 1531 1500
f 1500 1532 1501
f 1501 1533 1502
f 1502 1534 1503
f 1503 1535 1504
f 1504 1536 1505
f 1505 1537 1506
f 1506 1538 1507
f 1507 1539 1508
f 1508 1540 1509
f 1509 1541 1510
f 1510 1542 1511
f 1511 1543 1512
f 1512 1544 1513
f 1513 1545 1514
f 1514 1546 1515
f 1515 1547 1516
f 1516 1548 1517
f 1517 1549 1518
f 1518 1550 1519
f 1520 1552 1521
f 1521 1553 1522
f 1522 1554 1523
f 1523 1555 1524
f 1524 1556 1525
f 1525 1557 1526
f 1526 1558 1527
f 1527 1559 1528
f 1528 1560 1529
f 1529 1561 1530
f 1530 1562 1531
f 1531 1563 1532
f 1532 1564 1533
f 1533 1565 1534
f 1534 1566 1535
f 1535 1567 1536
f 1536 1568 1537
f 1537 1569 1538
f 1538 1570 1539
f 1539 1571 1540
f 1540 1572 1541
f 1541 1573 1542
f 1542 1574 1543
f 1543 1575 1544
f 1544 1576 1545
f 1545 1577 1546
f 1546 1578 1547
f 1547 1579 1548
f 1548 1580 1549
f 1549 1581 1550
f 1551 1583 1552
f 1552 1584 1553
f 1553 1585 1554
f 1554 1586 1555
f 1555 1587 1556
f 1556 1588 1557
f 1557 1589 1558
f 1558 1590 1559
f 1559 1591 1560
f 1560 1592 1561
f 1561 1593 1562
f 1562 1594 1563
f 1563 1595 1564
f 1564 1596 1565
f 1565 1597 1566
f 1566 1598 1567
f 1567 1599 1568
f 1568 1600 1569
f 1569 1601 1570
f 1570 1602 1571
f 1571 1603 1572
f 1572 1604 1573
f 1573 1605 1574
f 1574 1606 1575
f 1575 1607 1576
f 1576 1608 1577
f 1577 1609 1578
f 1578 1610 1579
f 1579 1611 1580
f 1580 1612 1581
f 1582 1614 1583
f 1583 1615 1584
f 1584 1616 1585
f 1585 1617 1586
f 1586 1618 1587
f 1587 1619 1588
f 1588 1620 1589
f 1589 1621 1590
f 1590 1622 1591
f 1591 1623 1592
f 1592 1624 1593
f 1593 1625 1594
f 1594 1626 1595
f 1595 1627 1596
f 1596 1628 1597
f 1597 1629 1598
f 1598 1630 1599
f 1599 1631 1600
f 1600 1632 1601
f 1601 1633 1602
f 1602 1634 1603
f 1603 1635 1604
f 1604 1636 1605
f 1605 1637 1606
f 1606 1638 1607
f 1607 1639 1608
f 1608 1640 1609
f 1609 1641 1610
f 1610 1642 1611
f 1611 1643 1612
f 1613 1645 1614
f 1614 1646 1615
f 1615 1647 1616
f 1616 1648 1617
f 1617 1649 1618
f 1618 1650 1619
f 1619 1651 1620
f 1620 1652 1621
f 1621 1653 1622
f 1622 1654 1623
f 1623 1655 1624
f 1624 1656 1625
f 1625 1657 1626
f 1626 1658 1627
f 1627 1659 1628
f 1628 1660 1629
f 1629 1661 1630
f 1630 1662 1631
f 1631 1663 1632
f 1632 1664 1633
f 1633 1665 1634
f 1634 1666 1635
f 1635 1667 1636
f 1636 1668 1637
f 1637 1669 1638
f 1638 1670 1639
f 1639 1671 1640
f 1640 1672 1641
f 1641 1673 1642
f 1642 1674 1643
f 1644 1676 1645
f 1645 1677 1646
f 1646 1678 1647
f 1647 1679 1648
f 1648 1680 1649
f 1649 1681 1650
f 1650 1682 1651
f 1651 1683 1652
f 1652 1684 1653
f 1653 1685 1654
f 1654 1686 1655
f 1655 1687 1656
f 1656 1688 1657
f 1657 1689 1658
f 1658 1690 1659
f 1659 1691 1660
f 1660 1692 1661
f 1661 1693 1662
f 1662 1694 1663
f 1663 1695 1664
f 1664 1696 1665
f 1665 1697 1666
f 1666 1698 1667
f 1667 1699 1668
f 1668 1700 1669
f 1669 1701 1670
f 1670 1702 1671
f 1671 1703 1672
f 1672 1704 1673
f 1673 1705 1674
f 1675 1707 1676
f 1676 1708 1677
f 1677 1709 1678
f 1678 1710 1679
f 1679 1711 1680
f 1680 1712 1681
f 1681 1713 1682
f 1682 1714 1683
f 1683 1715 1684
f 1684 1716 1685
f 1685 1717 1686
f 1686 1718 1687
f 1687 1719 1688
f 1688 1720 1689
f 1689 1721 1690
f 1690 1722 1691
f 1691 1723 1692
f 1692 1724 1693
f 1693 1725 1694
f 1694 1726 1695
f 1695 1727 1696
f 1696 1728 1697
f 1697 1729 1698
f 1698 1730 1699
f 1699 1731 1700
f 1700 1732 1701
f 1701 1733 1702
f 1702 1734 1703
f 1703 1735 1704
f 1704 1736 1705
f 1706 1738 1707
f 1707 1739 1708
f 1708 1740 1709
f 1709 1741 1710
f 1710 1742 1711
f 1711 1743 1712
f 1712 1744 1713
f 1713 1745 1714
f 1714 1746 1715
f 1715 1747 1716
f 1716 1748 1717
f 1717 1749 1718
f 1718 1750 1719
f 1719 1751 1720
f 1720 1752 1721
f 1721 1753 1722
f 1722 1754 1723
f 1723 1755 1724
f 1724 1756 1725
f 1725 1757 1726
f 1726 1758 1727
f 1727 1759 1728
f 1728 1760 1729
f 1729 1761 1730
f 1730 1762 1731
f 1731 1763 1732
f 1732 1764 1733
f 1733 1765 1734
f 1734 1766 1735
f 1735 1767 1736
f 1737 1769 1738
f 1738 1770 1739
f 1739 1771 1740
f 1740 1772 1741
f 1741 1773 1742
f 1742 1774 1743
f 1743 1775 1744
f 1744 1776 1745
f 1745 1777 1746
f 1746 1778 1747
f 1747 1779 1748
f 1748 1780 1749
f 1749 1781 1750
f 1750 1782 1751
f 1751 1783 1752
f 1752 1784 1753
f 1753 1785 1754
f 1754 1786 1755
f 1755 1787 1756
f 1756 1788 1757
f 1757 1789 1758
f 1758 1790 1759
f 1759 1791 1760
f 1760 1792 1761
f 1761 1793 1762
f 1762 1794 1763
f 1763 1795 1764
f 1764 1796 1765
f 1765 1797 1766
f 1766 1798 1767
f 1768 1800 1769
f 1769 1801 1770
f 1770 1802 1771
f 1771 1803 1772
f 1772 1804 1773
f 1773 1805 1774
f 1774 1806 1775
f 1775 1807 1776
f 1776 1808 1777
f 1777 1809 1778
f 1778 1810 1779
f 1779 1811 1780
f 1780 1812 1781
f 1781 1813 1782
f 1782 1814 1783
f 1783 1815 1784
f 1784 1816 1785
f 1785 1817 1786
f 1786 1818 1787
f 1787 1819 1788
f 1788 1820 1789
f 1789 1821 1790
f 1790 1822 1791
f 1791 1823 1792
f 1792 1824 1793
f 1793 1825 1794
f 1794 1826 1795
f 1795 1827 1796
f 1796 1828 1797
f 1797 1829 1798
f 1799 1831 1800
f 1800 1832 1801
f 1801 1833 1802
f 1802 1834 1803
f 1803 1835 1804
f 1804 1836 1805
f 1805 1837 1806
f 1806 1838 1807
f 1807 1839 1808
f 1808 1840 1809
f 1809 1841 1810
f 1810 1842 1811
f 1811 1843 1812
f 1812 1844 1813
f 1813 1845 1814
f 1814 1846 1815
f 1815 1847 1816
f 1816 1848 1817
f 1817 1849 1818
f 1818 1850 1819
f 1819 1851 1820
f 1820 1852 1821
f 1821 1853 1822
f 1822 1854 1823
f 1823 1855 1824
f 1824 1856 1825
f 1825 1857 1826
f 1826 1858 1827
f 1827 1859 1828
f 1828 1860 1829
f 1830 1862 1831
f 1831 1863 1832
f 1832 1864 1833
f 1833 1865 1834
f 1834 1866 1835
f 1835 1867 1836
f 1836 1868 1837
f 1837 1869 1838
f 1838 1870 1839
f 1839 1871 1840
f 1840 1872 1841
f 1841 1873 1842
f 1842 1874 1843
f 1843 1875 1844
f 1844 1876 1845
f 1845 1877 1846
f 1846 1878 1847
f 1847 1879 1848
f 1848 1880 1849
f 1849 1881 1850
f 1850 1882 1851
f 1851 1883 1852
f 1852 1884 1853
f 1853 1885 1854
f 1854 1886 1855
f 1855 1887 1856
f 1856 1888 1857
f 1857 1889 1858
f 1858 1890 1859
f 1859 1891 1860

