# https://github.com/mikedh/trimesh
v -1.50000000 -0.75000000 0.00000000
v -1.50000000 -0.70000000 0.00000000
v -1.50000000 -0.65000000 0.00000000
v -1.50000000 -0.60000000 0.00000000
v -1.50000000 -0.55000000 0.00000000
v -1.50000000 -0.50000000 0.00000000
v -1.50000000 -0.45000000 0.00000000
v -1.50000000 -0.40000000 0.00000000
v -1.50000000 -0.35000000 0.00000000
v -1.50000000 -0.30000000 0.00000000
v -1.50000000 -0.25000000 0.00000000
v -1.50000000 -0.20000000 0.00000000
v -1.50000000 -0.15000000 0.00000000
v -1.50000000 -0.10000000 0.00000000
v -1.50000000 -0.05000000 0.00000000
v -1.50000000 0.00000000 0.00000000
v -1.50000000 0.05000000 0.00000000
v -1.50000000 0.10000000 0.00000000
v -1.50000000 0.15000000 0.00000000
v -1.50000000 0.20000000 0.00000000
v -1.50000000 0.25000000 0.00000000
v -1.50000000 0.30000000 0.00000000
v -1.50000000 0.35000000 0.00000000
v -1.50000000 0.40000000 0.00000000
v -1.50000000 0.45000000 0.00000000
v -1.50000000 0.50000000 0.00000000
v -1.50000000 0.55000000 0.00000000
v -1.50000000 0.60000000 0.00000000
v -1.50000000 0.65000000 0.00000000
v -1.50000000 0.70000000 0.00000000
v -1.50000000 0.75000000 0.00000000
v -1.45000000 -0.75000000 0.00000000
v -1.45000000 -0.70000000 0.00000000
v -1.45000000 -0.65000000 0.00000000
v -1.45000000 -0.60000000 0.00000000
v -1.45000000 -0.55000000 0.00000000
v -1.45000000 -0.50000000 0.00000000
v -1.45000000 -0.45000000 0.00000000
v -1.45000000 -0.40000000 0.00000000
v -1.45000000 -0.35000000 0.00000000
v -1.45000000 -0.30000000 0.00000000
v -1.45000000 -0.25000000 0.00000000
v -1.45000000 -0.20000000 0.00000000
v -1.45000000 -0.15000000 0.00000000
v -1.45000000 -0.10000000 0.00000000
v -1.45000000 -0.05000000 0.00000000
v -1.45000000 0.00000000 0.00000000
v -1.45000000 0.05000000 0.00000000
v -1.45000000 0.10000000 0.00000000
v -1.45000000 0.15000000 0.00000000
v -1.45000000 0.20000000 0.00000000
v -1.45000000 0.25000000 0.00000000
v -1.45000000 0.30000000 0.00000000
v -1.45000000 0.35000000 0.00000000
v -1.45000000 0.40000000 0.00000000
v -1.45000000 0.45000000 0.00000000
v -1.45000000 0.50000000 0.00000000
v -1.45000000 0.55000000 0.00000000
v -1.45000000 0.60000000 0.00000000
v -1.45000000 0.65000000 0.00000000
v -1.45000000 0.70000000 0.00000000
v -1.45000000 0.75000000 0.00000000
v -1.40000000 -0.75000000 0.00000000
v -1.40000000 -0.70000000 0.00000000
v -1.40000000 -0.65000000 0.00000000
v -1.40000000 -0.60000000 0.00000000
v -1.40000000 -0.55000000 0.00000000
v -1.40000000 -0.50000000 0.00000000
v -1.40000000 -0.45000000 0.00000000
v -1.40000000 -0.40000000 0.00000000
v -1.40000000 -0.35000000 0.00000000
v -1.40000000 -0.30000000 0.00000000
v -1.40000000 -0.25000000 0.00000000
v -1.40000000 -0.20000000 0.00000000
v -1.40000000 -0.15000000 0.00000000
v -1.40000000 -0.10000000 0.00000000
v -1.40000000 -0.05000000 0.00000000
v -1.40000000 0.00000000 0.00000000
v -1.40000000 0.05000000 0.00000000
v -1.40000000 0.10000000 0.00000000
v -1.40000000 0.15000000 0.00000000
v -1.40000000 0.20000000 0.00000000
v -1.40000000 0.25000000 0.00000000
v -1.40000000 0.30000000 0.00000000
v -1.40000000 0.35000000 0.00000000
v -1.40000000 0.40000000 0.00000000
v -1.40000000 0.45000000 0.00000000
v -1.40000000 0.50000000 0.00000000
v -1.40000000 0.55000000 0.00000000
v -1.40000000 0.60000000 0.00000000
v -1.40000000 0.65000000 0.00000000
v -1.40000000 0.70000000 0.00000000
v -1.40000000 0.75000000 0.00000000
v -1.35000000 -0.75000000 0.00000000
v -1.35000000 -0.70000000 0.00000000
v -1.35000000 -0.65000000 0.00000000
v -1.35000000 -0.60000000 0.00000000
v -1.35000000 -0.55000000 0.00000000
v -1.35000000 -0.50000000 0.00000000
v -1.35000000 -0.45000000 0.00000000
v -1.35000000 -0.40000000 0.00000000
v -1.35000000 -0.35000000 0.00000000
v -1.35000000 -0.30000000 0.00000000
v -1.35000000 -0.25000000 0.00000000
v -1.35000000 -0.20000000 0.00000000
v -1.35000000 -0.15000000 0.00000000
v -1.35000000 -0.10000000 0.00000000
v -1.35000000 -0.05000000 0.00000000
v -1.35000000 0.00000000 0.00000000
v -1.35000000 0.05000000 0.00000000
v -1.35000000 0.10000000 0.00000000
v -1.35000000 0.15000000 0.00000000
v -1.35000000 0.20000000 0.00000000
v -1.35000000 0.25000000 0.00000000
v -1.35000000 0.30000000 0.00000000
v -1.35000000 0.35000000 0.00000000
v -1.35000000 0.40000000 0.00000000
v -1.35000000 0.45000000 0.00000000
v -1.35000000 0.50000000 0.00000000
v -1.35000000 0.55000000 0.00000000
v -1.35000000 0.60000000 0.00000000
v -1.35000000 0.65000000 0.00000000
v -1.35000000 0.70000000 0.00000000
v -1.35000000 0.75000000 0.00000000
v -1.30000000 -0.75000000 0.00000000
v -1.30000000 -0.70000000 0.00000000
v -1.30000000 -0.65000000 0.00000000
v -1.30000000 -0.60000000 0.00000000
v -1.30000000 -0.55000000 0.00000000
v -1.30000000 -0.50000000 0.00000000
v -1.30000000 -0.45000000 0.00000000
v -1.30000000 -0.40000000 0.00000000
v -1.30000000 -0.35000000 0.00000000
v -1.30000000 -0.30000000 0.00000000
v -1.30000000 -0.25000000 0.00000000
v -1.30000000 -0.20000000 0.00000000
v -1.30000000 -0.15000000 0.00000000
v -1.30000000 -0.10000000 0.00000000
v -1.30000000 -0.05000000 0.00000000
v -1.30000000 0.00000000 0.00000000
v -1.30000000 0.05000000 0.00000000
v -1.30000000 0.10000000 0.00000000
v -1.30000000 0.15000000 0.00000000
v -1.30000000 0.20000000 0.00000000
v -1.30000000 0.25000000 0.00000000
v -1.30000000 0.30000000 0.00000000
v -1.30000000 0.35000000 0.00000000
v -1.30000000 0.40000000 0.00000000
v -1.30000000 0.45000000 0.00000000
v -1.30000000 0.50000000 0.00000000
v -1.30000000 0.55000000 0.00000000
v -1.30000000 0.60000000 0.00000000
v -1.30000000 0.65000000 0.00000000
v -1.30000000 0.70000000 0.00000000
v -1.30000000 0.75000000 0.00000000
v -1.25000000 -0.75000000 0.00000000
v -1.25000000 -0.70000000 0.00000000
v -1.25000000 -0.65000000 0.00000000
v -1.25000000 -0.60000000 0.00000000
v -1.25000000 -0.55000000 0.00000000
v -1.25000000 -0.50000000 0.00000000
v -1.25000000 -0.45000000 0.00000000
v -1.25000000 -0.40000000 0.00000000
v -1.25000000 -0.35000000 0.00000000
v -1.25000000 -0.30000000 0.00000000
v -1.25000000 -0.25000000 0.00000000
v -1.25000000 -0.20000000 0.00000000
v -1.25000000 -0.15000000 0.00000000
v -1.25000000 -0.10000000 0.00000000
v -1.25000000 -0.05000000 0.00000000
v -1.25000000 0.00000000 0.00000000
v -1.25000000 0.05000000 0.00000000
v -1.25000000 0.10000000 0.00000000
v -1.25000000 0.15000000 0.00000000
v -1.25000000 0.20000000 0.00000000
v -1.25000000 0.25000000 0.00000000
v -1.25000000 0.30000000 0.00000000
v -1.25000000 0.35000000 0.00000000
v -1.25000000 0.40000000 0.00000000
v -1.25000000 0.45000000 0.00000000
v -1.25000000 0.50000000 0.00000000
v -1.25000000 0.55000000 0.00000000
v -1.25000000 0.60000000 0.00000000
v -1.25000000 0.65000000 0.00000000
v -1.25000000 0.70000000 0.00000000
v -1.25000000 0.75000000 0.00000000
v -1.20000000 -0.75000000 0.00000000
v -1.20000000 -0.70000000 0.00000000
v -1.20000000 -0.65000000 0.00000000
v -1.20000000 -0.60000000 0.00000000
v -1.20000000 -0.55000000 0.00000000
v -1.20000000 -0.50000000 0.00000000
v -1.20000000 -0.45000000 0.00000000
v -1.20000000 -0.40000000 0.00000000
v -1.20000000 -0.35000000 0.00000000
v -1.20000000 -0.30000000 0.00000000
v -1.20000000 -0.25000000 0.00000000
v -1.20000000 -0.20000000 0.00000000
v -1.20000000 -0.15000000 0.00000000
v -1.20000000 -0.10000000 0.00000000
v -1.20000000 -0.05000000 0.00000000
v -1.20000000 0.00000000 0.00000000
v -1.20000000 0.05000000 0.00000000
v -1.20000000 0.10000000 0.00000000
v -1.20000000 0.15000000 0.00000000
v -1.20000000 0.20000000 0.00000000
v -1.20000000 0.25000000 0.00000000
v -1.20000000 0.30000000 0.00000000
v -1.20000000 0.35000000 0.00000000
v -1.20000000 0.40000000 0.00000000
v -1.20000000 0.45000000 0.00000000
v -1.20000000 0.50000000 0.00000000
v -1.20000000 0.55000000 0.00000000
v -1.20000000 0.60000000 0.00000000
v -1.20000000 0.65000000 0.00000000
v -1.20000000 0.70000000 0.00000000
v -1.20000000 0.75000000 0.00000000
v -1.15000000 -0.75000000 0.00000000
v -1.15000000 -0.70000000 0.00000000
v -1.15000000 -0.65000000 0.00000000
v -1.15000000 -0.60000000 0.00000000
v -1.15000000 -0.55000000 0.00000000
v -1.15000000 -0.50000000 0.00000000
v -1.15000000 -0.45000000 0.00000000
v -1.15000000 -0.40000000 0.00000000
v -1.15000000 -0.35000000 0.00000000
v -1.15000000 -0.30000000 0.00000000
v -1.15000000 -0.25000000 0.00000000
v -1.15000000 -0.20000000 0.00000000
v -1.15000000 -0.15000000 0.00000000
v -1.15000000 -0.10000000 0.00000000
v -1.15000000 -0.05000000 0.00000000
v -1.15000000 0.00000000 0.00000000
v -1.15000000 0.05000000 0.00000000
v -1.15000000 0.10000000 0.00000000
v -1.15000000 0.15000000 0.00000000
v -1.15000000 0.20000000 0.00000000
v -1.15000000 0.25000000 0.00000000
v -1.15000000 0.30000000 0.00000000
v -1.15000000 0.35000000 0.00000000
v -1.15000000 0.40000000 0.00000000
v -1.15000000 0.45000000 0.00000000
v -1.15000000 0.50000000 0.00000000
v -1.15000000 0.55000000 0.00000000
v -1.15000000 0.60000000 0.00000000
v -1.15000000 0.65000000 0.00000000
v -1.15000000 0.70000000 0.00000000
v -1.15000000 0.75000000 0.00000000
v -1.10000000 -0.75000000 0.00000000
v -1.10000000 -0.70000000 0.00000000
v -1.10000000 -0.65000000 0.00000000
v -1.10000000 -0.60000000 0.00000000
v -1.10000000 -0.55000000 0.00000000
v -1.10000000 -0.50000000 0.00000000
v -1.10000000 -0.45000000 0.00000000
v -1.10000000 -0.40000000 0.00000000
v -1.10000000 -0.35000000 0.00000000
v -1.10000000 -0.30000000 0.00000000
v -1.10000000 -0.25000000 0.00000000
v -1.10000000 -0.20000000 0.00000000
v -1.10000000 -0.15000000 0.00000000
v -1.10000000 -0.10000000 0.00000000
v -1.10000000 -0.05000000 0.00000000
v -1.10000000 0.00000000 0.00000000
v -1.10000000 0.05000000 0.00000000
v -1.10000000 0.10000000 0.00000000
v -1.10000000 0.15000000 0.00000000
v -1.10000000 0.20000000 0.00000000
v -1.10000000 0.25000000 0.00000000
v -1.10000000 0.30000000 0.00000000
v -1.10000000 0.35000000 0.00000000
v -1.10000000 0.40000000 0.00000000
v -1.10000000 0.45000000 0.00000000
v -1.10000000 0.50000000 0.00000000
v -1.10000000 0.55000000 0.00000000
v -1.10000000 0.60000000 0.00000000
v -1.10000000 0.65000000 0.00000000
v -1.10000000 0.70000000 0.00000000
v -1.10000000 0.75000000 0.00000000
v -1.05000000 -0.75000000 0.00000000
v -1.05000000 -0.70000000 0.00000000
v -1.05000000 -0.65000000 0.00000000
v -1.05000000 -0.60000000 0.00000000
v -1.05000000 -0.55000000 0.00000000
v -1.05000000 -0.50000000 0.00000000
v -1.05000000 -0.45000000 0.00000000
v -1.05000000 -0.40000000 0.00000000
v -1.05000000 -0.35000000 0.00000000
v -1.05000000 -0.30000000 0.00000000
v -1.05000000 -0.25000000 0.00000000
v -1.05000000 -0.20000000 0.00000000
v -1.05000000 -0.15000000 0.00000000
v -1.05000000 -0.10000000 0.00000000
v -1.05000000 -0.05000000 0.00000000
v -1.05000000 0.00000000 0.00000000
v -1.05000000 0.05000000 0.00000000
v -1.05000000 0.10000000 0.00000000
v -1.05000000 0.15000000 0.00000000
v -1.05000000 0.20000000 0.00000000
v -1.05000000 0.25000000 0.00000000
v -1.05000000 0.30000000 0.00000000
v -1.05000000 0.35000000 0.00000000
v -1.05000000 0.40000000 0.00000000
v -1.05000000 0.45000000 0.00000000
v -1.05000000 0.50000000 0.00000000
v -1.05000000 0.55000000 0.00000000
v -1.05000000 0.60000000 0.00000000
v -1.05000000 0.65000000 0.00000000
v -1.05000000 0.70000000 0.00000000
v -1.05000000 0.75000000 0.00000000
v -1.00000000 -0.75000000 0.00000000
v -1.00000000 -0.70000000 0.00000000
v -1.00000000 -0.65000000 0.00000000
v -1.00000000 -0.60000000 0.00000000
v -1.00000000 -0.55000000 0.00000000
v -1.00000000 -0.50000000 0.00000000
v -1.00000000 -0.45000000 0.00000000
v -1.00000000 -0.40000000 0.00000000
v -1.00000000 -0.35000000 0.00000000
v -1.00000000 -0.30000000 0.00000000
v -1.00000000 -0.25000000 0.00000000
v -1.00000000 -0.20000000 0.00000000
v -1.00000000 -0.15000000 0.00000000
v -1.00000000 -0.10000000 0.00000000
v -1.00000000 -0.05000000 0.00000000
v -1.00000000 0.00000000 0.00000000
v -1.00000000 0.05000000 0.00000000
v -1.00000000 0.10000000 0.00000000
v -1.00000000 0.15000000 0.00000000
v -1.00000000 0.20000000 0.00000000
v -1.00000000 0.25000000 0.00000000
v -1.00000000 0.30000000 0.00000000
v -1.00000000 0.35000000 0.00000000
v -1.00000000 0.40000000 0.00000000
v -1.00000000 0.45000000 0.00000000
v -1.00000000 0.50000000 0.00000000
v -1.00000000 0.55000000 0.00000000
v -1.00000000 0.60000000 0.00000000
v -1.00000000 0.65000000 0.00000000
v -1.00000000 0.70000000 0.00000000
v -1.00000000 0.75000000 0.00000000
v -0.95000000 -0.75000000 0.00000000
v -0.95000000 -0.70000000 0.00000000
v -0.95000000 -0.65000000 0.00000000
v -0.95000000 -0.60000000 0.00000000
v -0.95000000 -0.55000000 0.00000000
v -0.95000000 -0.50000000 0.00000000
v -0.95000000 -0.45000000 0.00000000
v -0.95000000 -0.40000000 0.00000000
v -0.95000000 -0.35000000 0.00000000
v -0.95000000 -0.30000000 0.00000000
v -0.95000000 -0.25000000 0.00000000
v -0.95000000 -0.20000000 0.00000000
v -0.95000000 -0.15000000 0.00000000
v -0.95000000 -0.10000000 0.00000000
v -0.95000000 -0.05000000 0.00000000
v -0.95000000 0.00000000 0.00000000
v -0.95000000 0.05000000 0.00000000
v -0.95000000 0.10000000 0.00000000
v -0.95000000 0.15000000 0.00000000
v -0.95000000 0.20000000 0.00000000
v -0.95000000 0.25000000 0.00000000
v -0.95000000 0.30000000 0.00000000
v -0.95000000 0.35000000 0.00000000
v -0.95000000 0.40000000 0.00000000
v -0.95000000 0.45000000 0.00000000
v -0.95000000 0.50000000 0.00000000
v -0.95000000 0.55000000 0.00000000
v -0.95000000 0.60000000 0.00000000
v -0.95000000 0.65000000 0.00000000
v -0.95000000 0.70000000 0.00000000
v -0.95000000 0.75000000 0.00000000
v -0.90000000 -0.75000000 0.00000000
v -0.90000000 -0.70000000 0.00000000
v -0.90000000 -0.65000000 0.00000000
v -0.90000000 -0.60000000 0.00000000
v -0.90000000 -0.55000000 0.00000000
v -0.90000000 -0.50000000 0.00000000
v -0.90000000 -0.45000000 0.00000000
v -0.90000000 -0.40000000 0.00000000
v -0.90000000 -0.35000000 0.00000000
v -0.90000000 -0.30000000 0.00000000
v -0.90000000 -0.25000000 0.00000000
v -0.90000000 -0.20000000 0.00000000
v -0.90000000 -0.15000000 0.00000000
v -0.90000000 -0.10000000 0.00000000
v -0.90000000 -0.05000000 0.00000000
v -0.90000000 0.00000000 0.00000000
v -0.90000000 0.05000000 0.00000000
v -0.90000000 0.10000000 0.00000000
v -0.90000000 0.15000000 0.00000000
v -0.90000000 0.20000000 0.00000000
v -0.90000000 0.25000000 0.00000000
v -0.90000000 0.30000000 0.00000000
v -0.90000000 0.35000000 0.00000000
v -0.90000000 0.40000000 0.00000000
v -0.90000000 0.45000000 0.00000000
v -0.90000000 0.50000000 0.00000000
v -0.90000000 0.55000000 0.00000000
v -0.90000000 0.60000000 0.00000000
v -0.90000000 0.65000000 0.00000000
v -0.90000000 0.70000000 0.00000000
v -0.90000000 0.75000000 0.00000000
v -0.85000000 -0.75000000 0.00000000
v -0.85000000 -0.70000000 0.00000000
v -0.85000000 -0.65000000 0.00000000
v -0.85000000 -0.60000000 0.00000000
v -0.85000000 -0.55000000 0.00000000
v -0.85000000 -0.50000000 0.00000000
v -0.85000000 -0.45000000 0.00000000
v -0.85000000 -0.40000000 0.00000000
v -0.85000000 -0.35000000 0.00000000
v -0.85000000 -0.30000000 0.00000000
v -0.85000000 -0.25000000 0.00000000
v -0.85000000 -0.20000000 0.00000000
v -0.85000000 -0.15000000 0.00000000
v -0.85000000 -0.10000000 0.00000000
v -0.85000000 -0.05000000 0.00000000
v -0.85000000 0.00000000 0.00000000
v -0.85000000 0.05000000 0.00000000
v -0.85000000 0.10000000 0.00000000
v -0.85000000 0.15000000 0.00000000
v -0.85000000 0.20000000 0.00000000
v -0.85000000 0.25000000 0.00000000
v -0.85000000 0.30000000 0.00000000
v -0.85000000 0.35000000 0.00000000
v -0.85000000 0.40000000 0.00000000
v -0.85000000 0.45000000 0.00000000
v -0.85000000 0.50000000 0.00000000
v -0.85000000 0.55000000 0.00000000
v -0.85000000 0.60000000 0.00000000
v -0.85000000 0.65000000 0.00000000
v -0.85000000 0.70000000 0.00000000
v -0.85000000 0.75000000 0.00000000
v -0.80000000 -0.75000000 0.00000000
v -0.80000000 -0.70000000 0.00000000
v -0.80000000 -0.65000000 0.00000000
v -0.80000000 -0.60000000 0.00000000
v -0.80000000 -0.55000000 0.00000000
v -0.80000000 -0.50000000 0.00000000
v -0.80000000 -0.45000000 0.00000000
v -0.80000000 -0.40000000 0.00000000
v -0.80000000 -0.35000000 0.00000000
v -0.80000000 -0.30000000 0.00000000
v -0.80000000 -0.25000000 0.00000000
v -0.80000000 -0.20000000 0.00000000
v -0.80000000 -0.15000000 0.00000000
v -0.80000000 -0.10000000 0.00000000
v -0.80000000 -0.05000000 0.00000000
v -0.80000000 0.00000000 0.00000000
v -0.80000000 0.05000000 0.00000000
v -0.80000000 0.10000000 0.00000000
v -0.80000000 0.15000000 0.00000000
v -0.80000000 0.20000000 0.00000000
v -0.80000000 0.25000000 0.00000000
v -0.80000000 0.30000000 0.00000000
v -0.80000000 0.35000000 0.00000000
v -0.80000000 0.40000000 0.00000000
v -0.80000000 0.45000000 0.00000000
v -0.80000000 0.50000000 0.00000000
v -0.80000000 0.55000000 0.00000000
v -0.80000000 0.60000000 0.00000000
v -0.80000000 0.65000000 0.00000000
v -0.80000000 0.70000000 0.00000000
v -0.80000000 0.75000000 0.00000000
v -0.75000000 -0.75000000 0.00000000
v -0.75000000 -0.70000000 0.00000000
v -0.75000000 -0.65000000 0.00000000
v -0.75000000 -0.60000000 0.00000000
v -0.75000000 -0.55000000 0.00000000
v -0.75000000 -0.50000000 0.00000000
v -0.75000000 -0.45000000 0.00000000
v -0.75000000 -0.40000000 0.00000000
v -0.75000000 -0.35000000 0.00000000
v -0.75000000 -0.30000000 0.00000000
v -0.75000000 -0.25000000 0.00000000
v -0.75000000 -0.20000000 0.00000000
v -0.75000000 -0.15000000 0.00000000
v -0.75000000 -0.10000000 0.00000000
v -0.75000000 -0.05000000 0.00000000
v -0.75000000 0.00000000 0.00000000
v -0.75000000 0.05000000 0.00000000
v -0.75000000 0.10000000 0.00000000
v -0.75000000 0.15000000 0.00000000
v -0.75000000 0.20000000 0.00000000
v -0.75000000 0.25000000 0.00000000
v -0.75000000 0.30000000 0.00000000
v -0.75000000 0.35000000 0.00000000
v -0.75000000 0.40000000 0.00000000
v -0.75000000 0.45000000 0.00000000
v -0.75000000 0.50000000 0.00000000
v -0.75000000 0.55000000 0.00000000
v -0.75000000 0.60000000 0.00000000
v -0.75000000 0.65000000 0.00000000
v -0.75000000 0.70000000 0.00000000
v -0.75000000 0.75000000 0.00000000
v -0.70000000 -0.75000000 0.00000000
v -0.70000000 -0.70000000 0.00000000
v -0.70000000 -0.65000000 0.00000000
v -0.70000000 -0.60000000 0.00000000
v -0.70000000 -0.55000000 0.00000000
v -0.70000000 -0.50000000 0.00000000
v -0.70000000 -0.45000000 0.00000000
v -0.70000000 -0.40000000 0.00000000
v -0.70000000 -0.35000000 0.00000000
v -0.70000000 -0.30000000 0.00000000
v -0.70000000 -0.25000000 0.00000000
v -0.70000000 -0.20000000 0.00000000
v -0.70000000 -0.15000000 0.00000000
v -0.70000000 -0.10000000 0.00000000
v -0.70000000 -0.05000000 0.00000000
v -0.70000000 0.00000000 0.00000000
v -0.70000000 0.05000000 0.00000000
v -0.70000000 0.10000000 0.00000000
v -0.70000000 0.15000000 0.00000000
v -0.70000000 0.20000000 0.00000000
v -0.70000000 0.25000000 0.00000000
v -0.70000000 0.30000000 0.00000000
v -0.70000000 0.35000000 0.00000000
v -0.70000000 0.40000000 0.00000000
v -0.70000000 0.45000000 0.00000000
v -0.70000000 0.50000000 0.00000000
v -0.70000000 0.55000000 0.00000000
v -0.70000000 0.60000000 0.00000000
v -0.70000000 0.65000000 0.00000000
v -0.70000000 0.70000000 0.00000000
v -0.70000000 0.75000000 0.00000000
v -0.65000000 -0.75000000 0.00000000
v -0.65000000 -0.70000000 0.00000000
v -0.65000000 -0.65000000 0.00000000
v -0.65000000 -0.60000000 0.00000000
v -0.65000000 -0.55000000 0.00000000
v -0.65000000 -0.50000000 0.00000000
v -0.65000000 -0.45000000 0.00000000
v -0.65000000 -0.40000000 0.00000000
v -0.65000000 -0.35000000 0.00000000
v -0.65000000 -0.30000000 0.00000000
v -0.65000000 -0.25000000 0.00000000
v -0.65000000 -0.20000000 0.00000000
v -0.65000000 -0.15000000 0.00000000
v -0.65000000 -0.10000000 0.00000000
v -0.65000000 -0.05000000 0.00000000
v -0.65000000 0.00000000 0.00000000
v -0.65000000 0.05000000 0.00000000
v -0.65000000 0.10000000 0.00000000
v -0.65000000 0.15000000 0.00000000
v -0.65000000 0.20000000 0.00000000
v -0.65000000 0.25000000 0.00000000
v -0.65000000 0.30000000 0.00000000
v -0.65000000 0.35000000 0.00000000
v -0.65000000 0.40000000 0.00000000
v -0.65000000 0.45000000 0.00000000
v -0.65000000 0.50000000 0.00000000
v -0.65000000 0.55000000 0.00000000
v -0.65000000 0.60000000 0.00000000
v -0.65000000 0.65000000 0.00000000
v -0.65000000 0.70000000 0.00000000
v -0.65000000 0.75000000 0.00000000
v -0.60000000 -0.75000000 0.00000000
v -0.60000000 -0.70000000 0.00000000
v -0.60000000 -0.65000000 0.00000000
v -0.60000000 -0.60000000 0.00000000
v -0.60000000 -0.55000000 0.00000000
v -0.60000000 -0.50000000 0.00000000
v -0.60000000 -0.45000000 0.00000000
v -0.60000000 -0.40000000 0.00000000
v -0.60000000 -0.35000000 0.00000000
v -0.60000000 -0.30000000 0.00000000
v -0.60000000 -0.25000000 0.00000000
v -0.60000000 -0.20000000 0.00000000
v -0.60000000 -0.15000000 0.00000000
v -0.60000000 -0.10000000 0.00000000
v -0.60000000 -0.05000000 0.00000000
v -0.60000000 0.00000000 0.00000000
v -0.60000000 0.05000000 0.00000000
v -0.60000000 0.10000000 0.00000000
v -0.60000000 0.15000000 0.00000000
v -0.60000000 0.20000000 0.00000000
v -0.60000000 0.25000000 0.00000000
v -0.60000000 0.30000000 0.00000000
v -0.60000000 0.35000000 0.00000000
v -0.60000000 0.40000000 0.00000000
v -0.60000000 0.45000000 0.00000000
v -0.60000000 0.50000000 0.00000000
v -0.60000000 0.55000000 0.00000000
v -0.60000000 0.60000000 0.00000000
v -0.60000000 0.65000000 0.00000000
v -0.60000000 0.70000000 0.00000000
v -0.60000000 0.75000000 0.00000000
v -0.55000000 -0.75000000 0.00000000
v -0.55000000 -0.70000000 0.00000000
v -0.55000000 -0.65000000 0.00000000
v -0.55000000 -0.60000000 0.00000000
v -0.55000000 -0.55000000 0.00000000
v -0.55000000 -0.50000000 0.00000000
v -0.55000000 -0.45000000 0.00000000
v -0.55000000 -0.40000000 0.00000000
v -0.55000000 -0.35000000 0.00000000
v -0.55000000 -0.30000000 0.00000000
v -0.55000000 -0.25000000 0.00000000
v -0.55000000 -0.20000000 0.00000000
v -0.55000000 -0.15000000 0.00000000
v -0.55000000 -0.10000000 0.00000000
v -0.55000000 -0.05000000 0.00000000
v -0.55000000 0.00000000 0.00000000
v -0.55000000 0.05000000 0.00000000
v -0.55000000 0.10000000 0.00000000
v -0.55000000 0.15000000 0.00000000
v -0.55000000 0.20000000 0.00000000
v -0.55000000 0.25000000 0.00000000
v -0.55000000 0.30000000 0.00000000
v -0.55000000 0.35000000 0.00000000
v -0.55000000 0.40000000 0.00000000
v -0.55000000 0.45000000 0.00000000
v -0.55000000 0.50000000 0.00000000
v -0.55000000 0.55000000 0.00000000
v -0.55000000 0.60000000 0.00000000
v -0.55000000 0.65000000 0.00000000
v -0.55000000 0.70000000 0.00000000
v -0.55000000 0.75000000 0.00000000
v -0.50000000 -0.75000000 0.00000000
v -0.50000000 -0.70000000 0.00000000
v -0.50000000 -0.65000000 0.00000000
v -0.50000000 -0.60000000 0.00000000
v -0.50000000 -0.55000000 0.00000000
v -0.50000000 -0.50000000 0.00000000
v -0.50000000 -0.45000000 0.00000000
v -0.50000000 -0.40000000 0.00000000
v -0.50000000 -0.35000000 0.00000000
v -0.50000000 -0.30000000 0.00000000
v -0.50000000 -0.25000000 0.00000000
v -0.50000000 -0.20000000 0.00000000
v -0.50000000 -0.15000000 0.00000000
v -0.50000000 -0.10000000 0.00000000
v -0.50000000 -0.05000000 0.00000000
v -0.50000000 0.00000000 0.00000000
v -0.50000000 0.05000000 0.00000000
v -0.50000000 0.10000000 0.00000000
v -0.50000000 0.15000000 0.00000000
v -0.50000000 0.20000000 0.00000000
v -0.50000000 0.25000000 0.00000000
v -0.50000000 0.30000000 0.00000000
v -0.50000000 0.35000000 0.00000000
v -0.50000000 0.40000000 0.00000000
v -0.50000000 0.45000000 0.00000000
v -0.50000000 0.50000000 0.00000000
v -0.50000000 0.55000000 0.00000000
v -0.50000000 0.60000000 0.00000000
v -0.50000000 0.65000000 0.00000000
v -0.50000000 0.70000000 0.00000000
v -0.50000000 0.75000000 0.00000000
v -0.45000000 -0.75000000 0.00000000
v -0.45000000 -0.70000000 0.00000000
v -0.45000000 -0.65000000 0.00000000
v -0.45000000 -0.60000000 0.00000000
v -0.45000000 -0.55000000 0.00000000
v -0.45000000 -0.50000000 0.00000000
v -0.45000000 -0.45000000 0.00000000
v -0.45000000 -0.40000000 0.00000000
v -0.45000000 -0.35000000 0.00000000
v -0.45000000 -0.30000000 0.00000000
v -0.45000000 -0.25000000 0.00000000
v -0.45000000 -0.20000000 0.00000000
v -0.45000000 -0.15000000 0.00000000
v -0.45000000 -0.10000000 0.00000000
v -0.45000000 -0.05000000 0.00000000
v -0.45000000 0.00000000 0.00000000
v -0.45000000 0.05000000 0.00000000
v -0.45000000 0.10000000 0.00000000
v -0.45000000 0.15000000 0.00000000
v -0.45000000 0.20000000 0.00000000
v -0.45000000 0.25000000 0.00000000
v -0.45000000 0.30000000 0.00000000
v -0.45000000 0.35000000 0.00000000
v -0.45000000 0.40000000 0.00000000
v -0.45000000 0.45000000 0.00000000
v -0.45000000 0.50000000 0.00000000
v -0.45000000 0.55000000 0.00000000
v -0.45000000 0.60000000 0.00000000
v -0.45000000 0.65000000 0.00000000
v -0.45000000 0.70000000 0.00000000
v -0.45000000 0.75000000 0.00000000
v -0.40000000 -0.75000000 0.00000000
v -0.40000000 -0.70000000 0.00000000
v -0.40000000 -0.65000000 0.00000000
v -0.40000000 -0.60000000 0.00000000
v -0.40000000 -0.55000000 0.00000000
v -0.40000000 -0.50000000 0.00000000
v -0.40000000 -0.45000000 0.00000000
v -0.40000000 -0.40000000 0.00000000
v -0.40000000 -0.35000000 0.00000000
v -0.40000000 -0.30000000 0.00000000
v -0.40000000 -0.25000000 0.00000000
v -0.40000000 -0.20000000 0.00000000
v -0.40000000 -0.15000000 0.00000000
v -0.40000000 -0.10000000 0.00000000
v -0.40000000 -0.05000000 0.00000000
v -0.40000000 0.00000000 0.00000000
v -0.40000000 0.05000000 0.00000000
v -0.40000000 0.10000000 0.00000000
v -0.40000000 0.15000000 0.00000000
v -0.40000000 0.20000000 0.00000000
v -0.40000000 0.25000000 0.00000000
v -0.40000000 0.30000000 0.00000000
v -0.40000000 0.35000000 0.00000000
v -0.40000000 0.40000000 0.00000000
v -0.40000000 0.45000000 0.00000000
v -0.40000000 0.50000000 0.00000000
v -0.40000000 0.55000000 0.00000000
v -0.40000000 0.60000000 0.00000000
v -0.40000000 0.65000000 0.00000000
v -0.40000000 0.70000000 0.00000000
v -0.40000000 0.75000000 0.00000000
v -0.35000000 -0.75000000 0.00000000
v -0.35000000 -0.70000000 0.00000000
v -0.35000000 -0.65000000 0.00000000
v -0.35000000 -0.60000000 0.00000000
v -0.35000000 -0.55000000 0.00000000
v -0.35000000 -0.50000000 0.00000000
v -0.35000000 -0.45000000 0.00000000
v -0.35000000 -0.40000000 0.00000000
v -0.35000000 -0.35000000 0.00000000
v -0.35000000 -0.30000000 0.00000000
v -0.35000000 -0.25000000 0.00000000
v -0.35000000 -0.20000000 0.00000000
v -0.35000000 -0.15000000 0.00000000
v -0.35000000 -0.10000000 0.00000000
v -0.35000000 -0.05000000 0.00000000
v -0.35000000 0.00000000 0.00000000
v -0.35000000 0.05000000 0.00000000
v -0.35000000 0.10000000 0.00000000
v -0.35000000 0.15000000 0.00000000
v -0.35000000 0.20000000 0.00000000
v -0.35000000 0.25000000 0.00000000
v -0.35000000 0.30000000 0.00000000
v -0.35000000 0.35000000 0.00000000
v -0.35000000 0.40000000 0.00000000
v -0.35000000 0.45000000 0.00000000
v -0.35000000 0.50000000 0.00000000
v -0.35000000 0.55000000 0.00000000
v -0.35000000 0.60000000 0.00000000
v -0.35000000 0.65000000 0.00000000
v -0.35000000 0.70000000 0.00000000
v -0.35000000 0.75000000 0.00000000
v -0.30000000 -0.75000000 0.00000000
v -0.30000000 -0.70000000 0.00000000
v -0.30000000 -0.65000000 0.00000000
v -0.30000000 -0.60000000 0.00000000
v -0.30000000 -0.55000000 0.00000000
v -0.30000000 -0.50000000 0.00000000
v -0.30000000 -0.45000000 0.00000000
v -0.30000000 -0.40000000 0.00000000
v -0.30000000 -0.35000000 0.00000000
v -0.30000000 -0.30000000 0.00000000
v -0.30000000 -0.25000000 0.00000000
v -0.30000000 -0.20000000 0.00000000
v -0.30000000 -0.15000000 0.00000000
v -0.30000000 -0.10000000 0.00000000
v -0.30000000 -0.05000000 0.00000000
v -0.30000000 0.00000000 0.00000000
v -0.30000000 0.05000000 0.00000000
v -0.30000000 0.10000000 0.00000000
v -0.30000000 0.15000000 0.00000000
v -0.30000000 0.20000000 0.00000000
v -0.30000000 0.25000000 0.00000000
v -0.30000000 0.30000000 0.00000000
v -0.30000000 0.35000000 0.00000000
v -0.30000000 0.40000000 0.00000000
v -0.30000000 0.45000000 0.00000000
v -0.30000000 0.50000000 0.00000000
v -0.30000000 0.55000000 0.00000000
v -0.30000000 0.60000000 0.00000000
v -0.30000000 0.65000000 0.00000000
v -0.30000000 0.70000000 0.00000000
v -0.30000000 0.75000000 0.00000000
v -0.25000000 -0.75000000 0.00000000
v -0.25000000 -0.70000000 0.00000000
v -0.25000000 -0.65000000 0.00000000
v -0.25000000 -0.60000000 0.00000000
v -0.25000000 -0.55000000 0.00000000
v -0.25000000 -0.50000000 0.00000000
v -0.25000000 -0.45000000 0.00000000
v -0.25000000 -0.40000000 0.00000000
v -0.25000000 -0.35000000 0.00000000
v -0.25000000 -0.30000000 0.00000000
v -0.25000000 -0.25000000 0.00000000
v -0.25000000 -0.20000000 0.00000000
v -0.25000000 -0.15000000 0.00000000
v -0.25000000 -0.10000000 0.00000000
v -0.25000000 -0.05000000 0.00000000
v -0.25000000 0.00000000 0.00000000
v -0.25000000 0.05000000 0.00000000
v -0.25000000 0.10000000 0.00000000
v -0.25000000 0.15000000 0.00000000
v -0.25000000 0.20000000 0.00000000
v -0.25000000 0.25000000 0.00000000
v -0.25000000 0.30000000 0.00000000
v -0.25000000 0.35000000 0.00000000
v -0.25000000 0.40000000 0.00000000
v -0.25000000 0.45000000 0.00000000
v -0.25000000 0.50000000 0.00000000
v -0.25000000 0.55000000 0.00000000
v -0.25000000 0.60000000 0.00000000
v -0.25000000 0.65000000 0.00000000
v -0.25000000 0.70000000 0.00000000
v -0.25000000 0.75000000 0.00000000
v -0.20000000 -0.75000000 0.00000000
v -0.20000000 -0.70000000 0.00000000
v -0.20000000 -0.65000000 0.00000000
v -0.20000000 -0.60000000 0.00000000
v -0.20000000 -0.55000000 0.00000000
v -0.20000000 -0.50000000 0.00000000
v -0.20000000 -0.45000000 0.00000000
v -0.20000000 -0.40000000 0.00000000
v -0.20000000 -0.35000000 0.00000000
v -0.20000000 -0.30000000 0.00000000
v -0.20000000 -0.25000000 0.00000000
v -0.20000000 -0.20000000 0.00000000
v -0.20000000 -0.15000000 0.00000000
v -0.20000000 -0.10000000 0.00000000
v -0.20000000 -0.05000000 0.00000000
v -0.20000000 0.00000000 0.00000000
v -0.20000000 0.05000000 0.00000000
v -0.20000000 0.10000000 0.00000000
v -0.20000000 0.15000000 0.00000000
v -0.20000000 0.20000000 0.00000000
v -0.20000000 0.25000000 0.00000000
v -0.20000000 0.30000000 0.00000000
v -0.20000000 0.35000000 0.00000000
v -0.20000000 0.40000000 0.00000000
v -0.20000000 0.45000000 0.00000000
v -0.20000000 0.50000000 0.00000000
v -0.20000000 0.55000000 0.00000000
v -0.20000000 0.60000000 0.00000000
v -0.20000000 0.65000000 0.00000000
v -0.20000000 0.70000000 0.00000000
v -0.20000000 0.75000000 0.00000000
v -0.15000000 -0.75000000 0.00000000
v -0.15000000 -0.70000000 0.00000000
v -0.15000000 -0.65000000 0.00000000
v -0.15000000 -0.60000000 0.00000000
v -0.15000000 -0.55000000 0.00000000
v -0.15000000 -0.50000000 0.00000000
v -0.15000000 -0.45000000 0.00000000
v -0.15000000 -0.40000000 0.00000000
v -0.15000000 -0.35000000 0.00000000
v -0.15000000 -0.30000000 0.00000000
v -0.15000000 -0.25000000 0.00000000
v -0.15000000 -0.20000000 0.00000000
v -0.15000000 -0.15000000 0.00000000
v -0.15000000 -0.10000000 0.00000000
v -0.15000000 -0.05000000 0.00000000
v -0.15000000 0.00000000 0.00000000
v -0.15000000 0.05000000 0.00000000
v -0.15000000 0.10000000 0.00000000
v -0.15000000 0.15000000 0.00000000
v -0.15000000 0.20000000 0.00000000
v -0.15000000 0.25000000 0.00000000
v -0.15000000 0.30000000 0.00000000
v -0.15000000 0.35000000 0.00000000
v -0.15000000 0.40000000 0.00000000
v -0.15000000 0.45000000 0.00000000
v -0.15000000 0.50000000 0.00000000
v -0.15000000 0.55000000 0.00000000
v -0.15000000 0.60000000 0.00000000
v -0.15000000 0.65000000 0.00000000
v -0.15000000 0.70000000 0.00000000
v -0.15000000 0.75000000 0.00000000
v -0.10000000 -0.75000000 0.00000000
v -0.10000000 -0.70000000 0.00000000
v -0.10000000 -0.65000000 0.00000000
v -0.10000000 -0.60000000 0.00000000
v -0.10000000 -0.55000000 0.00000000
v -0.10000000 -0.50000000 0.00000000
v -0.10000000 -0.45000000 0.00000000
v -0.10000000 -0.40000000 0.00000000
v -0.10000000 -0.35000000 0.00000000
v -0.10000000 -0.30000000 0.00000000
v -0.10000000 -0.25000000 0.00000000
v -0.10000000 -0.20000000 0.00000000
v -0.10000000 -0.15000000 0.00000000
v -0.10000000 -0.10000000 0.00000000
v -0.10000000 -0.05000000 0.00000000
v -0.10000000 0.00000000 0.00000000
v -0.10000000 0.05000000 0.00000000
v -0.10000000 0.10000000 0.00000000
v -0.10000000 0.15000000 0.00000000
v -0.10000000 0.20000000 0.00000000
v -0.10000000 0.25000000 0.00000000
v -0.10000000 0.30000000 0.00000000
v -0.10000000 0.35000000 0.00000000
v -0.10000000 0.40000000 0.00000000
v -0.10000000 0.45000000 0.00000000
v -0.10000000 0.50000000 0.00000000
v -0.10000000 0.55000000 0.00000000
v -0.10000000 0.60000000 0.00000000
v -0.10000000 0.65000000 0.00000000
v -0.10000000 0.70000000 0.00000000
v -0.10000000 0.75000000 0.00000000
v -0.05000000 -0.75000000 0.00000000
v -0.05000000 -0.70000000 0.00000000
v -0.05000000 -0.65000000 0.00000000
v -0.05000000 -0.60000000 0.00000000
v -0.05000000 -0.55000000 0.00000000
v -0.05000000 -0.50000000 0.00000000
v -0.05000000 -0.45000000 0.00000000
v -0.05000000 -0.40000000 0.00000000
v -0.05000000 -0.35000000 0.00000000
v -0.05000000 -0.30000000 0.00000000
v -0.05000000 -0.25000000 0.00000000
v -0.05000000 -0.20000000 0.00000000
v -0.05000000 -0.15000000 0.00000000
v -0.05000000 -0.10000000 0.00000000
v -0.05000000 -0.05000000 0.00000000
v -0.05000000 0.00000000 0.00000000
v -0.05000000 0.05000000 0.00000000
v -0.05000000 0.10000000 0.00000000
v -0.05000000 0.15000000 0.00000000
v -0.05000000 0.20000000 0.00000000
v -0.05000000 0.25000000 0.00000000
v -0.05000000 0.30000000 0.00000000
v -0.05000000 0.35000000 0.00000000
v -0.05000000 0.40000000 0.00000000
v -0.05000000 0.45000000 0.00000000
v -0.05000000 0.50000000 0.00000000
v -0.05000000 0.55000000 0.00000000
v -0.05000000 0.60000000 0.00000000
v -0.05000000 0.65000000 0.00000000
v -0.05000000 0.70000000 0.00000000
v -0.05000000 0.75000000 0.00000000
v 0.00000000 -0.75000000 0.00000000
v 0.00000000 -0.70000000 0.00000000
v 0.00000000 -0.65000000 0.00000000
v 0.00000000 -0.60000000 0.00000000
v 0.00000000 -0.55000000 0.00000000
v 0.00000000 -0.50000000 0.00000000
v 0.00000000 -0.45000000 0.00000000
v 0.00000000 -0.40000000 0.00000000
v 0.00000000 -0.35000000 0.00000000
v 0.00000000 -0.30000000 0.00000000
v 0.00000000 -0.25000000 0.00000000
v 0.00000000 -0.20000000 0.00000000
v 0.00000000 -0.15000000 0.00000000
v 0.00000000 -0.10000000 0.00000000
v 0.00000000 -0.05000000 0.00000000
v 0.00000000 0.00000000 0.00000000
v 0.00000000 0.05000000 0.00000000
v 0.00000000 0.10000000 0.00000000
v 0.00000000 0.15000000 0.00000000
v 0.00000000 0.20000000 0.00000000
v 0.00000000 0.25000000 0.00000000
v 0.00000000 0.30000000 0.00000000
v 0.00000000 0.35000000 0.00000000
v 0.00000000 0.40000000 0.00000000
v 0.00000000 0.45000000 0.00000000
v 0.00000000 0.50000000 0.00000000
v 0.00000000 0.55000000 0.00000000
v 0.00000000 0.60000000 0.00000000
v 0.00000000 0.65000000 0.00000000
v 0.00000000 0.70000000 0.00000000
v 0.00000000 0.75000000 0.00000000
v 0.05000000 -0.75000000 0.00000000
v 0.05000000 -0.70000000 0.00000000
v 0.05000000 -0.65000000 0.00000000
v 0.05000000 -0.60000000 0.00000000
v 0.05000000 -0.55000000 0.00000000
v 0.05000000 -0.50000000 0.00000000
v 0.05000000 -0.45000000 0.00000000
v 0.05000000 -0.40000000 0.00000000
v 0.05000000 -0.35000000 0.00000000
v 0.05000000 -0.30000000 0.00000000
v 0.05000000 -0.25000000 0.00000000
v 0.05000000 -0.20000000 0.00000000
v 0.05000000 -0.15000000 0.00000000
v 0.05000000 -0.10000000 0.00000000
v 0.05000000 -0.05000000 0.00000000
v 0.05000000 0.00000000 0.00000000
v 0.05000000 0.05000000 0.00000000
v 0.05000000 0.10000000 0.00000000
v 0.05000000 0.15000000 0.00000000
v 0.05000000 0.20000000 0.00000000
v 0.05000000 0.25000000 0.00000000
v 0.05000000 0.30000000 0.00000000
v 0.05000000 0.35000000 0.00000000
v 0.05000000 0.40000000 0.00000000
v 0.05000000 0.45000000 0.00000000
v 0.05000000 0.50000000 0.00000000
v 0.05000000 0.55000000 0.00000000
v 0.05000000 0.60000000 0.00000000
v 0.05000000 0.65000000 0.00000000
v 0.05000000 0.70000000 0.00000000
v 0.05000000 0.75000000 0.00000000
v 0.10000000 -0.75000000 0.00000000
v 0.10000000 -0.70000000 0.00000000
v 0.10000000 -0.65000000 0.00000000
v 0.10000000 -0.60000000 0.00000000
v 0.10000000 -0.55000000 0.00000000
v 0.10000000 -0.50000000 0.00000000
v 0.10000000 -0.45000000 0.00000000
v 0.10000000 -0.40000000 0.00000000
v 0.10000000 -0.35000000 0.00000000
v 0.10000000 -0.30000000 0.00000000
v 0.10000000 -0.25000000 0.00000000
v 0.10000000 -0.20000000 0.00000000
v 0.10000000 -0.15000000 0.00000000
v 0.10000000 -0.10000000 0.00000000
v 0.10000000 -0.05000000 0.00000000
v 0.10000000 0.00000000 0.00000000
v 0.10000000 0.05000000 0.00000000
v 0.10000000 0.10000000 0.00000000
v 0.10000000 0.15000000 0.00000000
v 0.10000000 0.20000000 0.00000000
v 0.10000000 0.25000000 0.00000000
v 0.10000000 0.30000000 0.00000000
v 0.10000000 0.35000000 0.00000000
v 0.10000000 0.40000000 0.00000000
v 0.10000000 0.45000000 0.00000000
v 0.10000000 0.50000000 0.00000000
v 0.10000000 0.55000000 0.00000000
v 0.10000000 0.60000000 0.00000000
v 0.10000000 0.65000000 0.00000000
v 0.10000000 0.70000000 0.00000000
v 0.10000000 0.75000000 0.00000000
v 0.15000000 -0.75000000 0.00000000
v 0.15000000 -0.70000000 0.00000000
v 0.15000000 -0.65000000 0.00000000
v 0.15000000 -0.60000000 0.00000000
v 0.15000000 -0.55000000 0.00000000
v 0.15000000 -0.50000000 0.00000000
v 0.15000000 -0.45000000 0.00000000
v 0.15000000 -0.40000000 0.00000000
v 0.15000000 -0.35000000 0.00000000
v 0.15000000 -0.30000000 0.00000000
v 0.15000000 -0.25000000 0.00000000
v 0.15000000 -0.20000000 0.00000000
v 0.15000000 -0.15000000 0.00000000
v 0.15000000 -0.10000000 0.00000000
v 0.15000000 -0.05000000 0.00000000
v 0.15000000 0.00000000 0.00000000
v 0.15000000 0.05000000 0.00000000
v 0.15000000 0.10000000 0.00000000
v 0.15000000 0.15000000 0.00000000
v 0.15000000 0.20000000 0.00000000
v 0.15000000 0.25000000 0.00000000
v 0.15000000 0.30000000 0.00000000
v 0.15000000 0.35000000 0.00000000
v 0.15000000 0.40000000 0.00000000
v 0.15000000 0.45000000 0.00000000
v 0.15000000 0.50000000 0.00000000
v 0.15000000 0.55000000 0.00000000
v 0.15000000 0.60000000 0.00000000
v 0.15000000 0.65000000 0.00000000
v 0.15000000 0.70000000 0.00000000
v 0.15000000 0.75000000 0.00000000
v 0.20000000 -0.75000000 0.00000000
v 0.20000000 -0.70000000 0.00000000
v 0.20000000 -0.65000000 0.00000000
v 0.20000000 -0.60000000 0.00000000
v 0.20000000 -0.55000000 0.00000000
v 0.20000000 -0.50000000 0.00000000
v 0.20000000 -0.45000000 0.00000000
v 0.20000000 -0.40000000 0.00000000
v 0.20000000 -0.35000000 0.00000000
v 0.20000000 -0.30000000 0.00000000
v 0.20000000 -0.25000000 0.00000000
v 0.20000000 -0.20000000 0.00000000
v 0.20000000 -0.15000000 0.00000000
v 0.20000000 -0.10000000 0.00000000
v 0.20000000 -0.05000000 0.00000000
v 0.20000000 0.00000000 0.00000000
v 0.20000000 0.05000000 0.00000000
v 0.20000000 0.10000000 0.00000000
v 0.20000000 0.15000000 0.00000000
v 0.20000000 0.20000000 0.00000000
v 0.20000000 0.25000000 0.00000000
v 0.20000000 0.30000000 0.00000000
v 0.20000000 0.35000000 0.00000000
v 0.20000000 0.40000000 0.00000000
v 0.20000000 0.45000000 0.00000000
v 0.20000000 0.50000000 0.00000000
v 0.20000000 0.55000000 0.00000000
v 0.20000000 0.60000000 0.00000000
v 0.20000000 0.65000000 0.00000000
v 0.20000000 0.70000000 0.00000000
v 0.20000000 0.75000000 0.00000000
v 0.25000000 -0.75000000 0.00000000
v 0.25000000 -0.70000000 0.00000000
v 0.25000000 -0.65000000 0.00000000
v 0.25000000 -0.60000000 0.00000000
v 0.25000000 -0.55000000 0.00000000
v 0.25000000 -0.50000000 0.00000000
v 0.25000000 -0.45000000 0.00000000
v 0.25000000 -0.40000000 0.00000000
v 0.25000000 -0.35000000 0.00000000
v 0.25000000 -0.30000000 0.00000000
v 0.25000000 -0.25000000 0.00000000
v 0.25000000 -0.20000000 0.00000000
v 0.25000000 -0.15000000 0.00000000
v 0.25000000 -0.10000000 0.00000000
v 0.25000000 -0.05000000 0.00000000
v 0.25000000 0.00000000 0.00000000
v 0.25000000 0.05000000 0.00000000
v 0.25000000 0.10000000 0.00000000
v 0.25000000 0.15000000 0.00000000
v 0.25000000 0.20000000 0.00000000
v 0.25000000 0.25000000 0.00000000
v 0.25000000 0.30000000 0.00000000
v 0.25000000 0.35000000 0.00000000
v 0.25000000 0.40000000 0.00000000
v 0.25000000 0.45000000 0.00000000
v 0.25000000 0.50000000 0.00000000
v 0.25000000 0.55000000 0.00000000
v 0.25000000 0.60000000 0.00000000
v 0.25000000 0.65000000 0.00000000
v 0.25000000 0.70000000 0.00000000
v 0.25000000 0.75000000 0.00000000
v 0.30000000 -0.75000000 0.00000000
v 0.30000000 -0.70000000 0.00000000
v 0.30000000 -0.65000000 0.00000000
v 0.30000000 -0.60000000 0.00000000
v 0.30000000 -0.55000000 0.00000000
v 0.30000000 -0.50000000 0.00000000
v 0.30000000 -0.45000000 0.00000000
v 0.30000000 -0.40000000 0.00000000
v 0.30000000 -0.35000000 0.00000000
v 0.30000000 -0.30000000 0.00000000
v 0.30000000 -0.25000000 0.00000000
v 0.30000000 -0.20000000 0.00000000
v 0.30000000 -0.15000000 0.00000000
v 0.30000000 -0.10000000 0.00000000
v 0.30000000 -0.05000000 0.00000000
v 0.30000000 0.00000000 0.00000000
v 0.30000000 0.05000000 0.00000000
v 0.30000000 0.10000000 0.00000000
v 0.30000000 0.15000000 0.00000000
v 0.30000000 0.20000000 0.00000000
v 0.30000000 0.25000000 0.00000000
v 0.30000000 0.30000000 0.00000000
v 0.30000000 0.35000000 0.00000000
v 0.30000000 0.40000000 0.00000000
v 0.30000000 0.45000000 0.00000000
v 0.30000000 0.50000000 0.00000000
v 0.30000000 0.55000000 0.00000000
v 0.30000000 0.60000000 0.00000000
v 0.30000000 0.65000000 0.00000000
v 0.30000000 0.70000000 0.00000000
v 0.30000000 0.75000000 0.00000000
v 0.35000000 -0.75000000 0.00000000
v 0.35000000 -0.70000000 0.00000000
v 0.35000000 -0.65000000 0.00000000
v 0.35000000 -0.60000000 0.00000000
v 0.35000000 -0.55000000 0.00000000
v 0.35000000 -0.50000000 0.00000000
v 0.35000000 -0.45000000 0.00000000
v 0.35000000 -0.40000000 0.00000000
v 0.35000000 -0.35000000 0.00000000
v 0.35000000 -0.30000000 0.00000000
v 0.35000000 -0.25000000 0.00000000
v 0.35000000 -0.20000000 0.00000000
v 0.35000000 -0.15000000 0.00000000
v 0.35000000 -0.10000000 0.00000000
v 0.35000000 -0.05000000 0.00000000
v 0.35000000 0.00000000 0.00000000
v 0.35000000 0.05000000 0.00000000
v 0.35000000 0.10000000 0.00000000
v 0.35000000 0.15000000 0.00000000
v 0.35000000 0.20000000 0.00000000
v 0.35000000 0.25000000 0.00000000
v 0.35000000 0.30000000 0.00000000
v 0.35000000 0.35000000 0.00000000
v 0.35000000 0.40000000 0.00000000
v 0.35000000 0.45000000 0.00000000
v 0.35000000 0.50000000 0.00000000
v 0.35000000 0.55000000 0.00000000
v 0.35000000 0.60000000 0.00000000
v 0.35000000 0.65000000 0.00000000
v 0.35000000 0.70000000 0.00000000
v 0.35000000 0.75000000 0.00000000
v 0.40000000 -0.75000000 0.00000000
v 0.40000000 -0.70000000 0.00000000
v 0.40000000 -0.65000000 0.00000000
v 0.40000000 -0.60000000 0.00000000
v 0.40000000 -0.55000000 0.00000000
v 0.40000000 -0.50000000 0.00000000
v 0.40000000 -0.45000000 0.00000000
v 0.40000000 -0.40000000 0.00000000
v 0.40000000 -0.35000000 0.00000000
v 0.40000000 -0.30000000 0.00000000
v 0.40000000 -0.25000000 0.00000000
v 0.40000000 -0.20000000 0.00000000
v 0.40000000 -0.15000000 0.00000000
v 0.40000000 -0.10000000 0.00000000
v 0.40000000 -0.05000000 0.00000000
v 0.40000000 0.00000000 0.00000000
v 0.40000000 0.05000000 0.00000000
v 0.40000000 0.10000000 0.00000000
v 0.40000000 0.15000000 0.00000000
v 0.40000000 0.20000000 0.00000000
v 0.40000000 0.25000000 0.00000000
v 0.40000000 0.30000000 0.00000000
v 0.40000000 0.35000000 0.00000000
v 0.40000000 0.40000000 0.00000000
v 0.40000000 0.45000000 0.00000000
v 0.40000000 0.50000000 0.00000000
v 0.40000000 0.55000000 0.00000000
v 0.40000000 0.60000000 0.00000000
v 0.40000000 0.65000000 0.00000000
v 0.40000000 0.70000000 0.00000000
v 0.40000000 0.75000000 0.00000000
v 0.45000000 -0.75000000 0.00000000
v 0.45000000 -0.70000000 0.00000000
v 0.45000000 -0.65000000 0.00000000
v 0.45000000 -0.60000000 0.00000000
v 0.45000000 -0.55000000 0.00000000
v 0.45000000 -0.50000000 0.00000000
v 0.45000000 -0.45000000 0.00000000
v 0.45000000 -0.40000000 0.00000000
v 0.45000000 -0.35000000 0.00000000
v 0.45000000 -0.30000000 0.00000000
v 0.45000000 -0.25000000 0.00000000
v 0.45000000 -0.20000000 0.00000000
v 0.45000000 -0.15000000 0.00000000
v 0.45000000 -0.10000000 0.00000000
v 0.45000000 -0.05000000 0.00000000
v 0.45000000 0.00000000 0.00000000
v 0.45000000 0.05000000 0.00000000
v 0.45000000 0.10000000 0.00000000
v 0.45000000 0.15000000 0.00000000
v 0.45000000 0.20000000 0.00000000
v 0.45000000 0.25000000 0.00000000
v 0.45000000 0.30000000 0.00000000
v 0.45000000 0.35000000 0.00000000
v 0.45000000 0.40000000 0.00000000
v 0.45000000 0.45000000 0.00000000
v 0.45000000 0.50000000 0.00000000
v 0.45000000 0.55000000 0.00000000
v 0.45000000 0.60000000 0.00000000
v 0.45000000 0.65000000 0.00000000
v 0.45000000 0.70000000 0.00000000
v 0.45000000 0.75000000 0.00000000
v 0.50000000 -0.75000000 0.00000000
v 0.50000000 -0.70000000 0.00000000
v 0.50000000 -0.65000000 0.00000000
v 0.50000000 -0.60000000 0.00000000
v 0.50000000 -0.55000000 0.00000000
v 0.50000000 -0.50000000 0.00000000
v 0.50000000 -0.45000000 0.00000000
v 0.50000000 -0.40000000 0.00000000
v 0.50000000 -0.35000000 0.00000000
v 0.50000000 -0.30000000 0.00000000
v 0.50000000 -0.25000000 0.00000000
v 0.50000000 -0.20000000 0.00000000
v 0.50000000 -0.15000000 0.00000000
v 0.50000000 -0.10000000 0.00000000
v 0.50000000 -0.05000000 0.00000000
v 0.50000000 0.00000000 0.00000000
v 0.50000000 0.05000000 0.00000000
v 0.50000000 0.10000000 0.00000000
v 0.50000000 0.15000000 0.00000000
v 0.50000000 0.20000000 0.00000000
v 0.50000000 0.25000000 0.00000000
v 0.50000000 0.30000000 0.00000000
v 0.50000000 0.35000000 0.00000000
v 0.50000000 0.40000000 0.00000000
v 0.50000000 0.45000000 0.00000000
v 0.50000000 0.50000000 0.00000000
v 0.50000000 0.55000000 0.00000000
v 0.50000000 0.60000000 0.00000000
v 0.50000000 0.65000000 0.00000000
v 0.50000000 0.70000000 0.00000000
v 0.50000000 0.75000000 0.00000000
v 0.55000000 -0.75000000 0.00000000
v 0.55000000 -0.70000000 0.00000000
v 0.55000000 -0.65000000 0.00000000
v 0.55000000 -0.60000000 0.00000000
v 0.55000000 -0.55000000 0.00000000
v 0.55000000 -0.50000000 0.00000000
v 0.55000000 -0.45000000 0.00000000
v 0.55000000 -0.40000000 0.00000000
v 0.55000000 -0.35000000 0.00000000
v 0.55000000 -0.30000000 0.00000000
v 0.55000000 -0.25000000 0.00000000
v 0.55000000 -0.20000000 0.00000000
v 0.55000000 -0.15000000 0.00000000
v 0.55000000 -0.10000000 0.00000000
v 0.55000000 -0.05000000 0.00000000
v 0.55000000 0.00000000 0.00000000
v 0.55000000 0.05000000 0.00000000
v 0.55000000 0.10000000 0.00000000
v 0.55000000 0.15000000 0.00000000
v 0.55000000 0.20000000 0.00000000
v 0.55000000 0.25000000 0.00000000
v 0.55000000 0.30000000 0.00000000
v 0.55000000 0.35000000 0.00000000
v 0.55000000 0.40000000 0.00000000
v 0.55000000 0.45000000 0.00000000
v 0.55000000 0.50000000 0.00000000
v 0.55000000 0.55000000 0.00000000
v 0.55000000 0.60000000 0.00000000
v 0.55000000 0.65000000 0.00000000
v 0.55000000 0.70000000 0.00000000
v 0.55000000 0.75000000 0.00000000
v 0.60000000 -0.75000000 0.00000000
v 0.60000000 -0.70000000 0.00000000
v 0.60000000 -0.65000000 0.00000000
v 0.60000000 -0.60000000 0.00000000
v 0.60000000 -0.55000000 0.00000000
v 0.60000000 -0.50000000 0.00000000
v 0.60000000 -0.45000000 0.00000000
v 0.60000000 -0.40000000 0.00000000
v 0.60000000 -0.35000000 0.00000000
v 0.60000000 -0.30000000 0.00000000
v 0.60000000 -0.25000000 0.00000000
v 0.60000000 -0.20000000 0.00000000
v 0.60000000 -0.15000000 0.00000000
v 0.60000000 -0.10000000 0.00000000
v 0.60000000 -0.05000000 0.00000000
v 0.60000000 0.00000000 0.00000000
v 0.60000000 0.05000000 0.00000000
v 0.60000000 0.10000000 0.00000000
v 0.60000000 0.15000000 0.00000000
v 0.60000000 0.20000000 0.00000000
v 0.60000000 0.25000000 0.00000000
v 0.60000000 0.30000000 0.00000000
v 0.60000000 0.35000000 0.00000000
v 0.60000000 0.40000000 0.00000000
v 0.60000000 0.45000000 0.00000000
v 0.60000000 0.50000000 0.00000000
v 0.60000000 0.55000000 0.00000000
v 0.60000000 0.60000000 0.00000000
v 0.60000000 0.65000000 0.00000000
v 0.60000000 0.70000000 0.00000000
v 0.60000000 0.75000000 0.00000000
v 0.65000000 -0.75000000 0.00000000
v 0.65000000 -0.70000000 0.00000000
v 0.65000000 -0.65000000 0.00000000
v 0.65000000 -0.60000000 0.00000000
v 0.65000000 -0.55000000 0.00000000
v 0.65000000 -0.50000000 0.00000000
v 0.65000000 -0.45000000 0.00000000
v 0.65000000 -0.40000000 0.00000000
v 0.65000000 -0.35000000 0.00000000
v 0.65000000 -0.30000000 0.00000000
v 0.65000000 -0.25000000 0.00000000
v 0.65000000 -0.20000000 0.00000000
v 0.65000000 -0.15000000 0.00000000
v 0.65000000 -0.10000000 0.00000000
v 0.65000000 -0.05000000 0.00000000
v 0.65000000 0.00000000 0.00000000
v 0.65000000 0.05000000 0.00000000
v 0.65000000 0.10000000 0.00000000
v 0.65000000 0.15000000 0.00000000
v 0.65000000 0.20000000 0.00000000
v 0.65000000 0.25000000 0.00000000
v 0.65000000 0.30000000 0.00000000
v 0.65000000 0.35000000 0.00000000
v 0.65000000 0.40000000 0.00000000
v 0.65000000 0.45000000 0.00000000
v 0.65000000 0.50000000 0.00000000
v 0.65000000 0.55000000 0.00000000
v 0.65000000 0.60000000 0.00000000
v 0.65000000 0.65000000 0.00000000
v 0.65000000 0.70000000 0.00000000
v 0.65000000 0.75000000 0.00000000
v 0.70000000 -0.75000000 0.00000000
v 0.70000000 -0.70000000 0.00000000
v 0.70000000 -0.65000000 0.00000000
v 0.70000000 -0.60000000 0.00000000
v 0.70000000 -0.55000000 0.00000000
v 0.70000000 -0.50000000 0.00000000
v 0.70000000 -0.45000000 0.00000000
v 0.70000000 -0.40000000 0.00000000
v 0.70000000 -0.35000000 0.00000000
v 0.70000000 -0.30000000 0.00000000
v 0.70000000 -0.25000000 0.00000000
v 0.70000000 -0.20000000 0.00000000
v 0.70000000 -0.15000000 0.00000000
v 0.70000000 -0.10000000 0.00000000
v 0.70000000 -0.05000000 0.00000000
v 0.70000000 0.00000000 0.00000000
v 0.70000000 0.05000000 0.00000000
v 0.70000000 0.10000000 0.00000000
v 0.70000000 0.15000000 0.00000000
v 0.70000000 0.20000000 0.00000000
v 0.70000000 0.25000000 0.00000000
v 0.70000000 0.30000000 0.00000000
v 0.70000000 0.35000000 0.00000000
v 0.70000000 0.40000000 0.00000000
v 0.70000000 0.45000000 0.00000000
v 0.70000000 0.50000000 0.00000000
v 0.70000000 0.55000000 0.00000000
v 0.70000000 0.60000000 0.00000000
v 0.70000000 0.65000000 0.00000000
v 0.70000000 0.70000000 0.00000000
v 0.70000000 0.75000000 0.00000000
v 0.75000000 -0.75000000 0.00000000
v 0.75000000 -0.70000000 0.00000000
v 0.75000000 -0.65000000 0.00000000
v 0.75000000 -0.60000000 0.00000000
v 0.75000000 -0.55000000 0.00000000
v 0.75000000 -0.50000000 0.00000000
v 0.75000000 -0.45000000 0.00000000
v 0.75000000 -0.40000000 0.00000000
v 0.75000000 -0.35000000 0.00000000
v 0.75000000 -0.30000000 0.00000000
v 0.75000000 -0.25000000 0.00000000
v 0.75000000 -0.20000000 0.00000000
v 0.75000000 -0.15000000 0.00000000
v 0.75000000 -0.10000000 0.00000000
v 0.75000000 -0.05000000 0.00000000
v 0.75000000 0.00000000 0.00000000
v 0.75000000 0.05000000 0.00000000
v 0.75000000 0.10000000 0.00000000
v 0.75000000 0.15000000 0.00000000
v 0.75000000 0.20000000 0.00000000
v 0.75000000 0.25000000 0.00000000
v 0.75000000 0.30000000 0.00000000
v 0.75000000 0.35000000 0.00000000
v 0.75000000 0.40000000 0.00000000
v 0.75000000 0.45000000 0.00000000
v 0.75000000 0.50000000 0.00000000
v 0.75000000 0.55000000 0.00000000
v 0.75000000 0.60000000 0.00000000
v 0.75000000 0.65000000 0.00000000
v 0.75000000 0.70000000 0.00000000
v 0.75000000 0.75000000 0.00000000
v 0.80000000 -0.75000000 0.00000000
v 0.80000000 -0.70000000 0.00000000
v 0.80000000 -0.65000000 0.00000000
v 0.80000000 -0.60000000 0.00000000
v 0.80000000 -0.55000000 0.00000000
v 0.80000000 -0.50000000 0.00000000
v 0.80000000 -0.45000000 0.00000000
v 0.80000000 -0.40000000 0.00000000
v 0.80000000 -0.35000000 0.00000000
v 0.80000000 -0.30000000 0.00000000
v 0.80000000 -0.25000000 0.00000000
v 0.80000000 -0.20000000 0.00000000
v 0.80000000 -0.15000000 0.00000000
v 0.80000000 -0.10000000 0.00000000
v 0.80000000 -0.05000000 0.00000000
v 0.80000000 0.00000000 0.00000000
v 0.80000000 0.05000000 0.00000000
v 0.80000000 0.10000000 0.00000000
v 0.80000000 0.15000000 0.00000000
v 0.80000000 0.20000000 0.00000000
v 0.80000000 0.25000000 0.00000000
v 0.80000000 0.30000000 0.00000000
v 0.80000000 0.35000000 0.00000000
v 0.80000000 0.40000000 0.00000000
v 0.80000000 0.45000000 0.00000000
v 0.80000000 0.50000000 0.00000000
v 0.80000000 0.55000000 0.00000000
v 0.80000000 0.60000000 0.00000000
v 0.80000000 0.65000000 0.00000000
v 0.80000000 0.70000000 0.00000000
v 0.80000000 0.75000000 0.00000000
v 0.85000000 -0.75000000 0.00000000
v 0.85000000 -0.70000000 0.00000000
v 0.85000000 -0.65000000 0.00000000
v 0.85000000 -0.60000000 0.00000000
v 0.85000000 -0.55000000 0.00000000
v 0.85000000 -0.50000000 0.00000000
v 0.85000000 -0.45000000 0.00000000
v 0.85000000 -0.40000000 0.00000000
v 0.85000000 -0.35000000 0.00000000
v 0.85000000 -0.30000000 0.00000000
v 0.85000000 -0.25000000 0.00000000
v 0.85000000 -0.20000000 0.00000000
v 0.85000000 -0.15000000 0.00000000
v 0.85000000 -0.10000000 0.00000000
v 0.85000000 -0.05000000 0.00000000
v 0.85000000 0.00000000 0.00000000
v 0.85000000 0.05000000 0.00000000
v 0.85000000 0.10000000 0.00000000
v 0.85000000 0.15000000 0.00000000
v 0.85000000 0.20000000 0.00000000
v 0.85000000 0.25000000 0.00000000
v 0.85000000 0.30000000 0.00000000
v 0.85000000 0.35000000 0.00000000
v 0.85000000 0.40000000 0.00000000
v 0.85000000 0.45000000 0.00000000
v 0.85000000 0.50000000 0.00000000
v 0.85000000 0.55000000 0.00000000
v 0.85000000 0.60000000 0.00000000
v 0.85000000 0.65000000 0.00000000
v 0.85000000 0.70000000 0.00000000
v 0.85000000 0.75000000 0.00000000
v 0.90000000 -0.75000000 0.00000000
v 0.90000000 -0.70000000 0.00000000
v 0.90000000 -0.65000000 0.00000000
v 0.90000000 -0.60000000 0.00000000
v 0.90000000 -0.55000000 0.00000000
v 0.90000000 -0.50000000 0.00000000
v 0.90000000 -0.45000000 0.00000000
v 0.90000000 -0.40000000 0.00000000
v 0.90000000 -0.35000000 0.00000000
v 0.90000000 -0.30000000 0.00000000
v 0.90000000 -0.25000000 0.00000000
v 0.90000000 -0.20000000 0.00000000
v 0.90000000 -0.15000000 0.00000000
v 0.90000000 -0.10000000 0.00000000
v 0.90000000 -0.05000000 0.00000000
v 0.90000000 0.00000000 0.00000000
v 0.90000000 0.05000000 0.00000000
v 0.90000000 0.10000000 0.00000000
v 0.90000000 0.15000000 0.00000000
v 0.90000000 0.20000000 0.00000000
v 0.90000000 0.25000000 0.00000000
v 0.90000000 0.30000000 0.00000000
v 0.90000000 0.35000000 0.00000000
v 0.90000000 0.40000000 0.00000000
v 0.90000000 0.45000000 0.00000000
v 0.90000000 0.50000000 0.00000000
v 0.90000000 0.55000000 0.00000000
v 0.90000000 0.60000000 0.00000000
v 0.90000000 0.65000000 0.00000000
v 0.90000000 0.70000000 0.00000000
v 0.90000000 0.75000000 0.00000000
v 0.95000000 -0.75000000 0.00000000
v 0.95000000 -0.70000000 0.00000000
v 0.95000000 -0.65000000 0.00000000
v 0.95000000 -0.60000000 0.00000000
v 0.95000000 -0.55000000 0.00000000
v 0.95000000 -0.50000000 0.00000000
v 0.95000000 -0.45000000 0.00000000
v 0.95000000 -0.40000000 0.00000000
v 0.95000000 -0.35000000 0.00000000
v 0.95000000 -0.30000000 0.00000000
v 0.95000000 -0.25000000 0.00000000
v 0.95000000 -0.20000000 0.00000000
v 0.95000000 -0.15000000 0.00000000
v 0.95000000 -0.10000000 0.00000000
v 0.95000000 -0.05000000 0.00000000
v 0.95000000 0.00000000 0.00000000
v 0.95000000 0.05000000 0.00000000
v 0.95000000 0.10000000 0.00000000
v 0.95000000 0.15000000 0.00000000
v 0.95000000 0.20000000 0.00000000
v 0.95000000 0.25000000 0.00000000
v 0.95000000 0.30000000 0.00000000
v 0.95000000 0.35000000 0.00000000
v 0.95000000 0.40000000 0.00000000
v 0.95000000 0.45000000 0.00000000
v 0.95000000 0.50000000 0.00000000
v 0.95000000 0.55000000 0.00000000
v 0.95000000 0.60000000 0.00000000
v 0.95000000 0.65000000 0.00000000
v 0.95000000 0.70000000 0.00000000
v 0.95000000 0.75000000 0.00000000
v 1.00000000 -0.75000000 0.00000000
v 1.00000000 -0.70000000 0.00000000
v 1.00000000 -0.65000000 0.00000000
v 1.00000000 -0.60000000 0.00000000
v 1.00000000 -0.55000000 0.00000000
v 1.00000000 -0.50000000 0.00000000
v 1.00000000 -0.45000000 0.00000000
v 1.00000000 -0.40000000 0.00000000
v 1.00000000 -0.35000000 0.00000000
v 1.00000000 -0.30000000 0.00000000
v 1.00000000 -0.25000000 0.00000000
v 1.00000000 -0.20000000 0.00000000
v 1.00000000 -0.15000000 0.00000000
v 1.00000000 -0.10000000 0.00000000
v 1.00000000 -0.05000000 0.00000000
v 1.00000000 0.00000000 0.00000000
v 1.00000000 0.05000000 0.00000000
v 1.00000000 0.10000000 0.00000000
v 1.00000000 0.15000000 0.00000000
v 1.00000000 0.20000000 0.00000000
v 1.00000000 0.25000000 0.00000000
v 1.00000000 0.30000000 0.00000000
v 1.00000000 0.35000000 0.00000000
v 1.00000000 0.40000000 0.00000000
v 1.00000000 0.45000000 0.00000000
v 1.00000000 0.50000000 0.00000000
v 1.00000000 0.55000000 0.00000000
v 1.00000000 0.60000000 0.00000000
v 1.00000000 0.65000000 0.00000000
v 1.00000000 0.70000000 0.00000000
v 1.00000000 0.75000000 0.00000000
v 1.05000000 -0.75000000 0.00000000
v 1.05000000 -0.70000000 0.00000000
v 1.05000000 -0.65000000 0.00000000
v 1.05000000 -0.60000000 0.00000000
v 1.05000000 -0.55000000 0.00000000
v 1.05000000 -0.50000000 0.00000000
v 1.05000000 -0.45000000 0.00000000
v 1.05000000 -0.40000000 0.00000000
v 1.05000000 -0.35000000 0.00000000
v 1.05000000 -0.30000000 0.00000000
v 1.05000000 -0.25000000 0.00000000
v 1.05000000 -0.20000000 0.00000000
v 1.05000000 -0.15000000 0.00000000
v 1.05000000 -0.10000000 0.00000000
v 1.05000000 -0.05000000 0.00000000
v 1.05000000 0.00000000 0.00000000
v 1.05000000 0.05000000 0.00000000
v 1.05000000 0.10000000 0.00000000
v 1.05000000 0.15000000 0.00000000
v 1.05000000 0.20000000 0.00000000
v 1.05000000 0.25000000 0.00000000
v 1.05000000 0.30000000 0.00000000
v 1.05000000 0.35000000 0.00000000
v 1.05000000 0.40000000 0.00000000
v 1.05000000 0.45000000 0.00000000
v 1.05000000 0.50000000 0.00000000
v 1.05000000 0.55000000 0.00000000
v 1.05000000 0.60000000 0.00000000
v 1.05000000 0.65000000 0.00000000
v 1.05000000 0.70000000 0.00000000
v 1.05000000 0.75000000 0.00000000
v 1.10000000 -0.75000000 0.00000000
v 1.10000000 -0.70000000 0.00000000
v 1.10000000 -0.65000000 0.00000000
v 1.10000000 -0.60000000 0.00000000
v 1.10000000 -0.55000000 0.00000000
v 1.10000000 -0.50000000 0.00000000
v 1.10000000 -0.45000000 0.00000000
v 1.10000000 -0.40000000 0.00000000
v 1.10000000 -0.35000000 0.00000000
v 1.10000000 -0.30000000 0.00000000
v 1.10000000 -0.25000000 0.00000000
v 1.10000000 -0.20000000 0.00000000
v 1.10000000 -0.15000000 0.00000000
v 1.10000000 -0.10000000 0.00000000
v 1.10000000 -0.05000000 0.00000000
v 1.10000000 0.00000000 0.00000000
v 1.10000000 0.05000000 0.00000000
v 1.10000000 0.10000000 0.00000000
v 1.10000000 0.15000000 0.00000000
v 1.10000000 0.20000000 0.00000000
v 1.10000000 0.25000000 0.00000000
v 1.10000000 0.30000000 0.00000000
v 1.10000000 0.35000000 0.00000000
v 1.10000000 0.40000000 0.00000000
v 1.10000000 0.45000000 0.00000000
v 1.10000000 0.50000000 0.00000000
v 1.10000000 0.55000000 0.00000000
v 1.10000000 0.60000000 0.00000000
v 1.10000000 0.65000000 0.00000000
v 1.10000000 0.70000000 0.00000000
v 1.10000000 0.75000000 0.00000000
v 1.15000000 -0.75000000 0.00000000
v 1.15000000 -0.70000000 0.00000000
v 1.15000000 -0.65000000 0.00000000
v 1.15000000 -0.60000000 0.00000000
v 1.15000000 -0.55000000 0.00000000
v 1.15000000 -0.50000000 0.00000000
v 1.15000000 -0.45000000 0.00000000
v 1.15000000 -0.40000000 0.00000000
v 1.15000000 -0.35000000 0.00000000
v 1.15000000 -0.30000000 0.00000000
v 1.15000000 -0.25000000 0.00000000
v 1.15000000 -0.20000000 0.00000000
v 1.15000000 -0.15000000 0.00000000
v 1.15000000 -0.10000000 0.00000000
v 1.15000000 -0.05000000 0.00000000
v 1.15000000 0.00000000 0.00000000
v 1.15000000 0.05000000 0.00000000
v 1.15000000 0.10000000 0.00000000
v 1.15000000 0.15000000 0.00000000
v 1.15000000 0.20000000 0.00000000
v 1.15000000 0.25000000 0.00000000
v 1.15000000 0.30000000 0.00000000
v 1.15000000 0.35000000 0.00000000
v 1.15000000 0.40000000 0.00000000
v 1.15000000 0.45000000 0.00000000
v 1.15000000 0.50000000 0.00000000
v 1.15000000 0.55000000 0.00000000
v 1.15000000 0.60000000 0.00000000
v 1.15000000 0.65000000 0.00000000
v 1.15000000 0.70000000 0.00000000
v 1.15000000 0.75000000 0.00000000
v 1.20000000 -0.75000000 0.00000000
v 1.20000000 -0.70000000 0.00000000
v 1.20000000 -0.65000000 0.00000000
v 1.20000000 -0.60000000 0.00000000
v 1.20000000 -0.55000000 0.00000000
v 1.20000000 -0.50000000 0.00000000
v 1.20000000 -0.45000000 0.00000000
v 1.20000000 -0.40000000 0.00000000
v 1.20000000 -0.35000000 0.00000000
v 1.20000000 -0.30000000 0.00000000
v 1.20000000 -0.25000000 0.00000000
v 1.20000000 -0.20000000 0.00000000
v 1.20000000 -0.15000000 0.00000000
v 1.20000000 -0.10000000 0.00000000
v 1.20000000 -0.05000000 0.00000000
v 1.20000000 0.00000000 0.00000000
v 1.20000000 0.05000000 0.00000000
v 1.20000000 0.10000000 0.00000000
v 1.20000000 0.15000000 0.00000000
v 1.20000000 0.20000000 0.00000000
v 1.20000000 0.25000000 0.00000000
v 1.20000000 0.30000000 0.00000000
v 1.20000000 0.35000000 0.00000000
v 1.20000000 0.40000000 0.00000000
v 1.20000000 0.45000000 0.00000000
v 1.20000000 0.50000000 0.00000000
v 1.20000000 0.55000000 0.00000000
v 1.20000000 0.60000000 0.00000000
v 1.20000000 0.65000000 0.00000000
v 1.20000000 0.70000000 0.00000000
v 1.20000000 0.75000000 0.00000000
v 1.25000000 -0.75000000 0.00000000
v 1.25000000 -0.70000000 0.00000000
v 1.25000000 -0.65000000 0.00000000
v 1.25000000 -0.60000000 0.00000000
v 1.25000000 -0.55000000 0.00000000
v 1.25000000 -0.50000000 0.00000000
v 1.25000000 -0.45000000 0.00000000
v 1.25000000 -0.40000000 0.00000000
v 1.25000000 -0.35000000 0.00000000
v 1.25000000 -0.30000000 0.00000000
v 1.25000000 -0.25000000 0.00000000
v 1.25000000 -0.20000000 0.00000000
v 1.25000000 -0.15000000 0.00000000
v 1.25000000 -0.10000000 0.00000000
v 1.25000000 -0.05000000 0.00000000
v 1.25000000 0.00000000 0.00000000
v 1.25000000 0.05000000 0.00000000
v 1.25000000 0.10000000 0.00000000
v 1.25000000 0.15000000 0.00000000
v 1.25000000 0.20000000 0.00000000
v 1.25000000 0.25000000 0.00000000
v 1.25000000 0.30000000 0.00000000
v 1.25000000 0.35000000 0.00000000
v 1.25000000 0.40000000 0.00000000
v 1.25000000 0.45000000 0.00000000
v 1.25000000 0.50000000 0.00000000
v 1.25000000 0.55000000 0.00000000
v 1.25000000 0.60000000 0.00000000
v 1.25000000 0.65000000 0.00000000
v 1.25000000 0.70000000 0.00000000
v 1.25000000 0.75000000 0.00000000
v 1.30000000 -0.75000000 0.00000000
v 1.30000000 -0.70000000 0.00000000
v 1.30000000 -0.65000000 0.00000000
v 1.30000000 -0.60000000 0.00000000
v 1.30000000 -0.55000000 0.00000000
v 1.30000000 -0.50000000 0.00000000
v 1.30000000 -0.45000000 0.00000000
v 1.30000000 -0.40000000 0.00000000
v 1.30000000 -0.35000000 0.00000000
v 1.30000000 -0.30000000 0.00000000
v 1.30000000 -0.25000000 0.00000000
v 1.30000000 -0.20000000 0.00000000
v 1.30000000 -0.15000000 0.00000000
v 1.30000000 -0.10000000 0.00000000
v 1.30000000 -0.05000000 0.00000000
v 1.30000000 0.00000000 0.00000000
v 1.30000000 0.05000000 0.00000000
v 1.30000000 0.10000000 0.00000000
v 1.30000000 0.15000000 0.00000000
v 1.30000000 0.20000000 0.00000000
v 1.30000000 0.25000000 0.00000000
v 1.30000000 0.30000000 0.00000000
v 1.30000000 0.35000000 0.00000000
v 1.30000000 0.40000000 0.00000000
v 1.30000000 0.45000000 0.00000000
v 1.30000000 0.50000000 0.00000000
v 1.30000000 0.55000000 0.00000000
v 1.30000000 0.60000000 0.00000000
v 1.30000000 0.65000000 0.00000000
v 1.30000000 0.70000000 0.00000000
v 1.30000000 0.75000000 0.00000000
v 1.35000000 -0.75000000 0.00000000
v 1.35000000 -0.70000000 0.00000000
v 1.35000000 -0.65000000 0.00000000
v 1.35000000 -0.60000000 0.00000000
v 1.35000000 -0.55000000 0.00000000
v 1.35000000 -0.50000000 0.00000000
v 1.35000000 -0.45000000 0.00000000
v 1.35000000 -0.40000000 0.00000000
v 1.35000000 -0.35000000 0.00000000
v 1.35000000 -0.30000000 0.00000000
v 1.35000000 -0.25000000 0.00000000
v 1.35000000 -0.20000000 0.00000000
v 1.35000000 -0.15000000 0.00000000
v 1.35000000 -0.10000000 0.00000000
v 1.35000000 -0.05000000 0.00000000
v 1.35000000 0.00000000 0.00000000
v 1.35000000 0.05000000 0.00000000
v 1.35000000 0.10000000 0.00000000
v 1.35000000 0.15000000 0.00000000
v 1.35000000 0.20000000 0.00000000
v 1.35000000 0.25000000 0.00000000
v 1.35000000 0.30000000 0.00000000
v 1.35000000 0.35000000 0.00000000
v 1.35000000 0.40000000 0.00000000
v 1.35000000 0.45000000 0.00000000
v 1.35000000 0.50000000 0.00000000
v 1.35000000 0.55000000 0.00000000
v 1.35000000 0.60000000 0.00000000
v 1.35000000 0.65000000 0.00000000
v 1.35000000 0.70000000 0.00000000
v 1.35000000 0.75000000 0.00000000
v 1.40000000 -0.75000000 0.00000000
v 1.40000000 -0.70000000 0.00000000
v 1.40000000 -0.65000000 0.00000000
v 1.40000000 -0.60000000 0.00000000
v 1.40000000 -0.55000000 0.00000000
v 1.40000000 -0.50000000 0.00000000
v 1.40000000 -0.45000000 0.00000000
v 1.40000000 -0.40000000 0.00000000
v 1.40000000 -0.35000000 0.00000000
v 1.40000000 -0.30000000 0.00000000
v 1.40000000 -0.25000000 0.00000000
v 1.40000000 -0.20000000 0.00000000
v 1.40000000 -0.15000000 0.00000000
v 1.40000000 -0.10000000 0.00000000
v 1.40000000 -0.05000000 0.00000000
v 1.40000000 0.00000000 0.00000000
v 1.40000000 0.05000000 0.00000000
v 1.40000000 0.10000000 0.00000000
v 1.40000000 0.15000000 0.00000000
v 1.40000000 0.20000000 0.00000000
v 1.40000000 0.25000000 0.00000000
v 1.40000000 0.30000000 0.00000000
v 1.40000000 0.35000000 0.00000000
v 1.40000000 0.40000000 0.00000000
v 1.40000000 0.45000000 0.00000000
v 1.40000000 0.50000000 0.00000000
v 1.40000000 0.55000000 0.00000000
v 1.40000000 0.60000000 0.00000000
v 1.40000000 0.65000000 0.00000000
v 1.40000000 0.70000000 0.00000000
v 1.40000000 0.75000000 0.00000000
v 1.45000000 -0.75000000 0.00000000
v 1.45000000 -0.70000000 0.00000000
v 1.45000000 -0.65000000 0.00000000
v 1.45000000 -0.60000000 0.00000000
v 1.45000000 -0.55000000 0.00000000
v 1.45000000 -0.50000000 0.00000000
v 1.45000000 -0.45000000 0.00000000
v 1.45000000 -0.40000000 0.00000000
v 1.45000000 -0.35000000 0.00000000
v 1.45000000 -0.30000000 0.00000000
v 1.45000000 -0.25000000 0.00000000
v 1.45000000 -0.20000000 0.00000000
v 1.45000000 -0.15000000 0.00000000
v 1.45000000 -0.10000000 0.00000000
v 1.45000000 -0.05000000 0.00000000
v 1.45000000 0.00000000 0.00000000
v 1.45000000 0.05000000 0.00000000
v 1.45000000 0.10000000 0.00000000
v 1.45000000 0.15000000 0.00000000
v 1.45000000 0.20000000 0.00000000
v 1.45000000 0.25000000 0.00000000
v 1.45000000 0.30000000 0.00000000
v 1.45000000 0.35000000 0.00000000
v 1.45000000 0.40000000 0.00000000
v 1.45000000 0.45000000 0.00000000
v 1.45000000 0.50000000 0.00000000
v 1.45000000 0.55000000 0.00000000
v 1.45000000 0.60000000 0.00000000
v 1.45000000 0.65000000 0.00000000
v 1.45000000 0.70000000 0.00000000
v 1.45000000 0.75000000 0.00000000
v 1.50000000 -0.75000000 0.00000000
v 1.50000000 -0.70000000 0.00000000
v 1.50000000 -0.65000000 0.00000000
v 1.50000000 -0.60000000 0.00000000
v 1.50000000 -0.55000000 0.00000000
v 1.50000000 -0.50000000 0.00000000
v 1.50000000 -0.45000000 0.00000000
v 1.50000000 -0.40000000 0.00000000
v 1.50000000 -0.35000000 0.00000000
v 1.50000000 -0.30000000 0.00000000
v 1.50000000 -0.25000000 0.00000000
v 1.50000000 -0.20000000 0.00000000
v 1.50000000 -0.15000000 0.00000000
v 1.50000000 -0.10000000 0.00000000
v 1.50000000 -0.05000000 0.00000000
v 1.50000000 0.00000000 0.00000000
v 1.50000000 0.05000000 0.00000000
v 1.50000000 0.10000000 0.00000000
v 1.50000000 0.15000000 0.00000000
v 1.50000000 0.20000000 0.00000000
v 1.50000000 0.25000000 0.00000000
v 1.50000000 0.30000000 0.00000000
v 1.50000000 0.35000000 0.00000000
v 1.50000000 0.40000000 0.00000000
v 1.50000000 0.45000000 0.00000000
v 1.50000000 0.50000000 0.00000000
v 1.50000000 0.55000000 0.00000000
v 1.50000000 0.60000000 0.00000000
v 1.50000000 0.65000000 0.00000000
v 1.50000000 0.70000000 0.00000000
v 1.50000000 0.75000000 0.00000000
f 1 32 33
f 2 33 34
f 3 34 35
f 4 35 36
f 5 36 37
f 6 37 38
f 7 38 39
f 8 39 40
f 9 40 41
f 10 41 42
f 11 42 43
f 12 43 44
f 13 44 45
f 14 45 46
f 15 46 47
f 16 47 48
f 17 48 49
f 18 49 50
f 19 50 51
f 20 51 52
f 21 52 53
f 22 53 54
f 23 54 55
f 24 55 56
f 25 56 57
f 26 57 58
f 27 58 59
f 28 59 60
f 29 60 61
f 30 61 62
f 32 63 64
f 33 64 65
f 34 65 66
f 35 66 67
f 36 67 68
f 37 68 69
f 38 69 70
f 39 70 71
f 40 71 72
f 41 72 73
f 42 73 74
f 43 74 75
f 44 75 76
f 45 76 77
f 46 77 78
f 47 78 79
f 48 79 80
f 49 80 81
f 50 81 82
f 51 82 83
f 52 83 84
f 53 84 85
f 54 85 86
f 55 86 87
f 56 87 88
f 57 88 89
f 58 89 90
f 59 90 91
f 60 91 92
f 61 92 93
f 63 94 95
f 64 95 96
f 65 96 97
f 66 97 98
f 67 98 99
f 68 99 100
f 69 100 101
f 70 101 102
f 71 102 103
f 72 103 104
f 73 104 105
f 74 105 106
f 75 106 107
f 76 107 108
f 77 108 109
f 78 109 110
f 79 110 111
f 80 111 112
f 81 112 113
f 82 113 114
f 83 114 115
f 84 115 116
f 85 116 117
f 86 117 118
f 87 118 119
f 88 119 120
f 89 120 121
f 90 121 122
f 91 122 123
f 92 123 124
f 94 125 126
f 95 126 127
f 96 127 128
f 97 128 129
f 98 129 130
f 99 130 131
f 100 131 132
f 101 132 133
f 102 133 134
f 103 134 135
f 104 135 136
f 105 136 137
f 106 137 138
f 107 138 139
f 108 139 140
f 109 140 141
f 110 141 142
f 111 142 143
f 112 143 144
f 113 144 145
f 114 145 146
f 115 146 147
f 116 147 148
f 117 148 149
f 118 149 150
f 119 150 151
f 120 151 152
f 121 152 153
f 122 153 154
f 123 154 155
f 125 156 157
f 126 157 158
f 127 158 159
f 128 159 160
f 129 160 161
f 130 161 162
f 131 162 163
f 132 163 164
f 133 164 165
f 134 165 166
f 135 166 167
f 136 167 168
f 137 168 169
f 138 169 170
f 139 170 171
f 140 171 172
f 141 172 173
f 142 173 174
f 143 174 175
f 144 175 176
f 145 176 177
f 146 177 178
f 147 178 179
f 148 179 180
f 149 180 181
f 150 181 182
f 151 182 183
f 152 183 184
f 153 184 185
f 154 185 186
f 156 187 188
f 157 188 189
f 158 189 190
f 159 190 191
f 160 191 192
f 161 192 193
f 162 193 194
f 163 194 195
f 164 195 196
f 165 196 197
f 166 197 198
f 167 198 199
f 168 199 200
f 169 200 201
f 170 201 202
f 171 202 203
f 172 203 204
f 173 204 205
f 174 205 206
f 175 206 207
f 176 207 208
f 177 208 209
f 178 209 210
f 179 210 211
f 180 211 212
f 181 212 213
f 182 213 214
f 183 214 215
f 184 215 216
f 185 216 217
f 187 218 219
f 188 219 220
f 189 220 221
f 190 221 222
f 191 222 223
f 192 223 224
f 193 224 225
f 194 225 226
f 195 226 227
f 196 227 228
f 197 228 229
f 198 229 230
f 199 230 231
f 200 231 232
f 201 232 233
f 202 233 234
f 203 234 235
f 204 235 236
f 205 236 237
f 206 237 238
f 207 238 239
f 208 239 240
f 209 240 241
f 210 241 242
f 211 242 243
f 212 243 244
f 213 244 245
f 214 245 246
f 215 246 247
f 216 247 248
f 218 249 250
f 219 250 251
f 220 251 252
f 221 252 253
f 222 253 254
f 223 254 255
f 224 255 256
f 225 256 257
f 226 257 258
f 227 258 259
f 228 259 260
f 229 260 261
f 230 261 262
f 231 262 263
f 232 263 264
f 233 264 265
f 234 265 266
f 235 266 267
f 236 267 268
f 237 268 269
f 238 269 270
f 239 270 271
f 240 271 272
f 241 272 273
f 242 273 274
f 243 274 275
f 244 275 276
f 245 276 277
f 246 277 278
f 247 278 279
f 249 280 281
f 250 281 282
f 251 282 283
f 252 283 284
f 253 284 285
f 254 285 286
f 255 286 287
f 256 287 288
f 257 288 289
f 258 289 290
f 259 290 291
f 260 291 292
f 261 292 293
f 262 293 294
f 263 294 295
f 264 295 296
f 265 296 297
f 266 297 298
f 267 298 299
f 268 299 300
f 269 300 301
f 270 301 302
f 271 302 303
f 272 303 304
f 273 304 305
f 274 305 306
f 275 306 307
f 276 307 308
f 277 308 309
f 278 309 310
f 280 311 312
f 281 312 313
f 282 313 314
f 283 314 315
f 284 315 316
f 285 316 317
f 286 317 318
f 287 318 319
f 288 319 320
f 289 320 321
f 290 321 322
f 291 322 323
f 292 323 324
f 293 324 325
f 294 325 326
f 295 326 327
f 296 327 328
f 297 328 329
f 298 329 330
f 299 330 331
f 300 331 332
f 301 332 333
f 302 333 334
f 303 334 335
f 304 335 336
f 305 336 337
f 306 337 338
f 307 338 339
f 308 339 340
f 309 340 341
f 311 342 343
f 312 343 344
f 313 344 345
f 314 345 346
f 315 346 347
f 316 347 348
f 317 348 349
f 318 349 350
f 319 350 351
f 320 351 352
f 321 352 353
f 322 353 354
f 323 354 355
f 324 355 356
f 325 356 357
f 326 357 358
f 327 358 359
f 328 359 360
f 329 360 361
f 330 361 362
f 331 362 363
f 332 363 364
f 333 364 365
f 334 365 366
f 335 366 367
f 336 367 368
f 337 368 369
f 338 369 370
f 339 370 371
f 340 371 372
f 342 373 374
f 343 374 375
f 344 375 376
f 345 376 377
f 346 377 378
f 347 378 379
f 348 379 380
f 349 380 381
f 350 381 382
f 351 382 383
f 352 383 384
f 353 384 385
f 354 385 386
f 355 386 387
f 356 387 388
f 357 388 389
f 358 389 390
f 359 390 391
f 360 391 392
f 361 392 393
f 362 393 394
f 363 394 395
f 364 395 396
f 365 396 397
f 366 397 398
f 367 398 399
f 368 399 400
f 369 400 401
f 370 401 402
f 371 402 403
f 373 404 405
f 374 405 406
f 375 406 407
f 376 407 408
f 377 408 409
f 378 409 410
f 379 410 411
f 380 411 412
f 381 412 413
f 382 413 414
f 383 414 415
f 384 415 416
f 385 416 417
f 386 417 418
f 387 418 419
f 388 419 420
f 389 420 421
f 390 421 422
f 391 422 423
f 392 423 424
f 393 424 425
f 394 425 426
f 395 426 427
f 396 427 428
f 397 428 429
f 398 429 430
f 399 430 431
f 400 431 432
f 401 432 433
f 402 433 434
f 404 435 436
f 405 436 437
f 406 437 438
f 407 438 439
f 408 439 440
f 409 440 441
f 410 441 442
f 411 442 443
f 412 443 444
f 413 444 445
f 414 445 446
f 415 446 447
f 416 447 448
f 417 448 449
f 418 449 450
f 419 450 451
f 420 451 452
f 421 452 453
f 422 453 454
f 423 454 455
f 424 455 456
f 425 456 457
f 426 457 458
f 427 458 459
f 428 459 460
f 429 460 461
f 430 461 462
f 431 462 463
f 432 463 464
f 433 464 465
f 435 466 467
f 436 467 468
f 437 468 469
f 438 469 470
f 439 470 471
f 440 471 472
f 441 472 473
f 442 473 474
f 443 474 475
f 444 475 476
f 445 476 477
f 446 477 478
f 447 478 479
f 448 479 480
f 449 480 481
f 450 481 482
f 451 482 483
f 452 483 484
f 453 484 485
f 454 485 486
f 455 486 487
f 456 487 488
f 457 488 489
f 458 489 490
f 459 490 491
f 460 491 492
f 461 492 493
f 462 493 494
f 463 494 495
f 464 495 496
f 466 497 498
f 467 498 499
f 468 499 500
f 469 500 501
f 470 501 502
f 471 502 503
f 472 503 504
f 473 504 505
f 474 505 506
f 475 506 507
f 476 507 508
f 477 508 509
f 478 509 510
f 479 510 511
f 480 511 512
f 481 512 513
f 482 513 514
f 483 514 515
f 484 515 516
f 485 516 517
f 486 517 518
f 487 518 519
f 488 519 520
f 489 520 521
f 490 521 522
f 491 522 523
f 492 523 524
f 493 524 525
f 494 525 526
f 495 526 527
f 497 528 529
f 498 529 530
f 499 530 531
f 500 531 532
f 501 532 533
f 502 533 534
f 503 534 535
f 504 535 536
f 505 536 537
f 506 537 538
f 507 538 539
f 508 539 540
f 509 540 541
f 510 541 542
f 511 542 543
f 512 543 544
f 513 544 545
f 514 545 546
f 515 546 547
f 516 547 548
f 517 548 549
f 518 549 550
f 519 550 551
f 520 551 552
f 521 552 553
f 522 553 554
f 523 554 555
f 524 555 556
f 525 556 557
f 526 557 558
f 528 559 560
f 529 560 561
f 530 561 562
f 531 562 563
f 532 563 564
f 533 564 565
f 534 565 566
f 535 566 567
f 536 567 568
f 537 568 569
f 538 569 570
f 539 570 571
f 540 571 572
f 541 572 573
f 542 573 574
f 543 574 575
f 544 575 576
f 545 576 577
f 546 577 578
f 547 578 579
f 548 579 580
f 549 580 581
f 550 581 582
f 551 582 583
f 552 583 584
f 553 584 585
f 554 585 586
f 555 586 587
f 556 587 588
f 557 588 589
f 559 590 591
f 560 591 592
f 561 592 593
f 562 593 594
f 563 594 595
f 564 595 596
f 565 596 597
f 566 597 598
f 567 598 599
f 568 599 600
f 569 600 601
f 570 601 602
f 571 602 603
f 572 603 604
f 573 604 605
f 574 605 606
f 575 606 607
f 576 607 608
f 577 608 609
f 578 609 610
f 579 610 611
f 580 611 612
f 581 612 613
f 582 613 614
f 583 614 615
f 584 615 616
f 585 616 617
f 586 617 618
f 587 618 619
f 588 619 620
f 590 621 622
f 591 622 623
f 592 623 624
f 593 624 625
f 594 625 626
f 595 626 627
f 596 627 628
f 597 628 629
f 598 629 630
f 599 630 631
f 600 631 632
f 601 632 633
f 602 633 634
f 603 634 635
f 604 635 636
f 605 636 637
f 606 637 638
f 607 638 639
f 608 639 640
f 609 640 641
f 610 641 642
f 611 642 643
f 612 643 644
f 613 644 645
f 614 645 646
f 615 646 647
f 616 647 648
f 617 648 649
f 618 649 650
f 619 650 651
f 621 652 653
f 622 653 654
f 623 654 655
f 624 655 656
f 625 656 657
f 626 657 658
f 627 658 659
f 628 659 660
f 629 660 661
f 630 661 662
f 631 662 663
f 632 663 664
f 633 664 665
f 634 665 666
f 635 666 667
f 636 667 668
f 637 668 669
f 638 669 670
f 639 670 671
f 640 671 672
f 641 672 673
f 642 673 674
f 643 674 675
f 644 675 676
f 645 676 677
f 646 677 678
f 647 678 679
f 648 679 680
f 649 680 681
f 650 681 682
f 652 683 684
f 653 684 685
f 654 685 686
f 655 686 687
f 656 687 688
f 657 688 689
f 658 689 690
f 659 690 691
f 660 691 692
f 661 692 693
f 662 693 694
f 663 694 695
f 664 695 696
f 665 696 697
f 666 697 698
f 667 698 699
f 668 699 700
f 669 700 701
f 670 701 702
f 671 702 703
f 672 703 704
f 673 704 705
f 674 705 706
f 675 706 707
f 676 707 708
f 677 708 709
f 678 709 710
f 679 710 711
f 680 711 712
f 681 712 713
f 683 714 715
f 684 715 716
f 685 716 717
f 686 717 718
f 687 718 719
f 688 719 720
f 689 720 721
f 690 721 722
f 691 722 723
f 692 723 724
f 693 724 725
f 694 725 726
f 695 726 727
f 696 727 728
f 697 728 729
f 698 729 730
f 699 730 731
f 700 731 732
f 701 732 733
f 702 733 734
f 703 734 735
f 704 735 736
f 705 736 737
f 706 737 738
f 707 738 739
f 708 739 740
f 709 740 741
f 710 741 742
f 711 742 743
f 712 743 744
f 714 745 746
f 715 746 747
f 716 747 748
f 717 748 749
f 718 749 750
f 719 750 751
f 720 751 752
f 721 752 753
f 722 753 754
f 723 754 755
f 724 755 756
f 725 756 757
f 726 757 758
f 727 758 759
f 728 759 760
f 729 760 761
f 730 761 762
f 731 762 763
f 732 763 764
f 733 764 765
f 734 765 766
f 735 766 767
f 736 767 768
f 737 768 769
f 738 769 770
f 739 770 771
f 740 771 772
f 741 772 773
f 742 773 774
f 743 774 775
f 745 776 777
f 746 777 778
f 747 778 779
f 748 779 780
f 749 780 781
f 750 781 782
f 751 782 783
f 752 783 784
f 753 784 785
f 754 785 786
f 755 786 787
f 756 787 788
f 757 788 789
f 758 789 790
f 759 790 791
f 760 791 792
f 761 792 793
f 762 793 794
f 763 794 795
f 764 795 796
f 765 796 797
f 766 797 798
f 767 798 799
f 768 799 800
f 769 800 801
f 770 801 802
f 771 802 803
f 772 803 804
f 773 804 805
f 774 805 806
f 776 807 808
f 777 808 809
f 778 809 810
f 779 810 811
f 780 811 812
f 781 812 813
f 782 813 814
f 783 814 815
f 784 815 816
f 785 816 817
f 786 817 818
f 787 818 819
f 788 819 820
f 789 820 821
f 790 821 822
f 791 822 823
f 792 823 824
f 793 824 825
f 794 825 826
f 795 826 827
f 796 827 828
f 797 828 829
f 798 829 830
f 799 830 831
f 800 831 832
f 801 832 833
f 802 833 834
f 803 834 835
f 804 835 836
f 805 836 837
f 807 838 839
f 808 839 840
f 809 840 841
f 810 841 842
f 811 842 843
f 812 843 844
f 813 844 845
f 814 845 846
f 815 846 847
f 816 847 848
f 817 848 849
f 818 849 850
f 819 850 851
f 820 851 852
f 821 852 853
f 822 853 854
f 823 854 855
f 824 855 856
f 825 856 857
f 826 857 858
f 827 858 859
f 828 859 860
f 829 860 861
f 830 861 862
f 831 862 863
f 832 863 864
f 833 864 865
f 834 865 866
f 835 866 867
f 836 867 868
f 838 869 870
f 839 870 871
f 840 871 872
f 841 872 873
f 842 873 874
f 843 874 875
f 844 875 876
f 845 876 877
f 846 877 878
f 847 878 879
f 848 879 880
f 849 880 881
f 850 881 882
f 851 882 883
f 852 883 884
f 853 884 885
f 854 885 886
f 855 886 887
f 856 887 888
f 857 888 889
f 858 889 890
f 859 890 891
f 860 891 892
f 861 892 893
f 862 893 894
f 863 894 895
f 864 895 896
f 865 896 897
f 866 897 898
f 867 898 899
f 869 900 901
f 870 901 902
f 871 902 903
f 872 903 904
f 873 904 905
f 874 905 906
f 875 906 907
f 876 907 908
f 877 908 909
f 878 909 910
f 879 910 911
f 880 911 912
f 881 912 913
f 882 913 914
f 883 914 915
f 884 915 916
f 885 916 917
f 886 917 918
f 887 918 919
f 888 919 920
f 889 920 921
f 890 921 922
f 891 922 923
f 892 923 924
f 893 924 925
f 894 925 926
f 895 926 927
f 896 927 928
f 897 928 929
f 898 929 930
f 900 931 932
f 901 932 933
f 902 933 934
f 903 934 935
f 904 935 936
f 905 936 937
f 906 937 938
f 907 938 939
f 908 939 940
f 909 940 941
f 910 941 942
f 911 942 943
f 912 943 944
f 913 944 945
f 914 945 946
f 915 946 947
f 916 947 948
f 917 948 949
f 918 949 950
f 919 950 951
f 920 951 952
f 921 952 953
f 922 953 954
f 923 954 955
f 924 955 956
f 925 956 957
f 926 957 958
f 927 958 959
f 928 959 960
f 929 960 961
f 931 962 963
f 932 963 964
f 933 964 965
f 934 965 966
f 935 966 967
f 936 967 968
f 937 968 969
f 938 969 970
f 939 970 971
f 940 971 972
f 941 972 973
f 942 973 974
f 943 974 975
f 944 975 976
f 945 976 977
f 946 977 978
f 947 978 979
f 948 979 980
f 949 980 981
f 950 981 982
f 951 982 983
f 952 983 984
f 953 984 985
f 954 985 986
f 955 986 987
f 956 987 988
f 957 988 989
f 958 989 990
f 959 990 991
f 960 991 992
f 962 993 994
f 963 994 995
f 964 995 996
f 965 996 997
f 966 997 998
f 967 998 999
f 968 999 1000
f 969 1000 1001
f 970 1001 1002
f 971 1002 1003
f 972 1003 1004
f 973 1004 1005
f 974 1005 1006
f 975 1006 1007
f 976 1007 1008
f 977 1008 1009
f 978 1009 1010
f 979 1010 1011
f 980 1011 1012
f 981 1012 1013
f 982 1013 1014
f 983 1014 1015
f 984 1015 1016
f 985 1016 1017
f 986 1017 1018
f 987 1018 1019
f 988 1019 1020
f 989 1020 1021
f 990 1021 1022
f 991 1022 1023
f 993 1024 1025
f 994 1025 1026
f 995 1026 1027
f 996 1027 1028
f 997 1028 1029
f 998 1029 1030
f 999 1030 1031
f 1000 1031 1032
f 1001 1032 1033
f 1002 1033 1034
f 1003 1034 1035
f 1004 1035 1036
f 1005 1036 1037
f 1006 1037 1038
f 1007 1038 1039
f 1008 1039 1040
f 1009 1040 1041
f 1010 1041 1042
f 1011 1042 1043
f 1012 1043 1044
f 1013 1044 1045
f 1014 1045 1046
f 1015 1046 1047
f 1016 1047 1048
f 1017 1048 1049
f 1018 1049 1050
f 1019 1050 1051
f 1020 1051 1052
f 1021 1052 1053
f 1022 1053 1054
f 1024 1055 1056
f 1025 1056 1057
f 1026 1057 1058
f 1027 1058 1059
f 1028 1059 1060
f 1029 1060 1061
f 1030 1061 1062
f 1031 1062 1063
f 1032 1063 1064
f 1033 1064 1065
f 1034 1065 1066
f 1035 1066 1067
f 1036 1067 1068
f 1037 1068 1069
f 1038 1069 1070
f 1039 1070 1071
f 1040 1071 1072
f 1041 1072 1073
f 1042 1073 1074
f 1043 1074 1075
f 1044 1075 1076
f 1045 1076 1077
f 1046 1077 1078
f 1047 1078 1079
f 1048 1079 1080
f 1049 1080 1081
f 1050 1081 1082
f 1051 1082 1083
f 1052 1083 1084
f 1053 1084 1085
f 1055 1086 1087
f 1056 1087 1088
f 1057 1088 1089
f 1058 1089 1090
f 1059 1090 1091
f 1060 1091 1092
f 1061 1092 1093
f 1062 1093 1094
f 1063 1094 1095
f 1064 1095 1096
f 1065 1096 1097
f 1066 1097 1098
f 1067 1098 1099
f 1068 1099 1100
f 1069 1100 1101
f 1070 1101 1102
f 1071 1102 1103
f 1072 1103 1104
f 1073 1104 1105
f 1074 1105 1106
f 1075 1106 1107
f 1076 1107 1108
f 1077 1108 1109
f 1078 1109 1110
f 1079 1110 1111
f 1080 1111 1112
f 1081 1112 1113
f 1082 1113 1114
f 1083 1114 1115
f 1084 1115 1116
f 1086 1117 1118
f 1087 1118 1119
f 1088 1119 1120
f 1089 1120 1121
f 1090 1121 1122
f 1091 1122 1123
f 1092 1123 1124
f 1093 1124 1125
f 1094 1125 1126
f 1095 1126 1127
f 1096 1127 1128
f 1097 1128 1129
f 1098 1129 1130
f 1099 1130 1131
f 1100 1131 1132
f 1101 1132 1133
f 1102 1133 1134
f 1103 1134 1135
f 1104 1135 1136
f 1105 1136 1137
f 1106 1137 1138
f 1107 1138 1139
f 1108 1139 1140
f 1109 1140 1141
f 1110 1141 1142
f 1111 1142 1143
f 1112 1143 1144
f 1113 1144 1145
f 1114 1145 1146
f 1115 1146 1147
f 1117 1148 1149
f 1118 1149 1150
f 1119 1150 1151
f 1120 1151 1152
f 1121 1152 1153
f 1122 1153 1154
f 1123 1154 1155
f 1124 1155 1156
f 1125 1156 1157
f 1126 1157 1158
f 1127 1158 1159
f 1128 1159 1160
f 1129 1160 1161
f 1130 1161 1162
f 1131 1162 1163
f 1132 1163 1164
f 1133 1164 1165
f 1134 1165 1166
f 1135 1166 1167
f 1136 1167 1168
f 1137 1168 1169
f 1138 1169 1170
f 1139 1170 1171
f 1140 1171 1172
f 1141 1172 1173
f 1142 1173 1174
f 1143 1174 1175
f 1144 1175 1176
f 1145 1176 1177
f 1146 1177 1178
f 1148 1179 1180
f 1149 1180 1181
f 1150 1181 1182
f 1151 1182 1183
f 1152 1183 1184
f 1153 1184 1185
f 1154 1185 1186
f 1155 1186 1187
f 1156 1187 1188
f 1157 1188 1189
f 1158 1189 1190
f 1159 1190 1191
f 1160 1191 1192
f 1161 1192 1193
f 1162 1193 1194
f 1163 1194 1195
f 1164 1195 1196
f 1165 1196 1197
f 1166 1197 1198
f 1167 1198 1199
f 1168 1199 1200
f 1169 1200 1201
f 1170 1201 1202
f 1171 1202 1203
f 1172 1203 1204
f 1173 1204 1205
f 1174 1205 1206
f 1175 1206 1207
f 1176 1207 1208
f 1177 1208 1209
f 1179 1210 1211
f 1180 1211 1212
f 1181 1212 1213
f 1182 1213 1214
f 1183 1214 1215
f 1184 1215 1216
f 1185 1216 1217
f 1186 1217 1218
f 1187 1218 1219
f 1188 1219 1220
f 1189 1220 1221
f 1190 1221 1222
f 1191 1222 1223
f 1192 1223 1224
f 1193 1224 1225
f 1194 1225 1226
f 1195 1226 1227
f 1196 1227 1228
f 1197 1228 1229
f 1198 1229 1230
f 1199 1230 1231
f 1200 1231 1232
f 1201 1232 1233
f 1202 1233 1234
f 1203 1234 1235
f 1204 1235 1236
f 1205 1236 1237
f 1206 1237 1238
f 1207 1238 1239
f 1208 1239 1240
f 1210 1241 1242
f 1211 1242 1243
f 1212 1243 1244
f 1213 1244 1245
f 1214 1245 1246
f 1215 1246 1247
f 1216 1247 1248
f 1217 1248 1249
f 1218 1249 1250
f 1219 1250 1251
f 1220 1251 1252
f 1221 1252 1253
f 1222 1253 1254
f 1223 1254 1255
f 1224 1255 1256
f 1225 1256 1257
f 1226 1257 1258
f 1227 1258 1259
f 1228 1259 1260
f 1229 1260 1261
f 1230 1261 1262
f 1231 1262 1263
f 1232 1263 1264
f 1233 1264 1265
f 1234 1265 1266
f 1235 1266 1267
f 1236 1267 1268
f 1237 1268 1269
f 1238 1269 1270
f 1239 1270 1271
f 1241 1272 1273
f 1242 1273 1274
f 1243 1274 1275
f 1244 1275 1276
f 1245 1276 1277
f 1246 1277 1278
f 1247 1278 1279
f 1248 1279 1280
f 1249 1280 1281
f 1250 1281 1282
f 1251 1282 1283
f 1252 1283 1284
f 1253 1284 1285
f 1254 1285 1286
f 1255 1286 1287
f 1256 1287 1288
f 1257 1288 1289
f 1258 1289 1290
f 1259 1290 1291
f 1260 1291 1292
f 1261 1292 1293
f 1262 1293 1294
f 1263 1294 1295
f 1264 1295 1296
f 1265 1296 1297
f 1266 1297 1298
f 1267 1298 1299
f 1268 1299 1300
f 1269 1300 1301
f 1270 1301 1302
f 1272 1303 1304
f 1273 1304 1305
f 1274 1305 1306
f 1275 1306 1307
f 1276 1307 1308
f 1277 1308 1309
f 1278 1309 1310
f 1279 1310 1311
f 1280 1311 1312
f 1281 1312 1313
f 1282 1313 1314
f 1283 1314 1315
f 1284 1315 1316
f 1285 1316 1317
f 1286 1317 1318
f 1287 1318 1319
f 1288 1319 1320
f 1289 1320 1321
f 1290 1321 1322
f 1291 1322 1323
f 1292 1323 1324
f 1293 1324 1325
f 1294 1325 1326
f 1295 1326 1327
f 1296 1327 1328
f 1297 1328 1329
f 1298 1329 1330
f 1299 1330 1331
f 1300 1331 1332
f 1301 1332 1333
f 1303 1334 1335
f 1304 1335 1336
f 1305 1336 1337
f 1306 1337 1338
f 1307 1338 1339
f 1308 1339 1340
f 1309 1340 1341
f 1310 1341 1342
f 1311 1342 1343
f 1312 1343 1344
f 1313 1344 1345
f 1314 1345 1346
f 1315 1346 1347
f 1316 1347 1348
f 1317 1348 1349
f 1318 1349 1350
f 1319 1350 1351
f 1320 1351 1352
f 1321 1352 1353
f 1322 1353 1354
f 1323 1354 1355
f 1324 1355 1356
f 1325 1356 1357
f 1326 1357 1358
f 1327 1358 1359
f 1328 1359 1360
f 1329 1360 1361
f 1330 1361 1362
f 1331 1362 1363
f 1332 1363 1364
f 1334 1365 1366
f 1335 1366 1367
f 1336 1367 1368
f 1337 1368 1369
f 1338 1369 1370
f 1339 1370 1371
f 1340 1371 1372
f 1341 1372 1373
f 1342 1373 1374
f 1343 1374 1375
f 1344 1375 1376
f 1345 1376 1377
f 1346 1377 1378
f 1347 1378 1379
f 1348 1379 1380
f 1349 1380 1381
f 1350 1381 1382
f 1351 1382 1383
f 1352 1383 1384
f 1353 1384 1385
f 1354 1385 1386
f 1355 1386 1387
f 1356 1387 1388
f 1357 1388 1389
f 1358 1389 1390
f 1359 1390 1391
f 1360 1391 1392
f 1361 1392 1393
f 1362 1393 1394
f 1363 1394 1395
f 1365 1396 1397
f 1366 1397 1398
f 1367 1398 1399
f 1368 1399 1400
f 1369 1400 1401
f 1370 1401 1402
f 1371 1402 1403
f 1372 1403 1404
f 1373 1404 1405
f 1374 1405 1406
f 1375 1406 1407
f 1376 1407 1408
f 1377 1408 1409
f 1378 1409 1410
f 1379 1410 1411
f 1380 1411 1412
f 1381 1412 1413
f 1382 1413 1414
f 1383 1414 1415
f 1384 1415 1416
f 1385 1416 1417
f 1386 1417 1418
f 1387 1418 1419
f 1388 1419 1420
f 1389 1420 1421
f 1390 1421 1422
f 1391 1422 1423
f 1392 1423 1424
f 1393 1424 1425
f 1394 1425 1426
f 1396 1427 1428
f 1397 1428 1429
f 1398 1429 1430
f 1399 1430 1431
f 1400 1431 1432
f 1401 1432 1433
f 1402 1433 1434
f 1403 1434 1435
f 1404 1435 1436
f 1405 1436 1437
f 1406 1437 1438
f 1407 1438 1439
f 1408 1439 1440
f 1409 1440 1441
f 1410 1441 1442
f 1411 1442 1443
f 1412 1443 1444
f 1413 1444 1445
f 1414 1445 1446
f 1415 1446 1447
f 1416 1447 1448
f 1417 1448 1449
f 1418 1449 1450
f 1419 1450 1451
f 1420 1451 1452
f 1421 1452 1453
f 1422 1453 1454
f 1423 1454 1455
f 1424 1455 1456
f 1425 1456 1457
f 1427 1458 1459
f 1428 1459 1460
f 1429 1460 1461
f 1430 1461 1462
f 1431 1462 1463
f 1432 1463 1464
f 1433 1464 1465
f 1434 1465 1466
f 1435 1466 1467
f 1436 1467 1468
f 1437 1468 1469
f 1438 1469 1470
f 1439 1470 1471
f 1440 1471 1472
f 1441 1472 1473
f 1442 1473 1474
f 1443 1474 1475
f 1444 1475 1476
f 1445 1476 1477
f 1446 1477 1478
f 1447 1478 1479
f 1448 1479 1480
f 1449 1480 1481
f 1450 1481 1482
f 1451 1482 1483
f 1452 1483 1484
f 1453 1484 1485
f 1454 1485 1486
f 1455 1486 1487
f 1456 1487 1488
f 1458 1489 1490
f 1459 1490 1491
f 1460 1491 1492
f 1461 1492 1493
f 1462 1493 1494
f 1463 1494 1495
f 1464 1495 1496
f 1465 1496 1497
f 1466 1497 1498
f 1467 1498 1499
f 1468 1499 1500
f 1469 1500 1501
f 1470 1501 1502
f 1471 1502 1503
f 1472 1503 1504
f 1473 1504 1505
f 1474 1505 1506
f 1475 1506 1507
f 1476 1507 1508
f 1477 1508 1509
f 1478 1509 1510
f 1479 1510 1511
f 1480 1511 1512
f 1481 1512 1513
f 1482 1513 1514
f 1483 1514 1515
f 1484 1515 1516
f 1485 1516 1517
f 1486 1517 1518
f 1487 1518 1519
f 1489 1520 1521
f 1490 1521 1522
f 1491 1522 1523
f 1492 1523 1524
f 1493 1524 1525
f 1494 1525 1526
f 1495 1526 1527
f 1496 1527 1528
f 1497 1528 1529
f 1498 1529 1530
f 1499 1530 1531
f 1500 1531 1532
f 1501 1532 1533
f 1502 1533 1534
f 1503 1534 1535
f 1504 1535 1536
f 1505 1536 1537
f 1506 1537 1538
f 1507 1538 1539
f 1508 1539 1540
f 1509 1540 1541
f 1510 1541 1542
f 1511 1542 1543
f 1512 1543 1544
f 1513 1544 1545
f 1514 1545 1546
f 1515 1546 1547
f 1516 1547 1548
f 1517 1548 1549
f 1518 1549 1550
f 1520 1551 1552
f 1521 1552 1553
f 1522 1553 1554
f 1523 1554 1555
f 1524 1555 1556
f 1525 1556 1557
f 1526 1557 1558
f 1527 1558 1559
f 1528 1559 1560
f 1529 1560 1561
f 1530 1561 1562
f 1531 1562 1563
f 1532 1563 1564
f 1533 1564 1565
f 1534 1565 1566
f 1535 1566 1567
f 1536 1567 1568
f 1537 1568 1569
f 1538 1569 1570
f 1539 1570 1571
f 1540 1571 1572
f 1541 1572 1573
f 1542 1573 1574
f 1543 1574 1575
f 1544 1575 1576
f 1545 1576 1577
f 1546 1577 1578
f 1547 1578 1579
f 1548 1579 1580
f 1549 1580 1581
f 1551 1582 1583
f 1552 1583 1584
f 1553 1584 1585
f 1554 1585 1586
f 1555 1586 1587
f 1556 1587 1588
f 1557 1588 1589
f 1558 1589 1590
f 1559 1590 1591
f 1560 1591 1592
f 1561 1592 1593
f 1562 1593 1594
f 1563 1594 1595
f 1564 1595 1596
f 1565 1596 1597
f 1566 1597 1598
f 1567 1598 1599
f 1568 1599 1600
f 1569 1600 1601
f 1570 1601 1602
f 1571 1602 1603
f 1572 1603 1604
f 1573 1604 1605
f 1574 1605 1606
f 1575 1606 1607
f 1576 1607 1608
f 1577 1608 1609
f 1578 1609 1610
f 1579 1610 1611
f 1580 1611 1612
f 1582 1613 1614
f 1583 1614 1615
f 1584 1615 1616
f 1585 1616 1617
f 1586 1617 1618
f 1587 1618 1619
f 1588 1619 1620
f 1589 1620 1621
f 1590 1621 1622
f 1591 1622 1623
f 1592 1623 1624
f 1593 1624 1625
f 1594 1625 1626
f 1595 1626 1627
f 1596 1627 1628
f 1597 1628 1629
f 1598 1629 1630
f 1599 1630 1631
f 1600 1631 1632
f 1601 1632 1633
f 1602 1633 1634
f 1603 1634 1635
f 1604 1635 1636
f 1605 1636 1637
f 1606 1637 1638
f 1607 1638 1639
f 1608 1639 1640
f 1609 1640 1641
f 1610 1641 1642
f 1611 1642 1643
f 1613 1644 1645
f 1614 1645 1646
f 1615 1646 1647
f 1616 1647 1648
f 1617 1648 1649
f 1618 1649 1650
f 1619 1650 1651
f 1620 1651 1652
f 1621 1652 1653
f 1622 1653 1654
f 1623 1654 1655
f 1624 1655 1656
f 1625 1656 1657
f 1626 1657 1658
f 1627 1658 1659
f 1628 1659 1660
f 1629 1660 1661
f 1630 1661 1662
f 1631 1662 1663
f 1632 1663 1664
f 1633 1664 1665
f 1634 1665 1666
f 1635 1666 1667
f 1636 1667 1668
f 1637 1668 1669
f 1638 1669 1670
f 1639 1670 1671
f 1640 1671 1672
f 1641 1672 1673
f 1642 1673 1674
f 1644 1675 1676
f 1645 1676 1677
f 1646 1677 1678
f 1647 1678 1679
f 1648 1679 1680
f 1649 1680 1681
f 1650 1681 1682
f 1651 1682 1683
f 1652 1683 1684
f 1653 1684 1685
f 1654 1685 1686
f 1655 1686 1687
f 1656 1687 1688
f 1657 1688 1689
f 1658 1689 1690
f 1659 1690 1691
f 1660 1691 1692
f 1661 1692 1693
f 1662 1693 1694
f 1663 1694 1695
f 1664 1695 1696
f 1665 1696 1697
f 1666 1697 1698
f 1667 1698 1699
f 1668 1699 1700
f 1669 1700 1701
f 1670 1701 1702
f 1671 1702 1703
f 1672 1703 1704
f 1673 1704 1705
f 1675 1706 1707
f 1676 1707 1708
f 1677 1708 1709
f 1678 1709 1710
f 1679 1710 1711
f 1680 1711 1712
f 1681 1712 1713
f 1682 1713 1714
f 1683 1714 1715
f 1684 1715 1716
f 1685 1716 1717
f 1686 1717 1718
f 1687 1718 1719
f 1688 1719 1720
f 1689 1720 1721
f 1690 1721 1722
f 1691 1722 1723
f 1692 1723 1724
f 1693 1724 1725
f 1694 1725 1726
f 1695 1726 1727
f 1696 1727 1728
f 1697 1728 1729
f 1698 1729 1730
f 1699 1730 1731
f 1700 1731 1732
f 1701 1732 1733
f 1702 1733 1734
f 1703 1734 1735
f 1704 1735 1736
f 1706 1737 1738
f 1707 1738 1739
f 1708 1739 1740
f 1709 1740 1741
f 1710 1741 1742
f 1711 1742 1743
f 1712 1743 1744
f 1713 1744 1745
f 1714 1745 1746
f 1715 1746 1747
f 1716 1747 1748
f 1717 1748 1749
f 1718 1749 1750
f 1719 1750 1751
f 1720 1751 1752
f 1721 1752 1753
f 1722 1753 1754
f 1723 1754 1755
f 1724 1755 1756
f 1725 1756 1757
f 1726 1757 1758
f 1727 1758 1759
f 1728 1759 1760
f 1729 1760 1761
f 1730 1761 1762
f 1731 1762 1763
f 1732 1763 1764
f 1733 1764 1765
f 1734 1765 1766
f 1735 1766 1767
f 1737 1768 1769
f 1738 1769 1770
f 1739 1770 1771
f 1740 1771 1772
f 1741 1772 1773
f 1742 1773 1774
f 1743 1774 1775
f 1744 1775 1776
f 1745 1776 1777
f 1746 1777 1778
f 1747 1778 1779
f 1748 1779 1780
f 1749 1780 1781
f 1750 1781 1782
f 1751 1782 1783
f 1752 1783 1784
f 1753 1784 1785
f 1754 1785 1786
f 1755 1786 1787
f 1756 1787 1788
f 1757 1788 1789
f 1758 1789 1790
f 1759 1790 1791
f 1760 1791 1792
f 1761 1792 1793
f 1762 1793 1794
f 1763 1794 1795
f 1764 1795 1796
f 1765 1796 1797
f 1766 1797 1798
f 1768 1799 1800
f 1769 1800 1801
f 1770 1801 1802
f 1771 1802 1803
f 1772 1803 1804
f 1773 1804 1805
f 1774 1805 1806
f 1775 1806 1807
f 1776 1807 1808
f 1777 1808 1809
f 1778 1809 1810
f 1779 1810 1811
f 1780 1811 1812
f 1781 1812 1813
f 1782 1813 1814
f 1783 1814 1815
f 1784 1815 1816
f 1785 1816 1817
f 1786 1817 1818
f 1787 1818 1819
f 1788 1819 1820
f 1789 1820 1821
f 1790 1821 1822
f 1791 1822 1823
f 1792 1823 1824
f 1793 1824 1825
f 1794 1825 1826
f 1795 1826 1827
f 1796 1827 1828
f 1797 1828 1829
f 1799 1830 1831
f 1800 1831 1832
f 1801 1832 1833
f 1802 1833 1834
f 1803 1834 1835
f 1804 1835 1836
f 1805 1836 1837
f 1806 1837 1838
f 1807 1838 1839
f 1808 1839 1840
f 1809 1840 1841
f 1810 1841 1842
f 1811 1842 1843
f 1812 1843 1844
f 1813 1844 1845
f 1814 1845 1846
f 1815 1846 1847
f 1816 1847 1848
f 1817 1848 1849
f 1818 1849 1850
f 1819 1850 1851
f 1820 1851 1852
f 1821 1852 1853
f 1822 1853 1854
f 1823 1854 1855
f 1824 1855 1856
f 1825 1856 1857
f 1826 1857 1858
f 1827 1858 1859
f 1828 1859 1860
f 1830 1861 1862
f 1831 1862 1863
f 1832 1863 1864
f 1833 1864 1865
f 1834 1865 1866
f 1835 1866 1867
f 1836 1867 1868
f 1837 1868 1869
f 1838 1869 1870
f 1839 1870 1871
f 1840 1871 1872
f 1841 1872 1873
f 1842 1873 1874
f 1843 1874 1875
f 1844 1875 1876
f 1845 1876 1877
f 1846 1877 1878
f 1847 1878 1879
f 1848 1879 1880
f 1849 1880 1881
f 1850 1881 1882
f 1851 1882 1883
f 1852 1883 1884
f 1853 1884 1885
f 1854 1885 1886
f 1855 1886 1887
f 1856 1887 1888
f 1857 1888 1889
f 1858 1889 1890
f 1859 1890 1891
f 1 33 2
f 2 34 3
f 3 35 4
f 4 36 5
f 5 37 6
f 6 38 7
f 7 39 8
f 8 40 9
f 9 41 10
f 10 42 11
f 11 43 12
f 12 44 13
f 13 45 14
f 14 46 15
f 15 47 16
f 16 48 17
f 17 49 18
f 18 50 19
f 19 51 20
f 20 52 21
f 21 53 22
f 22 54 23
f 23 55 24
f 24 56 25
f 25 57 26
f 26 58 27
f 27 59 28
f 28 60 29
f 29 61 30
f 30 62 31
f 32 64 33
f 33 65 34
f 34 66 35
f 35 67 36
f 36 68 37
f 37 69 38
f 38 70 39
f 39 71 40
f 40 72 41
f 41 73 42
f 42 74 43
f 43 75 44
f 44 76 45
f 45 77 46
f 46 78 47
f 47 79 48
f 48 80 49
f 49 81 50
f 50 82 51
f 51 83 52
f 52 84 53
f 53 85 54
f 54 86 55
f 55 87 56
f 56 88 57
f 57 89 58
f 58 90 59
f 59 91 60
f 60 92 61
f 61 93 62
f 63 95 64
f 64 96 65
f 65 97 66
f 66 98 67
f 67 99 68
f 68 100 69
f 69 101 70
f 70 102 71
f 71 103 72
f 72 104 73
f 73 105 74
f 74 106 75
f 75 107 76
f 76 108 77
f 77 109 78
f 78 110 79
f 79 111 80
f 80 112 81
f 81 113 82
f 82 114 83
f 83 115 84
f 84 116 85
f 85 117 86
f 86 118 87
f 87 119 88
f 88 120 89
f 89 121 90
f 90 122 91
f 91 123 92
f 92 124 93
f 94 126 95
f 95 127 96
f 96 128 97
f 97 129 98
f 98 130 99
f 99 131 100
f 100 132 101
f 101 133 102
f 102 134 103
f 103 135 104
f 104 136 105
f 105 137 106
f 106 138 107
f 107 139 108
f 108 140 109
f 109 141 110
f 110 142 111
f 111 143 112
f 112 144 113
f 113 145 114
f 114 146 115
f 115 147 116
f 116 148 117
f 117 149 118
f 118 150 119
f 119 151 120
f 120 152 121
f 121 153 122
f 122 154 123
f 123 155 124
f 125 157 126
f 126 158 127
f 127 159 128
f 128 160 129
f 129 161 130
f 130 162 131
f 131 163 132
f 132 164 133
f 133 165 134
f 134 166 135
f 135 167 136
f 136 168 137
f 137 169 138
f 138 170 139
f 139 171 140
f 140 172 141
f 141 173 142
f 142 174 143
f 143 175 144
f 144 176 145
f 145 177 146
f 146 178 147
f 147 179 148
f 148 180 149
f 149 181 150
f 150 182 151
f 151 183 152
f 152 184 153
f 153 185 154
f 154 186 155
f 156 188 157
f 157 189 158
f 158 190 159
f 159 191 160
f 160 192 161
f 161 193 162
f 162 194 163
f 163 195 164
f 164 196 165
f 165 197 166
f 166 198 167
f 167 199 168
f 168 200 169
f 169 201 170
f 170 202 171
f 171 203 172
f 172 204 173
f 173 205 174
f 174 206 175
f 175 207 176
f 176 208 177
f 177 209 178
f 178 210 179
f 179 211 180
f 180 212 181
f 181 213 182
f 182 214 183
f 183 215 184
f 184 216 185
f 185 217 186
f 187 219 188
f 188 220 189
f 189 221 190
f 190 222 191
f 191 223 192
f 192 224 193
f 193 225 194
f 194 226 195
f 195 227 196
f 196 228 197
f 197 229 198
f 198 230 199
f 199 231 200
f 200 232 201
f 201 233 202
f 202 234 203
f 203 235 204
f 204 236 205
f 205 237 206
f 206 238 207
f 207 239 208
f 208 240 209
f 209 241 210
f 210 242 211
f 211 243 212
f 212 244 213
f 213 245 214
f 214 246 215
f 215 247 216
f 216 248 217
f 218 250 219
f 219 251 220
f 220 252 221
f 221 253 222
f 222 254 223
f 223 255 224
f 224 256 225
f 225 257 226
f 226 258 227
f 227 259 228
f 228 260 229
f 229 261 230
f 230 262 231
f 231 263 232
f 232 264 233
f 233 265 234
f 234 266 235
f 235 267 236
f 236 268 237
f 237 269 238
f 238 270 239
f 239 271 240
f 240 272 241
f 241 273 242
f 242 274 243
f 243 275 244
f 244 276 245
f 245 277 246
f 246 278 247
f 247 279 248
f 249 281 250
f 250 282 251
f 251 283 252
f 252 284 253
f 253 285 254
f 254 286 255
f 255 287 256
f 256 288 257
f 257 289 258
f 258 290 259
f 259 291 260
f 260 292 261
f 261 293 262
f 262 294 263
f 263 295 264
f 264 296 265
f 265 297 266
f 266 298 267
f 267 299 268
f 268 300 269
f 269 301 270
f 270 302 271
f 271 303 272
f 272 304 273
f 273 305 274
f 274 306 275
f 275 307 276
f 276 308 277
f 277 309 278
f 278 310 279
f 280 312 281
f 281 313 282
f 282 314 283
f 283 315 284
f 284 316 285
f 285 317 286
f 286 318 287
f 287 319 288
f 288 320 289
f 289 321 290
f 290 322 291
f 291 323 292
f 292 324 293
f 293 325 294
f 294 326 295
f 295 327 296
f 296 328 297
f 297 329 298
f 298 330 299
f 299 331 300
f 300 332 301
f 301 333 302
f 302 334 303
f 303 335 304
f 304 336 305
f 305 337 306
f 306 338 307
f 307 339 308
f 308 340 309
f 309 341 310
f 311 343 312
f 312 344 313
f 313 345 314
f 314 346 315
f 315 347 316
f 316 348 317
f 317 349 318
f 318 350 319
f 319 351 320
f 320 352 321
f 321 353 322
f 322 354 323
f 323 355 324
f 324 356 325
f 325 357 326
f 326 358 327
f 327 359 328
f 328 360 329
f 329 361 330
f 330 362 331
f 331 363 332
f 332 364 333
f 333 365 334
f 334 366 335
f 335 367 336
f 336 368 337
f 337 369 338
f 338 370 339
f 339 371 340
f 340 372 341
f 342 374 343
f 343 375 344
f 344 376 345
f 345 377 346
f 346 378 347
f 347 379 348
f 348 380 349
f 349 381 350
f 350 382 351
f 351 383 352
f 352 384 353
f 353 385 354
f 354 386 355
f 355 387 356
f 356 388 357
f 357 389 358
f 358 390 359
f 359 391 360
f 360 392 361
f 361 393 362
f 362 394 363
f 363 395 364
f 364 396 365
f 365 397 366
f 366 398 367
f 367 399 368
f 368 400 369
f 369 401 370
f 370 402 371
f 371 403 372
f 373 405 374
f 374 406 375
f 375 407 376
f 376 408 377
f 377 409 378
f 378 410 379
f 379 411 380
f 380 412 381
f 381 413 382
f 382 414 383
f 383 415 384
f 384 416 385
f 385 417 386
f 386 418 387
f 387 419 388
f 388 420 389
f 389 421 390
f 390 422 391
f 391 423 392
f 392 424 393
f 393 425 394
f 394 426 395
f 395 427 396
f 396 428 397
f 397 429 398
f 398 430 399
f 399 431 400
f 400 432 401
f 401 433 402
f 402 434 403
f 404 436 405
f 405 437 406
f 406 438 407
f 407 439 408
f 408 440 409
f 409 441 410
f 410 442 411
f 411 443 412
f 412 444 413
f 413 445 414
f 414 446 415
f 415 447 416
f 416 448 417
f 417 449 418
f 418 450 419
f 419 451 420
f 420 452 421
f 421 453 422
f 422 454 423
f 423 455 424
f 424 456 425
f 425 457 426
f 426 458 427
f 427 459 428
f 428 460 429
f 429 461 430
f 430 462 431
f 431 463 432
f 432 464 433
f 433 465 434
f 435 467 436
f 436 468 437
f 437 469 438
f 438 470 439
f 439 471 440
f 440 472 441
f 441 473 442
f 442 474 443
f 443 475 444
f 444 476 445
f 445 477 446
f 446 478 447
f 447 479 448
f 448 480 449
f 449 481 450
f 450 482 451
f 451 483 452
f 452 484 453
f 453 485 454
f 454 486 455
f 455 487 456
f 456 488 457
f 457 489 458
f 458 490 459
f 459 491 460
f 460 492 461
f 461 493 462
f 462 494 463
f 463 495 464
f 464 496 465
f 466 498 467
f 467 499 468
f 468 500 469
f 469 501 470
f 470 502 471
f 471 503 472
f 472 504 473
f 473 505 474
f 474 506 475
f 475 507 476
f 476 508 477
f 477 509 478
f 478 510 479
f 479 511 480
f 480 512 481
f 481 513 482
f 482 514 483
f 483 515 484
f 484 516 485
f 485 517 486
f 486 518 487
f 487 519 488
f 488 520 489
f 489 521 490
f 490 522 491
f 491 523 492
f 492 524 493
f 493 525 494
f 494 526 495
f 495 527 496
f 497 529 498
f 498 530 499
f 499 531 500
f 500 532 501
f 501 533 502
f 502 534 503
f 503 535 504
f 504 536 505
f 505 537 506
f 506 538 507
f 507 539 508
f 508 540 509
f 509 541 510
f 510 542 511
f 511 543 512
f 512 544 513
f 513 545 514
f 514 546 515
f 515 547 516
f 516 548 517
f 517 549 518
f 518 550 519
f 519 551 520
f 520 552 521
f 521 553 522
f 522 554 523
f 523 555 524
f 524 556 525
f 525 557 526
f 526 558 527
f 528 560 529
f 529 561 530
f 530 562 531
f 531 563 532
f 532 564 533
f 533 565 534
f 534 566 535
f 535 567 536
f 536 568 537
f 537 569 538
f 538 570 539
f 539 571 540
f 540 572 541
f 541 573 542
f 542 574 543
f 543 575 544
f 544 576 545
f 545 577 546
f 546 578 547
f 547 579 548
f 548 580 549
f 549 581 550
f 550 582 551
f 551 583 552
f 552 584 553
f 553 585 554
f 554 586 555
f 555 587 556
f 556 588 557
f 557 589 558
f 559 591 560
f 560 592 561
f 561 593 562
f 562 594 563
f 563 595 564
f 564 596 565
f 565 597 566
f 566 598 567
f 567 599 568
f 568 600 569
f 569 601 570
f 570 602 571
f 571 603 572
f 572 604 573
f 573 605 574
f 574 606 575
f 575 607 576
f 576 608 577
f 577 609 578
f 578 610 579
f 579 611 580
f 580 612 581
f 581 613 582
f 582 614 583
f 583 615 584
f 584 616 585
f 585 617 586
f 586 618 587
f 587 619 588
f 588 620 589
f 590 622 591
f 591 623 592
f 592 624 593
f 593 625 594
f 594 626 595
f 595 627 596
f 596 628 597
f 597 629 598
f 598 630 599
f 599 631 600
f 600 632 601
f 601 633 602
f 602 634 603
f 603 635 604
f 604 636 605
f 605 637 606
f 606 638 607
f 607 639 608
f 608 640 609
f 609 641 610
f 610 642 611
f 611 643 612
f 612 644 613
f 613 645 614
f 614 646 615
f 615 647 616
f 616 648 617
f 617 649 618
f 618 650 619
f 619 651 620
f 621 653 622
f 622 654 623
f 623 655 624
f 624 656 625
f 625 657 626
f 626 658 627
f 627 659 628
f 628 660 629
f 629 661 630
f 630 662 631
f 631 663 632
f 632 664 633
f 633 665 634
f 634 666 635
f 635 667 636
f 636 668 637
f 637 669 638
f 638 670 639
f 639 671 640
f 640 672 641
f 641 673 642
f 642 674 643
f 643 675 644
f 644 676 645
f 645 677 646
f 646 678 647
f 647 679 648
f 648 680 649
f 649 681 650
f 650 682 651
f 652 684 653
f 653 685 654
f 654 686 655
f 655 687 656
f 656 688 657
f 657 689 658
f 658 690 659
f 659 691 660
f 660 692 661
f 661 693 662
f 662 694 663
f 663 695 664
f 664 696 665
f 665 697 666
f 666 698 667
f 667 699 668
f 668 700 669
f 669 701 670
f 670 702 671
f 671 703 672
f 672 704 673
f 673 705 674
f 674 706 675
f 675 707 676
f 676 708 677
f 677 709 678
f 678 710 679
f 679 711 680
f 680 712 681
f 681 713 682
f 683 715 684
f 684 716 685
f 685 717 686
f 686 718 687
f 687 719 688
f 688 720 689
f 689 721 690
f 690 722 691
f 691 723 692
f 692 724 693
f 693 725 694
f 694 726 695
f 695 727 696
f 696 728 697
f 697 729 698
f 698 730 699
f 699 731 700
f 700 732 701
f 701 733 702
f 702 734 703
f 703 735 704
f 704 736 705
f 705 737 706
f 706 738 707
f 707 739 708
f 708 740 709
f 709 741 710
f 710 742 711
f 711 743 712
f 712 744 713
f 714 746 715
f 715 747 716
f 716 748 717
f 717 749 718
f 718 750 719
f 719 751 720
f 720 752 721
f 721 753 722
f 722 754 723
f 723 755 724
f 724 756 725
f 725 757 726
f 726 758 727
f 727 759 728
f 728 760 729
f 729 761 730
f 730 762 731
f 731 763 732
f 732 764 733
f 733 765 734
f 734 766 735
f 735 767 736
f 736 768 737
f 737 769 738
f 738 770 739
f 739 771 740
f 740 772 741
f 741 773 742
f 742 774 743
f 743 775 744
f 745 777 746
f 746 778 747
f 747 779 748
f 748 780 749
f 749 781 750
f 750 782 751
f 751 783 752
f 752 784 753
f 753 785 754
f 754 786 755
f 755 787 756
f 756 788 757
f 757 789 758
f 758 790 759
f 759 791 760
f 760 792 761
f 761 793 762
f 762 794 763
f 763 795 764
f 764 796 765
f 765 797 766
f 766 798 767
f 767 799 768
f 768 800 769
f 769 801 770
f 770 802 771
f 771 803 772
f 772 804 773
f 773 805 774
f 774 806 775
f 776 808 777
f 777 809 778
f 778 810 779
f 779 811 780
f 780 812 781
f 781 813 782
f 782 814 783
f 783 815 784
f 784 816 785
f 785 817 786
f 786 818 787
f 787 819 788
f 788 820 789
f 789 821 790
f 790 822 791
f 791 823 792
f 792 824 793
f 793 825 794
f 794 826 795
f 795 827 796
f 796 828 797
f 797 829 798
f 798 830 799
f 799 831 800
f 800 832 801
f 801 833 802
f 802 834 803
f 803 835 804
f 804 836 805
f 805 837 806
f 807 839 808
f 808 840 809
f 809 841 810
f 810 842 811
f 811 843 812
f 812 844 813
f 813 845 814
f 814 846 815
f 815 847 816
f 816 848 817
f 817 849 818
f 818 850 819
f 819 851 820
f 820 852 821
f 821 853 822
f 822 854 823
f 823 855 824
f 824 856 825
f 825 857 826
f 826 858 827
f 827 859 828
f 828 860 829
f 829 861 830
f 830 862 831
f 831 863 832
f 832 864 833
f 833 865 834
f 834 866 835
f 835 867 836
f 836 868 837
f 838 870 839
f 839 871 840
f 840 872 841
f 841 873 842
f 842 874 843
f 843 875 844
f 844 876 845
f 845 877 846
f 846 878 847
f 847 879 848
f 848 880 849
f 849 881 850
f 850 882 851
f 851 883 852
f 852 884 853
f 853 885 854
f 854 886 855
f 855 887 856
f 856 888 857
f 857 889 858
f 858 890 859
f 859 891 860
f 860 892 861
f 861 893 862
f 862 894 863
f 863 895 864
f 864 896 865
f 865 897 866
f 866 898 867
f 867 899 868
f 869 901 870
f 870 902 871
f 871 903 872
f 872 904 873
f 873 905 874
f 874 906 875
f 875 907 876
f 876 908 877
f 877 909 878
f 878 910 879
f 879 911 880
f 880 912 881
f 881 913 882
f 882 914 883
f 883 915 884
f 884 916 885
f 885 917 886
f 886 918 887
f 887 919 888
f 888 920 889
f 889 921 890
f 890 922 891
f 891 923 892
f 892 924 893
f 893 925 894
f 894 926 895
f 895 927 896
f 896 928 897
f 897 929 898
f 898 930 899
f 900 932 901
f 901 933 902
f 902 934 903
f 903 935 904
f 904 936 905
f 905 937 906
f 906 938 907
f 907 939 908
f 908 940 909
f 909 941 910
f 910 942 911
f 911 943 912
f 912 944 913
f 913 945 914
f 914 946 915
f 915 947 916
f 916 948 917
f 917 949 918
f 918 950 919
f 919 951 920
f 920 952 921
f 921 953 922
f 922 954 923
f 923 955 924
f 924 956 925
f 925 957 926
f 926 958 927
f 927 959 928
f 928 960 929
f 929 961 930
f 931 963 932
f 932 964 933
f 933 965 934
f 934 966 935
f 935 967 936
f 936 968 937
f 937 969 938
f 938 970 939
f 939 971 940
f 940 972 941
f 941 973 942
f 942 974 943
f 943 975 944
f 944 976 945
f 945 977 946
f 946 978 947
f 947 979 948
f 948 980 949
f 949 981 950
f 950 982 951
f 951 983 952
f 952 984 953
f 953 985 954
f 954 986 955
f 955 987 956
f 956 988 957
f 957 989 958
f 958 990 959
f 959 991 960
f 960 992 961
f 962 994 963
f 963 995 964
f 964 996 965
f 965 997 966
f 966 998 967
f 967 999 968
f 968 1000 969
f 969 1001 970
f 970 1002 971
f 971 1003 972
f 972 1004 973
f 973 1005 974
f 974 1006 975
f 975 1007 976
f 976 1008 977
f 977 1009 978
f 978 1010 979
f 979 1011 980
f 980 1012 981
f 981 1013 982
f 982 1014 983
f 983 1015 984
f 984 1016 985
f 985 1017 986
f 986 1018 987
f 987 1019 988
f 988 1020 989
f 989 1021 990
f 990 1022 991
f 991 1023 992
f 993 1025 994
f 994 1026 995
f 995 1027 996
f 996 1028 997
f 997 1029 998
f 998 1030 999
f 999 1031 1000
f 1000 1032 1001
f 1001 1033 1002
f 1002 1034 1003
f 1003 1035 1004
f 1004 1036 1005
f 1005 1037 1006
f 1006 1038 1007
f 1007 1039 1008
f 1008 1040 1009
f 1009 1041 1010
f 1010 1042 1011
f 1011 1043 1012
f 1012 1044 1013
f 1013 1045 1014
f 1014 1046 1015
f 1015 1047 1016
f 1016 1048 1017
f 1017 1049 1018
f 1018 1050 1019
f 1019 1051 1020
f 1020 1052 1021
f 1021 1053 1022
f 1022 1054 1023
f 1024 1056 1025
f 1025 1057 1026
f 1026 1058 1027
f 1027 1059 1028
f 1028 1060 1029
f 1029 1061 1030
f 1030 1062 1031
f 1031 1063 1032
f 1032 1064 1033
f 1033 1065 1034
f 1034 1066 1035
f 1035 1067 1036
f 1036 1068 1037
f 1037 1069 1038
f 1038 1070 1039
f 1039 1071 1040
f 1040 1072 1041
f 1041 1073 1042
f 1042 1074 1043
f 1043 1075 1044
f 1044 1076 1045
f 1045 1077 1046
f 1046 1078 1047
f 1047 1079 1048
f 1048 1080 1049
f 1049 1081 1050
f 1050 1082 1051
f 1051 1083 1052
f 1052 1084 1053
f 1053 1085 1054
f 1055 1087 1056
f 1056 1088 1057
f 1057 1089 1058
f 1058 1090 1059
f 1059 1091 1060
f 1060 1092 1061
f 1061 1093 1062
f 1062 1094 1063
f 1063 1095 1064
f 1064 1096 1065
f 1065 1097 1066
f 1066 1098 1067
f 1067 1099 1068
f 1068 1100 1069
f 1069 1101 1070
f 1070 1102 1071
f 1071 1103 1072
f 1072 1104 1073
f 1073 1105 1074
f 1074 1106 1075
f 1075 1107 1076
f 1076 1108 1077
f 1077 1109 1078
f 1078 1110 1079
f 1079 1111 1080
f 1080 1112 1081
f 1081 1113 1082
f 1082 1114 1083
f 1083 1115 1084
f 1084 1116 1085
f 1086 1118 1087
f 1087 1119 1088
f 1088 1120 1089
f 1089 1121 1090
f 1090 1122 1091
f 1091 1123 1092
f 1092 1124 1093
f 1093 1125 1094
f 1094 1126 1095
f 1095 1127 1096
f 1096 1128 1097
f 1097 1129 1098
f 1098 1130 1099
f 1099 1131 1100
f 1100 1132 1101
f 1101 1133 1102
f 1102 1134 1103
f 1103 1135 1104
f 1104 1136 1105
f 1105 1137 1106
f 1106 1138 1107
f 1107 1139 1108
f 1108 1140 1109
f 1109 1141 1110
f 1110 1142 1111
f 1111 1143 1112
f 1112 1144 1113
f 1113 1145 1114
f 1114 1146 1115
f 1115 1147 1116
f 1117 1149 1118
f 1118 1150 1119
f 1119 1151 1120
f 1120 1152 1121
f 1121 1153 1122
f 1122 1154 1123
f 1123 1155 1124
f 1124 1156 1125
f 1125 1157 1126
f 1126 1158 1127
f 1127 1159 1128
f 1128 1160 1129
f 1129 1161 1130
f 1130 1162 1131
f 1131 1163 1132
f 1132 1164 1133
f 1133 1165 1134
f 1134 1166 1135
f 1135 1167 1136
f 1136 1168 1137
f 1137 1169 1138
f 1138 1170 1139
f 1139 1171 1140
f 1140 1172 1141
f 1141 1173 1142
f 1142 1174 1143
f 1143 1175 1144
f 1144 1176 1145
f 1145 1177 1146
f 1146 1178 1147
f 1148 1180 1149
f 1149 1181 1150
f 1150 1182 1151
f 1151 1183 1152
f 1152 1184 1153
f 1153 1185 1154
f 1154 1186 1155
f 1155 1187 1156
f 1156 1188 1157
f 1157 1189 1158
f 1158 1190 1159
f 1159 1191 1160
f 1160 1192 1161
f 1161 1193 1162
f 1162 1194 1163
f 1163 1195 1164
f 1164 1196 1165
f 1165 1197 1166
f 1166 1198 1167
f 1167 1199 1168
f 1168 1200 1169
f 1169 1201 1170
f 1170 1202 1171
f 1171 1203 1172
f 1172 1204 1173
f 1173 1205 1174
f 1174 1206 1175
f 1175 1207 1176
f 1176 1208 1177
f 1177 1209 1178
f 1179 1211 1180
f 1180 1212 1181
f 1181 1213 1182
f 1182 1214 1183
f 1183 1215 1184
f 1184 1216 1185
f 1185 1217 1186
f 1186 1218 1187
f 1187 1219 1188
f 1188 1220 1189
f 1189 1221 1190
f 1190 1222 1191
f 1191 1223 1192
f 1192 1224 1193
f 1193 1225 1194
f 1194 1226 1195
f 1195 1227 1196
f 1196 1228 1197
f 1197 1229 1198
f 1198 1230 1199
f 1199 1231 1200
f 1200 1232 1201
f 1201 1233 1202
f 1202 1234 1203
f 1203 1235 1204
f 1204 1236 1205
f 1205 1237 1206
f 1206 1238 1207
f 1207 1239 1208
f 1208 1240 1209
f 1210 1242 1211
f 1211 1243 1212
f 1212 1244 1213
f 1213 1245 1214
f 1214 1246 1215
f 1215 1247 1216
f 1216 1248 1217
f 1217 1249 1218
f 1218 1250 1219
f 1219 1251 1220
f 1220 1252 1221
f 1221 1253 1222
f 1222 1254 1223
f 1223 1255 1224
f 1224 1256 1225
f 1225 1257 1226
f 1226 1258 1227
f 1227 1259 1228
f 1228 1260 1229
f 1229 1261 1230
f 1230 1262 1231
f 1231 1263 1232
f 1232 1264 1233
f 1233 1265 1234
f 1234 1266 1235
f 1235 1267 1236
f 1236 1268 1237
f 1237 1269 1238
f 1238 1270 1239
f 1239 1271 1240
f 1241 1273 1242
f 1242 1274 1243
f 1243 1275 1244
f 1244 1276 1245
f 1245 1277 1246
f 1246 1278 1247
f 1247 1279 1248
f 1248 1280 1249
f 1249 1281 1250
f 1250 1282 1251
f 1251 1283 1252
f 1252 1284 1253
f 1253 1285 1254
f 1254 1286 1255
f 1255 1287 1256
f 1256 1288 1257
f 1257 1289 1258
f 1258 1290 1259
f 1259 1291 1260
f 1260 1292 1261
f 1261 1293 1262
f 1262 1294 1263
f 1263 1295 1264
f 1264 1296 1265
f 1265 1297 1266
f 1266 1298 1267
f 1267 1299 1268
f 1268 1300 1269
f 1269 1301 1270
f 1270 1302 1271
f 1272 1304 1273
f 1273 1305 1274
f 1274 1306 1275
f 1275 1307 1276
f 1276 1308 1277
f 1277 1309 1278
f 1278 1310 1279
f 1279 1311 1280
f 1280 1312 1281
f 1281 1313 1282
f 1282 1314 1283
f 1283 1315 1284
f 1284 1316 1285
f 1285 1317 1286
f 1286 1318 1287
f 1287 1319 1288
f 1288 1320 1289
f 1289 1321 1290
f 1290 1322 1291
f 1291 1323 1292
f 1292 1324 1293
f 1293 1325 1294
f 1294 1326 1295
f 1295 1327 1296
f 1296 1328 1297
f 1297 1329 1298
f 1298 1330 1299
f 1299 1331 1300
f 1300 1332 1301
f 1301 1333 1302
f 1303 1335 1304
f 1304 1336 1305
f 1305 1337 1306
f 1306 1338 1307
f 1307 1339 1308
f 1308 1340 1309
f 1309 1341 1310
f 1310 1342 1311
f 1311 1343 1312
f 1312 1344 1313
f 1313 1345 1314
f 1314 1346 1315
f 1315 1347 1316
f 1316 1348 1317
f 1317 1349 1318
f 1318 1350 1319
f 1319 1351 1320
f 1320 1352 1321
f 1321 1353 1322
f 1322 1354 1323
f 1323 1355 1324
f 1324 1356 1325
f 1325 1357 1326
f 1326 1358 1327
f 1327 1359 1328
f 1328 1360 1329
f 1329 1361 1330
f 1330 1362 1331
f 1331 1363 1332
f 1332 1364 1333
f 1334 1366 1335
f 1335 1367 1336
f 1336 1368 1337
f 1337 1369 1338
f 1338 1370 1339
f 1339 1371 1340
f 1340 1372 1341
f 1341 1373 1342
f 1342 1374 1343
f 1343 1375 1344
f 1344 1376 1345
f 1345 1377 1346
f 1346 1378 1347
f 1347 1379 1348
f 1348 1380 1349
f 1349 1381 1350
f 1350 1382 1351
f 1351 1383 1352
f 1352 1384 1353
f 1353 1385 1354
f 1354 1386 1355
f 1355 1387 1356
f 1356 1388 1357
f 1357 1389 1358
f 1358 1390 1359
f 1359 1391 1360
f 1360 1392 1361
f 1361 1393 1362
f 1362 1394 1363
f 1363 1395 1364
f 1365 1397 1366
f 1366 1398 1367
f 1367 1399 1368
f 1368 1400 1369
f 1369 1401 1370
f 1370 1402 1371
f 1371 1403 1372
f 1372 1404 1373
f 1373 1405 1374
f 1374 1406 1375
f 1375 1407 1376
f 1376 1408 1377
f 1377 1409 1378
f 1378 1410 1379
f 1379 1411 1380
f 1380 1412 1381
f 1381 1413 1382
f 1382 1414 1383
f 1383 1415 1384
f 1384 1416 1385
f 1385 1417 1386
f 1386 1418 1387
f 1387 1419 1388
f 1388 1420 1389
f 1389 1421 1390
f 1390 1422 1391
f 1391 1423 1392
f 1392 1424 1393
f 1393 1425 1394
f 1394 1426 1395
f 1396 1428 1397
f 1397 1429 1398
f 1398 1430 1399
f 1399 1431 1400
f 1400 1432 1401
f 1401 1433 1402
f 1402 1434 1403
f 1403 1435 1404
f 1404 1436 1405
f 1405 1437 1406
f 1406 1438 1407
f 1407 1439 1408
f 1408 1440 1409
f 1409 1441 1410
f 1410 1442 1411
f 1411 1443 1412
f 1412 1444 1413
f 1413 1445 1414
f 1414 1446 1415
f 1415 1447 1416
f 1416 1448 1417
f 1417 1449 1418
f 1418 1450 1419
f 1419 1451 1420
f 1420 1452 1421
f 1421 1453 1422
f 1422 1454 1423
f 1423 1455 1424
f 1424 1456 1425
f 1425 1457 1426
f 1427 1459 1428
f 1428 1460 1429
f 1429 1461 1430
f 1430 1462 1431
f 1431 1463 1432
f 1432 1464 1433
f 1433 1465 1434
f 1434 1466 1435
f 1435 1467 1436
f 1436 1468 1437
f 1437 1469 1438
f 1438 1470 1439
f 1439 1471 1440
f 1440 1472 1441
f 1441 1473 1442
f 1442 1474 1443
f 1443 1475 1444
f 1444 1476 1445
f 1445 1477 1446
f 1446 1478 1447
f 1447 1479 1448
f 1448 1480 1449
f 1449 1481 1450
f 1450 1482 1451
f 1451 1483 1452
f 1452 1484 1453
f 1453 1485 1454
f 1454 1486 1455
f 1455 1487 1456
f 1456 1488 1457
f 1458 1490 1459
f 1459 1491 1460
f 1460 1492 1461
f 1461 1493 1462
f 1462 1494 1463
f 1463 1495 1464
f 1464 1496 1465
f 1465 1497 1466
f 1466 1498 1467
f 1467 1499 1468
f 1468 1500 1469
f 1469 1501 1470
f 1470 1502 1471
f 1471 1503 1472
f 1472 1504 1473
f 1473 1505 1474
f 1474 1506 1475
f 1475 1507 1476
f 1476 1508 1477
f 1477 1509 1478
f 1478 1510 1479
f 1479 1511 1480
f 1480 1512 1481
f 1481 1513 1482
f 1482 1514 1483
f 1483 1515 1484
f 1484 1516 1485
f 1485 1517 1486
f 1486 1518 1487
f 1487 1519 1488
f 1489 1521 1490
f 1490 1522 1491
f 1491 1523 1492
f 1492 1524 1493
f 1493 1525 1494
f 1494 1526 1495
f 1495 1527 1496
f 1496 1528 1497
f 1497 1529 1498
f 1498 1530 1499
f 1499 1531 1500
f 1500 1532 1501
f 1501 1533 1502
f 1502 1534 1503
f 1503 1535 1504
f 1504 1536 1505
f 1505 1537 1506
f 1506 1538 1507
f 1507 1539 1508
f 1508 1540 1509
f 1509 1541 1510
f 1510 1542 1511
f 1511 1543 1512
f 1512 1544 1513
f 1513 1545 1514
f 1514 1546 1515
f 1515 1547 1516
f 1516 1548 1517
f 1517 1549 1518
f 1518 1550 1519
f 1520 1552 1521
f 1521 1553 1522
f 1522 1554 1523
f 1523 1555 1524
f 1524 1556 1525
f 1525 1557 1526
f 1526 1558 1527
f 1527 1559 1528
f 1528 1560 1529
f 1529 1561 1530
f 1530 1562 1531
f 1531 1563 1532
f 1532 1564 1533
f 1533 1565 1534
f 1534 1566 1535
f 1535 1567 1536
f 1536 1568 1537
f 1537 1569 1538
f 1538 1570 1539
f 1539 1571 1540
f 1540 1572 1541
f 1541 1573 1542
f 1542 1574 1543
f 1543 1575 1544
f 1544 1576 1545
f 1545 1577 1546
f 1546 1578 1547
f 1547 1579 1548
f 1548 1580 1549
f 1549 1581 1550
f 1551 1583 1552
f 1552 1584 1553
f 1553 1585 1554
f 1554 1586 1555
f 1555 1587 1556
f 1556 1588 1557
f 1557 1589 1558
f 1558 1590 1559
f 1559 1591 1560
f 1560 1592 1561
f 1561 1593 1562
f 1562 1594 1563
f 1563 1595 1564
f 1564 1596 1565
f 1565 1597 1566
f 1566 1598 1567
f 1567 1599 1568
f 1568 1600 1569
f 1569 1601 1570
f 1570 1602 1571
f 1571 1603 1572
f 1572 1604 1573
f 1573 1605 1574
f 1574 1606 1575
f 1575 1607 1576
f 1576 1608 1577
f 1577 1609 1578
f 1578 1610 1579
f 1579 1611 1580
f 1580 1612 1581
f 1582 1614 1583
f 1583 1615 1584
f 1584 1616 1585
f 1585 1617 1586
f 1586 1618 1587
f 1587 1619 1588
f 1588 1620 1589
f 1589 1621 1590
f 1590 1622 1591
f 1591 1623 1592
f 1592 1624 1593
f 1593 1625 1594
f 1594 1626 1595
f 1595 1627 1596
f 1596 1628 1597
f 1597 1629 1598
f 1598 1630 1599
f 1599 1631 1600
f 1600 1632 1601
f 1601 1633 1602
f 1602 1634 1603
f 1603 1635 1604
f 1604 1636 1605
f 1605 1637 1606
f 1606 1638 1607
f 1607 1639 1608
f 1608 1640 1609
f 1609 1641 1610
f 1610 1642 1611
f 1611 1643 1612
f 1613 1645 1614
f 1614 1646 1615
f 1615 1647 1616
f 1616 1648 1617
f 1617 1649 1618
f 1618 1650 1619
f 1619 1651 1620
f 1620 1652 1621
f 1621 1653 1622
f 1622 1654 1623
f 1623 1655 1624
f 1624 1656 1625
f 1625 1657 1626
f 1626 1658 1627
f 1627 1659 1628
f 1628 1660 1629
f 1629 1661 1630
f 1630 1662 1631
f 1631 1663 1632
f 1632 1664 1633
f 1633 1665 1634
f 1634 1666 1635
f 1635 1667 1636
f 1636 1668 1637
f 1637 1669 1638
f 1638 1670 1639
f 1639 1671 1640
f 1640 1672 1641
f 1641 1673 1642
f 1642 1674 1643
f 1644 1676 1645
f 1645 1677 1646
f 1646 1678 1647
f 1647 1679 1648
f 1648 1680 1649
f 1649 1681 1650
f 1650 1682 1651
f 1651 1683 1652
f 1652 1684 1653
f 1653 1685 1654
f 1654 1686 1655
f 1655 1687 1656
f 1656 1688 1657
f 1657 1689 1658
f 1658 1690 1659
f 1659 1691 1660
f 1660 1692 1661
f 1661 1693 1662
f 1662 1694 1663
f 1663 1695 1664
f 1664 1696 1665
f 1665 1697 1666
f 1666 1698 1667
f 1667 1699 1668
f 1668 1700 1669
f 1669 1701 1670
f 1670 1702 1671
f 1671 1703 1672
f 1672 1704 1673
f 1673 1705 1674
f 1675 1707 1676
f 1676 1708 1677
f 1677 1709 1678
f 1678 1710 1679
f 1679 1711 1680
f 1680 1712 1681
f 1681 1713 1682
f 1682 1714 1683
f 1683 1715 1684
f 1684 1716 1685
f 1685 1717 1686
f 1686 1718 1687
f 1687 1719 1688
f 1688 1720 1689
f 1689 1721 1690
f 1690 1722 1691
f 1691 1723 1692
f 1692 1724 1693
f 1693 1725 1694
f 1694 1726 1695
f 1695 1727 1696
f 1696 1728 1697
f 1697 1729 1698
f 1698 1730 1699
f 1699 1731 1700
f 1700 1732 1701
f 1701 1733 1702
f 1702 1734 1703
f 1703 1735 1704
f 1704 1736 1705
f 1706 1738 1707
f 1707 1739 1708
f 1708 1740 1709
f 1709 1741 1710
f 1710 1742 1711
f 1711 1743 1712
f 1712 1744 1713
f 1713 1745 1714
f 1714 1746 1715
f 1715 1747 1716
f 1716 1748 1717
f 1717 1749 1718
f 1718 1750 1719
f 1719 1751 1720
f 1720 1752 1721
f 1721 1753 1722
f 1722 1754 1723
f 1723 1755 1724
f 1724 1756 1725
f 1725 1757 1726
f 1726 1758 1727
f 1727 1759 1728
f 1728 1760 1729
f 1729 1761 1730
f 1730 1762 1731
f 1731 1763 1732
f 1732 1764 1733
f 1733 1765 1734
f 1734 1766 1735
f 1735 1767 1736
f 1737 1769 1738
f 1738 1770 1739
f 1739 1771 1740
f 1740 1772 1741
f 1741 1773 1742
f 1742 1774 1743
f 1743 1775 1744
f 1744 1776 1745
f 1745 1777 1746
f 1746 1778 1747
f 1747 1779 1748
f 1748 1780 1749
f 1749 1781 1750
f 1750 1782 1751
f 1751 1783 1752
f 1752 1784 1753
f 1753 1785 1754
f 1754 1786 1755
f 1755 1787 1756
f 1756 1788 1757
f 1757 1789 1758
f 1758 1790 1759
f 1759 1791 1760
f 1760 1792 1761
f 1761 1793 1762
f 1762 1794 1763
f 1763 1795 1764
f 1764 1796 1765
f 1765 1797 1766
f 1766 1798 1767
f 1768 1800 1769
f 1769 1801 1770
f 1770 1802 1771
f 1771 1803 1772
f 1772 1804 1773
f 1773 1805 1774
f 1774 1806 1775
f 1775 1807 1776
f 1776 1808 1777
f 1777 1809 1778
f 1778 1810 1779
f 1779 1811 1780
f 1780 1812 1781
f 1781 1813 1782
f 1782 1814 1783
f 1783 1815 1784
f 1784 1816 1785
f 1785 1817 1786
f 1786 1818 1787
f 1787 1819 1788
f 1788 1820 1789
f 1789 1821 1790
f 1790 1822 1791
f 1791 1823 1792
f 1792 1824 1793
f 1793 1825 1794
f 1794 1826 1795
f 1795 1827 1796
f 1796 1828 1797
f 1797 1829 1798
f 1799 1831 1800
f 1800 1832 1801
f 1801 1833 1802
f 1802 1834 1803
f 1803 1835 1804
f 1804 1836 1805
f 1805 1837 1806
f 1806 1838 1807
f 1807 1839 1808
f 1808 1840 1809
f 1809 1841 1810
f 1810 1842 1811
f 1811 1843 1812
f 1812 1844 1813
f 1813 1845 1814
f 1814 1846 1815
f 1815 1847 1816
f 1816 1848 1817
f 1817 1849 1818
f 1818 1850 1819
f 1819 1851 1820
f 1820 1852 1821
f 1821 1853 1822
f 1822 1854 1823
f 1823 1855 1824
f 1824 1856 1825
f 1825 1857 1826
f 1826 1858 1827
f 1827 1859 1828
f 1828 1860 1829
f 1830 1862 1831
f 1831 1863 1832
f 1832 1864 1833
f 1833 1865 1834
f 1834 1866 1835
f 1835 1867 1836
f 1836 1868 1837
f 1837 1869 1838
f 1838 1870 1839
f 1839 1871 1840
f 1840 1872 1841
f 1841 1873 1842
f 1842 1874 1843
f 1843 1875 1844
f 1844 1876 1845
f 1845 1877 1846
f 1846 1878 1847
f 1847 1879 1848
f 1848 1880 1849
f 1849 1881 1850
f 1850 1882 1851
f 1851 1883 1852
f 1852 1884 1853
f 1853 1885 1854
f 1854 1886 1855
f 1855 1887 1856
f 1856 1888 1857
f 1857 1889 1858
f 1858 1890 1859
f 1859 1891 1860

