# https://github.com/mikedh/trimesh
v -0.50124008 0.81998283 0.00501719
v 0.51891788 0.84521902 -0.00258717
v -0.54997095 -0.85343400 -0.01038256
v 0.56560711 -0.84794137 -0.00423157
v -0.00382156 -0.54277349 0.85311980
v -0.00475140 0.54284490 0.86451149
v 0.01149310 -0.52812874 -0.85035969
v 0.01854985 0.53227238 -0.85671355
v 0.84845674 0.00648630 -0.50251006
v 0.84741536 -0.00292270 0.53775888
v -0.86128833 -0.00350064 -0.51514064
v -0.84368661 0.00109820 0.53377236
v -0.03393795 1.01225568 -0.01151574
v -0.02002344 -0.99668265 0.00840654
v -0.31435420 -0.82193386 0.50031350
v 0.30838403 -0.79214982 0.50896890
v -0.30669121 0.82235659 0.49753372
v 0.29790620 0.81602569 0.50699046
v -0.00366095 -0.01200168 1.15572021
v -0.33894373 -0.80073550 -0.49410358
v 0.28935071 -0.80828075 -0.51156920
v -0.29993034 0.78460699 -0.51097393
v 0.31753195 0.82289381 -0.52589606
v -0.00597648 0.00393624 -1.00731059
v 0.82810468 0.48570528 -0.30476261
v 0.79643613 -0.48312844 -0.30927681
v 0.49553299 -0.32963521 -0.78883509
v 0.50903334 0.31805976 -0.79536242
v 0.81320771 0.49232904 0.29941410
v 0.79941459 -0.48355913 0.29149242
v 0.49774858 -0.31594209 0.81935390
v 0.51147485 0.29651163 0.79727221
v 0.99994703 0.01456277 0.00908470
v -0.80642918 0.49619413 -0.30549819
v -0.81193702 -0.49019352 -0.31855036
v -0.49838912 -0.31034636 -0.80249668
v -0.49730434 0.33961741 -0.79103314
v -0.79105615 0.47552595 0.30493319
v -0.81632032 -0.49360734 0.28166868
v -0.48932012 -0.29875612 0.80325933
v -0.51602673 0.30186319 0.81546152
v -0.99230835 0.02457463 -0.00236935
v -0.26405650 0.96380337 0.02111912
v 0.28217242 0.97836096 -0.01293210
v -0.27557342 -0.97170363 0.01805937
v 0.28115821 -0.96560009 -0.00542961
v -0.42807259 -0.87108643 0.24872485
v -0.15490434 -0.66442639 0.69960296
v -0.16913024 -0.96511040 0.24684542
v 0.44018836 -0.85245884 0.26000201
v 0.16461270 -0.69238878 0.70371078
v 0.14414594 -0.95655394 0.26420331
v -0.00939800 -0.85636797 0.51590167
v -0.43789052 0.87290578 0.25501295
v -0.16246836 0.70354545 0.70978336
v -0.14211736 0.92597070 0.27314786
v 0.42810116 0.86428478 0.26994455
v 0.17362103 0.70625294 0.70390752
v 0.18177580 0.94766083 0.26117377
v 0.00959221 0.84403434 0.55166199
v 0.01285650 -0.27281265 1.04744092
v -0.00524984 0.30394602 1.04756436
v -0.44093770 -0.85811206 -0.26009356
v -0.14123385 -0.70173290 -0.68949250
v -0.17018621 -0.96258413 -0.27138915
v 0.41960633 -0.86091228 -0.24751678
v 0.16259381 -0.68628858 -0.68246035
v 0.16570017 -0.94871457 -0.26616629
v -0.01929891 -0.84153394 -0.54680864
v -0.42605645 0.86249664 -0.24637054
v -0.16143528 0.68390208 -0.69775152
v -0.16918268 0.94888503 -0.26236311
v 0.43227397 0.86040285 -0.26988125
v 0.15835243 0.66812039 -0.70393443
v 0.14808318 0.96449968 -0.24762644
v -0.02341231 0.85238981 -0.52724748
v -0.01256059 -0.26688669 -0.96747863
v -0.02121119 0.27006641 -0.96371740
v 0.69505765 0.68727165 -0.15323386
v 0.87149397 0.24614199 -0.44179483
v 0.58682120 0.68139986 -0.40440035
v 0.69628094 -0.71417343 -0.17007934
v 0.86197884 -0.23234257 -0.43602774
v 0.58931497 -0.68202242 -0.42580692
v 0.28725984 -0.44026686 -0.85373804
v 0.70397170 -0.15316768 -0.70790019
v 0.44654276 -0.58924358 -0.68778100
v 0.25164584 -0.17121619 -0.94428564
v 0.70002896 -0.41628635 -0.57327761
v 0.26846578 0.43423011 -0.85263017
v 0.70916968 0.15941513 -0.68506760
v 0.44075377 0.59060011 -0.69246542
v 0.27149009 0.18526851 -0.95358326
v 0.68708324 0.42368863 -0.57310904
v 0.50368473 0.00439014 -0.83634364
v 0.68401988 0.71991417 0.16704574
v 0.85608005 0.26234159 0.41547466
v 0.58099840 0.71011381 0.41459976
v 0.87278567 0.52475223 0.01193595
v 0.69430724 -0.72894422 0.15375022
v 0.86494672 -0.27370331 0.41771964
v 0.59217948 -0.69598394 0.40497548
v 0.84244143 -0.51540226 -0.00568495
v 0.27768492 -0.42632379 0.88471760
v 0.68848996 -0.17624075 0.69346590
v 0.43589826 -0.58455757 0.69475749
v 0.27943706 -0.17197544 1.01620879
v 0.68428364 -0.44083236 0.56891870
v 0.26005683 0.43071492 0.87455329
v 0.71076226 0.15942102 0.72889868
v 0.43644159 0.58018743 0.69752667
v 0.29281154 0.16939332 1.03232424
v 0.67888702 0.38862483 0.59731403
v 0.52972974 0.01835751 0.86236046
v 0.94776211 0.01858154 -0.28617251
v 0.96437908 0.01739673 0.27464050
v 0.95008950 0.26409464 -0.15239120
v 0.94137477 -0.25553786 -0.15553494
v 0.97904906 0.25882725 0.15148189
v 0.95988476 -0.26763144 0.16592924
v -0.69218956 0.71606717 -0.16850409
v -0.86377583 0.22926656 -0.44456993
v -0.56934919 0.68001289 -0.43374313
v -0.70839536 -0.69508843 -0.15848615
v -0.87691088 -0.25188251 -0.43076729
v -0.57873685 -0.69588871 -0.40446930
v -0.25497350 -0.43529124 -0.86889449
v -0.70498437 -0.15031653 -0.69700808
v -0.41238768 -0.58081714 -0.67203302
v -0.25309631 -0.16321512 -0.97396860
v -0.68460811 -0.41585649 -0.58583054
v -0.25321473 0.42822912 -0.86723421
v -0.71335511 0.17696484 -0.69187975
v -0.43123524 0.57180302 -0.69003065
v -0.24555398 0.16800291 -0.95975078
v -0.67103702 0.44246753 -0.57601594
v -0.51626531 0.01386782 -0.84413170
v -0.68448047 0.69268614 0.17861673
v -0.85989432 0.28418245 0.40938159
v -0.57932035 0.69996850 0.42121021
v -0.84522148 0.53471103 0.00692858
v -0.70025639 -0.70374970 0.17285051
v -0.84734064 -0.25870419 0.43481295
v -0.58537930 -0.67573898 0.41267694
v -0.86659960 -0.52423933 -0.01327835
v -0.27552334 -0.44672518 0.89041850
v -0.71491125 -0.15100262 0.67249619
v -0.41878051 -0.60671826 0.67289146
v -0.27649960 -0.18153012 1.01035204
v -0.69352828 -0.41974501 0.58713669
v -0.26636240 0.45717151 0.87311676
v -0.70771020 0.15435306 0.70780713
v -0.41342860 0.60323032 0.68778574
v -0.28836783 0.18782034 1.01398805
v -0.67822296 0.43401692 0.57940544
v -0.54225728 -0.00186964 0.88861506
v -0.93088448 -0.00119913 -0.27309775
v -0.98931737 0.00253839 0.27318213
v -0.96393064 0.27229269 -0.18124889
v -0.95363475 -0.26119927 -0.17744785
v -0.94077563 0.27553230 0.14582280
v -0.96795058 -0.25563844 0.16209388
v -0.41789219 0.91150070 -0.00129020
v -0.13966871 1.00036875 0.00461038
v 0.42458891 0.93153575 0.00814169
v 0.15087719 1.00632472 0.00847194
v -0.41806426 -0.90473042 0.00086727
v -0.11852651 -0.98931719 0.00631191
v 0.40731103 -0.89486872 0.00212619
v 0.13471776 -0.98672978 -0.00527410
v -0.48249717 -0.86501900 0.13445985
v -0.35195916 -0.84877976 0.38405741
v -0.36062269 -0.91623326 0.11747648
v -0.09025255 -0.61971543 0.79403665
v -0.23764170 -0.76465574 0.59642322
v -0.07610143 -0.97038196 0.13694561
v -0.23641931 -0.88568005 0.37487555
v -0.22385713 -0.96960771 0.13633536
v -0.30164319 -0.93084098 0.27758550
v 0.50475054 -0.86808770 0.13598647
v 0.37824451 -0.83449551 0.36585634
v 0.37758491 -0.92991883 0.14682609
v 0.08239698 -0.62469133 0.78688960
v 0.24785240 -0.76901161 0.60232301
v -0.00577549 -0.72388835 0.72695537
v 0.08918913 -0.98794412 0.14703506
v 0.22719977 -0.89188792 0.40689222
v 0.23187302 -0.99309800 0.09280750
v -0.01245485 -0.95112586 0.26073535
v 0.29864595 -0.90894492 0.25346032
v -0.15387993 -0.83067271 0.52486265
v 0.16118581 -0.84740244 0.52542994
v -0.08627339 -0.76454508 0.65108063
v -0.09120245 -0.93907652 0.39450177
v 0.08566395 -0.76760266 0.63318790
v 0.07291616 -0.92250132 0.41481466
v -0.49755029 0.87801211 0.12847772
v -0.36584172 0.85238545 0.39293356
v -0.34838367 0.91243191 0.13522562
v -0.08150678 0.62381616 0.80242719
v -0.24033961 0.75010853 0.59808790
v -0.08597229 0.99671967 0.12329332
v -0.22476584 0.89449194 0.38347405
v -0.23609684 0.96933180 0.14109011
v -0.32244807 0.93054769 0.28385571
v 0.48850367 0.87083071 0.16016472
v 0.38982126 0.83313839 0.38341399
v 0.35634562 0.92249408 0.10328416
v 0.09045348 0.61070115 0.78944223
v 0.23545265 0.76910539 0.60327550
v -0.00958907 0.71010587 0.72838785
v 0.07840474 1.00412772 0.13621730
v 0.23228418 0.90930842 0.37636387
v 0.23228561 0.96041437 0.13819510
v -0.01480978 0.95381015 0.27918533
v 0.30351628 0.91670369 0.25880505
v -0.15107670 0.82341065 0.50581927
v 0.15454098 0.83016651 0.51085136
v -0.08199989 0.77855412 0.61756950
v -0.06234027 0.92511540 0.41436387
v 0.08080391 0.77414816 0.60279279
v 0.07814593 0.88795103 0.39260216
v 0.00925160 -0.40749216 0.97396958
v -0.01279563 -0.15341977 1.10678812
v 0.01039759 0.42593787 0.96865672
v 0.03664467 0.17861297 1.13430148
v -0.48231233 -0.86888595 -0.11519593
v -0.35434629 -0.85057165 -0.38269415
v -0.37544315 -0.92670515 -0.12099538
v -0.08212291 -0.62247266 -0.80072992
v -0.23266727 -0.74908181 -0.59966714
v -0.07917868 -1.00297712 -0.11192940
v -0.23935537 -0.89274408 -0.37739224
v -0.24607526 -0.96716620 -0.13443395
v -0.29679148 -0.90007826 -0.25841635
v 0.46245646 -0.86899826 -0.12873400
v 0.37680457 -0.85928663 -0.40357884
v 0.36481692 -0.92018218 -0.13191098
v 0.06038123 -0.59435342 -0.81864585
v 0.23271716 -0.73355848 -0.60871426
v 0.00278484 -0.71705679 -0.69497805
v 0.06673099 -0.98463531 -0.13145224
v 0.22606824 -0.88036277 -0.40317888
v 0.21191521 -0.96673702 -0.13774245
v 0.00561368 -0.95277261 -0.26992999
v 0.29476129 -0.92244791 -0.26846988
v -0.14671868 -0.84278891 -0.51436682
v 0.15534063 -0.85031147 -0.50889385
v -0.09359835 -0.78013000 -0.60239530
v -0.09544086 -0.91364476 -0.41862442
v 0.07502886 -0.79813957 -0.62457863
v 0.07586401 -0.91139883 -0.38059544
v -0.48104583 0.87282743 -0.13180880
v -0.37797285 0.83390369 -0.40522401
v -0.35740535 0.94385408 -0.12593977
v -0.08749416 0.63543489 -0.78903452
v -0.24451240 0.74409997 -0.61836976
v -0.08519882 1.01167659 -0.13554522
v -0.25105513 0.88374150 -0.38886173
v -0.24065805 0.96791214 -0.12438446
v -0.29740913 0.92345297 -0.27955732
v 0.46405854 0.88035623 -0.11806840
v 0.35655539 0.84638805 -0.38330740
v 0.36476743 0.92680764 -0.13768095
v 0.08342937 0.61752658 -0.78442657
v 0.21485730 0.72270989 -0.61630741
v -0.01961726 0.70593778 -0.70268857
v 0.08539985 0.98325401 -0.13222533
v 0.25268502 0.88226083 -0.37511985
v 0.22860842 0.96953281 -0.11536931
v -0.00861382 0.97517134 -0.27755212
v 0.29205450 0.90352764 -0.25873277
v -0.16771159 0.84080380 -0.53289903
v 0.16922956 0.86221197 -0.51654557
v -0.06142147 0.78693233 -0.59420786
v -0.08112701 0.89413741 -0.38172004
v 0.07962545 0.76777423 -0.62811477
v 0.06280760 0.91097007 -0.41246222
v 0.01781017 -0.39538144 -0.93496829
v -0.01811247 -0.14475595 -1.01353937
v -0.00131767 0.40283397 -0.92431710
v -0.00655793 0.14393848 -0.97337867
v 0.63359010 0.78425475 -0.07081610
v 0.74979204 0.61176859 -0.24860239
v 0.58000654 0.77778841 -0.22460386
v 0.86482920 0.13788425 -0.50169974
v 0.83747181 0.38523555 -0.37229001
v 0.44392491 0.75909801 -0.47163670
v 0.72395273 0.60818373 -0.38763718
v 0.48970293 0.78465028 -0.33196800
v 0.64949677 0.71289464 -0.30182067
v 0.59927497 -0.77485992 -0.07989899
v 0.76685650 -0.62340394 -0.23490768
v 0.56374565 -0.78297016 -0.21999111
v 0.85764060 -0.13822902 -0.46927704
v 0.84425784 -0.39273370 -0.38730958
v 0.44146103 -0.74038389 -0.49020715
v 0.69690249 -0.59384627 -0.35760609
v 0.51434229 -0.77402551 -0.33703761
v 0.65924614 -0.70175287 -0.27614498
v 0.13379388 -0.46586324 -0.87792280
v 0.39514109 -0.38985901 -0.86161848
v 0.21932885 -0.58084859 -0.78692530
v 0.11918429 -0.33854429 -0.92375964
v 0.77071176 -0.07849838 -0.60455306
v 0.59810252 -0.23034533 -0.73353213
v 0.80363506 -0.21255189 -0.57748597
v 0.37929769 -0.72467965 -0.63733869
v 0.46106909 -0.46633209 -0.73633734
v 0.29835523 -0.65855273 -0.71557234
v 0.52007314 -0.65583232 -0.57052182
v 0.34578858 -0.51431726 -0.78152515
v 0.13522417 -0.06582849 -0.96646419
v 0.36716841 -0.20692153 -0.88861696
v 0.14857080 -0.22813563 -0.96162485
v 0.26753283 -0.29902531 -0.90513560
v 0.76640424 -0.47960683 -0.45451157
v 0.61114251 -0.36260504 -0.71023841
v 0.78098437 -0.34709755 -0.52847069
v 0.63203103 -0.54451875 -0.51721339
v 0.70435805 -0.30407721 -0.63093855
v 0.58618582 -0.51511046 -0.63950085
v 0.12304451 0.50652581 -0.85291563
v 0.37443831 0.39091665 -0.83868842
v 0.21888734 0.57643862 -0.79978050
v 0.12608697 0.36658330 -0.92402256
v 0.77333331 0.10632648 -0.61729940
v 0.60096425 0.22956014 -0.74952704
v 0.80518522 0.21680761 -0.55999056
v 0.69411998 -0.00363762 -0.70773550
v 0.37262015 0.71377063 -0.62518232
v 0.50672511 0.44435863 -0.75303237
v 0.30669259 0.65837080 -0.69869149
v 0.47916298 0.63422477 -0.55447368
v 0.33574599 0.50408080 -0.81111116
v 0.14826993 0.08892080 -0.99787604
v 0.38509614 0.23794458 -0.90395654
v 0.12992334 0.22356400 -0.95938747
v 0.28195268 0.00068458 -0.96909028
v 0.26921809 0.29399338 -0.93098500
v 0.77192523 0.46411390 -0.45228784
v 0.60954221 0.35869801 -0.69917393
v 0.78909179 0.34520867 -0.51115568
v 0.63772689 0.53801468 -0.51654849
v 0.69159846 0.30664869 -0.64401781
v 0.55811487 0.51416258 -0.63012477
v 0.53309529 -0.15179164 -0.83479557
v 0.51613359 0.15508011 -0.83289785
v 0.61901337 -0.07734823 -0.79339146
v 0.37977917 -0.10251588 -0.91803768
v 0.63637107 0.09553700 -0.79198153
v 0.38111737 0.09203035 -0.90723466
v 0.59940281 0.79672580 0.08336925
v 0.77472572 0.61112082 0.24795760
v 0.57529379 0.78139747 0.21040818
v 0.69495080 0.72142476 -0.01178117
v 0.84669614 0.13956211 0.49837282
v 0.86143038 0.39689533 0.35710463
v 0.44578536 0.75150936 0.46830958
v 0.68140312 0.60153056 0.37521365
v 0.50485319 0.78500728 0.36058953
v 0.64810239 0.71513053 0.30830982
v 0.84523767 0.52399768 -0.16076016
v 0.85520725 0.51374157 0.14820187
v 0.78881225 0.61166253 -0.07589349
v 0.79302788 0.62134785 0.08255205
v 0.62681068 -0.77464760 0.06275698
v 0.74308045 -0.59068594 0.24193582
v 0.54644521 -0.80865928 0.21350400
v 0.69133161 -0.70545906 0.00114218
v 0.87102388 -0.14500810 0.49211365
v 0.86765142 -0.39292410 0.39104445
v 0.46601591 -0.74995554 0.46789490
v 0.69341993 -0.61177500 0.38118156
v 0.52814090 -0.76850382 0.35795522
v 0.65852996 -0.70724498 0.28179169
v 0.84291101 -0.51296971 -0.15511803
v 0.82222098 -0.52521342 0.13899800
v 0.78224420 -0.63254981 -0.08285157
v 0.78437153 -0.61829432 0.09786516
v 0.12160839 -0.52556223 0.89359632
v 0.40795230 -0.36362322 0.86122307
v 0.22094679 -0.57243668 0.78289617
v 0.13221376 -0.37267893 0.96895011
v 0.80708993 -0.09921806 0.61079658
v 0.62205146 -0.24452194 0.74720191
v 0.77670504 -0.22137709 0.58974317
v 0.37702863 -0.70053285 0.59564817
v 0.47990315 -0.45344514 0.74924677
v 0.29094225 -0.64464058 0.71663289
v 0.51307202 -0.64018107 0.58888843
v 0.33940907 -0.53455499 0.79971101
v 0.16100316 -0.09626828 1.10590667
v 0.39724445 -0.24064169 0.91984147
v 0.15735206 -0.25816496 1.03895781
v 0.28138303 -0.32448450 0.96667678
v 0.75785771 -0.47450624 0.45694208
v 0.59560302 -0.38999743 0.69391970
v 0.77428228 -0.35133826 0.51775490
v 0.65797766 -0.55715809 0.53522286
v 0.71810335 -0.29776385 0.66773457
v 0.57894451 -0.51829227 0.65084316
v 0.14934292 0.50358205 0.89808400
v 0.39552584 0.39067593 0.85336551
v 0.21982004 0.57197142 0.80623440
v 0.11988418 0.38818027 0.98851637
v 0.79137242 0.08134596 0.62267581
v 0.59797998 0.22797312 0.75674687
v 0.79144138 0.22518111 0.56108766
v 0.72385491 -0.01831013 0.69402662
v 0.37186914 0.72156144 0.59469827
v 0.44482890 0.46121046 0.76160161
v 0.28357700 0.63544314 0.69452009
v 0.51511094 0.65509542 0.54706893
v 0.37587402 0.51871321 0.78196126
v 0.16821807 0.10070434 1.12793243
v 0.41463490 0.24340340 0.91508451
v 0.14234280 0.24182199 1.06024877
v 0.28611399 0.02209372 1.04634259
v 0.27378535 0.32632840 0.93316865
v 0.74722596 0.47613581 0.45464555
v 0.60187172 0.37702498 0.70040649
v 0.78191196 0.33032816 0.49412448
v 0.66225847 0.55356029 0.50527940
v 0.71956178 0.30921097 0.64158341
v 0.55836855 0.51287491 0.63559735
v 0.53593490 -0.15687345 0.85514990
v 0.54245344 0.16996269 0.87629874
v 0.64383267 -0.10198114 0.79423937
v 0.40553696 -0.10381851 0.96157727
v 0.61626521 0.07826957 0.79791625
v 0.41330162 0.07606364 0.96016626
v 0.93018262 0.00680631 -0.42153817
v 0.98308703 -0.00136443 -0.11432789
v 0.93548572 0.14233384 -0.34333269
v 0.92105688 -0.12543762 -0.35188329
v 0.90378210 0.00026043 0.41058689
v 0.97794376 0.01015973 0.14751876
v 0.93717109 0.12281895 0.35997727
v 0.94220449 -0.12168336 0.34922850
v 0.89416616 0.40368973 -0.23913713
v 0.99271290 0.16434526 -0.08223751
v 0.91539394 0.25245347 -0.30872959
v 0.93123574 0.39835738 -0.09614900
v 0.95562046 0.13326152 -0.21054358
v 0.88245858 -0.37725500 -0.24417672
v 0.99230596 -0.12650576 -0.07463725
v 0.91136336 -0.26582862 -0.29491810
v 0.89770361 -0.39731395 -0.07595407
v 0.97910357 -0.13307319 -0.22218109
v 0.89283644 0.37750823 0.23626917
v 0.99268017 0.13651981 0.06977099
v 0.91237227 0.23874169 0.31087931
v 0.90659337 0.40245505 0.06909748
v 0.96532398 0.13806885 0.23180301
v 0.94742421 0.27639619 -0.00210939
v 0.88155775 -0.38062789 0.23497756
v 0.98395630 -0.14169830 0.08472598
v 0.91648233 -0.26637637 0.28958139
v 0.90662221 -0.39500454 0.09743453
v 0.96583972 -0.11606863 0.21975234
v 0.95054518 -0.25906949 -0.01182130
v -0.61105712 0.79644230 -0.08501878
v -0.75994855 0.63617967 -0.23445240
v -0.56831646 0.80178244 -0.21443023
v -0.86621566 0.13554378 -0.51334282
v -0.82716500 0.37059746 -0.38818370
v -0.44774823 0.75804121 -0.48362817
v -0.70478249 0.58762146 -0.38030848
v -0.53434790 0.77332923 -0.34160483
v -0.64615013 0.70580288 -0.28517165
v -0.61636929 -0.79196523 -0.08465288
v -0.73912366 -0.60663909 -0.23347625
v -0.57262043 -0.78992854 -0.20807301
v -0.86525541 -0.13327382 -0.49402102
v -0.85426273 -0.37895781 -0.36629400
v -0.44315409 -0.75750856 -0.47852804
v -0.69978017 -0.59434717 -0.38996229
v -0.50672738 -0.77669508 -0.32641787
v -0.66112252 -0.71785028 -0.28680122
v -0.15290680 -0.49339377 -0.87820015
v -0.39593502 -0.39805304 -0.84694737
v -0.20153749 -0.56614804 -0.78749340
v -0.13610329 -0.34108566 -0.91814852
v -0.77142058 -0.09977655 -0.61165232
v -0.62063158 -0.23303235 -0.75639148
v -0.80623303 -0.21100560 -0.55745306
v -0.36582501 -0.70009954 -0.61187372
v -0.47659992 -0.46733140 -0.75638994
v -0.28181229 -0.64222978 -0.70235094
v -0.52677436 -0.64127697 -0.56710718
v -0.36892471 -0.53678308 -0.78750482
v -0.14375958 -0.06249013 -0.98725741
v -0.39857779 -0.24449050 -0.87195007
v -0.14409575 -0.21088236 -0.96112620
v -0.24649960 -0.29487624 -0.92101079
v -0.75159230 -0.46758606 -0.44229892
v -0.60218263 -0.34804663 -0.70824560
v -0.77811533 -0.35390557 -0.51451673
v -0.64614283 -0.56210406 -0.50249068
v -0.70859769 -0.30598281 -0.63403076
v -0.56752400 -0.52121677 -0.63263949
v -0.12175033 0.45302324 -0.86927168
v -0.37405808 0.38518975 -0.84984596
v -0.19414892 0.56199731 -0.79519343
v -0.12990030 0.35839848 -0.91443586
v -0.77140810 0.08080900 -0.59868677
v -0.61473691 0.23481302 -0.73783305
v -0.79119371 0.22606755 -0.57608607
v -0.71413003 -0.00093825 -0.70052512
v -0.37544472 0.70765649 -0.59314969
v -0.45367469 0.45566093 -0.74981412
v -0.28473583 0.63494460 -0.72070005
v -0.49368614 0.66272421 -0.56317010
v -0.34156024 0.50527665 -0.79956415
v -0.12890003 0.06489818 -0.97638782
v -0.39391322 0.24253747 -0.86751938
v -0.10986907 0.21725308 -0.95326709
v -0.27833835 -0.00662060 -0.95906980
v -0.24715462 0.29476301 -0.90941772
v -0.75636803 0.45368937 -0.45524871
v -0.58324791 0.37098253 -0.70077353
v -0.77321678 0.33768140 -0.50108269
v -0.62828770 0.58366797 -0.49736130
v -0.70755293 0.28930961 -0.65649863
v -0.57480257 0.50415795 -0.63442988
v -0.50148682 -0.16381899 -0.83020990
v -0.53412804 0.15278981 -0.85184189
v -0.63947925 -0.08026418 -0.77904585
v -0.40426861 -0.08837981 -0.92458394
v -0.62163898 0.07413259 -0.77715260
v -0.41387813 0.08519959 -0.90671044
v -0.60061331 0.79656665 0.08350363
v -0.76670326 0.58502298 0.23711863
v -0.55420256 0.81262996 0.18267114
v -0.71187439 0.70717727 -0.01238288
v -0.86260384 0.13175233 0.47833092
v -0.84425593 0.36461067 0.36347348
v -0.46465001 0.76876996 0.44899988
v -0.70958422 0.61090469 0.37117283
v -0.50631969 0.77569792 0.35144783
v -0.63649571 0.72916126 0.30481049
v -0.82296652 0.51949215 -0.15514925
v -0.82124910 0.52637364 0.17357770
v -0.77155528 0.64583324 -0.05240421
v -0.79006710 0.64271801 0.08654293
v -0.60971789 -0.78501374 0.08993347
v -0.77175259 -0.61530025 0.22817128
v -0.56750931 -0.78131551 0.22215481
v -0.69818331 -0.71808135 -0.02079939
v -0.85975813 -0.12911691 0.48906836
v -0.82643929 -0.38545287 0.37296437
v -0.48143117 -0.75087241 0.46819786
v -0.71562080 -0.59651719 0.35957254
v -0.52227001 -0.75954821 0.35552614
v -0.63595385 -0.69297807 0.30405581
v -0.83751853 -0.49150284 -0.15699463
v -0.83103423 -0.52157007 0.15252406
v -0.80916229 -0.64303261 -0.06228026
v -0.76206101 -0.62521343 0.08101373
v -0.12825811 -0.51425312 0.90722315
v -0.40071078 -0.38906727 0.82489990
v -0.19715936 -0.57747488 0.81935183
v -0.15312516 -0.37583026 0.97335793
v -0.78127292 -0.05600883 0.64301141
v -0.59137068 -0.24237733 0.77118832
v -0.77634406 -0.20616698 0.57823961
v -0.36581282 -0.71777461 0.60458829
v -0.45056655 -0.46770354 0.76165542
v -0.28585184 -0.66365961 0.70078137
v -0.53361931 -0.65373648 0.54747767
v -0.35943475 -0.52586431 0.78479403
v -0.16139940 -0.13157633 1.11785410
v -0.40375762 -0.26131990 0.91144703
v -0.14421201 -0.25862802 1.04768670
v -0.28446271 -0.31068214 0.95184658
v -0.75249355 -0.46424101 0.45220929
v -0.58660699 -0.37150232 0.69297639
v -0.77987789 -0.34467475 0.51563559
v -0.64378987 -0.53605957 0.51617767
v -0.69681620 -0.29896206 0.66313657
v -0.56493248 -0.52300085 0.63190618
v -0.12781802 0.50489598 0.86783228
v -0.40148263 0.39141326 0.86965570
v -0.23099863 0.57128520 0.80806590
v -0.14664899 0.37463251 0.96871282
v -0.79954164 0.08163121 0.61927712
v -0.62611569 0.23913240 0.77310448
v -0.79018117 0.22436747 0.56463588
v -0.69548945 -0.00948094 0.72583466
v -0.37716128 0.69845744 0.59076118
v -0.47476577 0.44940699 0.75229275
v -0.29998635 0.65535670 0.71286621
v -0.51745579 0.66136355 0.55224612
v -0.36065827 0.50553462 0.79493741
v -0.17892992 0.07659562 1.11391753
v -0.37786173 0.26313596 0.90637062
v -0.14755845 0.25511401 1.04955606
v -0.31140840 -0.00465620 1.01780114
v -0.29522448 0.34639976 0.96159575
v -0.77563625 0.45032643 0.45936800
v -0.60891622 0.37857247 0.69923068
v -0.78596192 0.34890267 0.50361061
v -0.66974012 0.54980018 0.50486933
v -0.70489083 0.29515628 0.64646132
v -0.55823073 0.50251496 0.66316348
v -0.50539666 -0.15540958 0.85928863
v -0.51543536 0.16760329 0.85986835
v -0.62388937 -0.09034981 0.76847655
v -0.41043842 -0.07183608 0.94317618
v -0.62246186 0.08378815 0.77702802
v -0.42645255 0.08087152 0.92858402
v -0.91597063 -0.00372778 -0.37815217
v -0.97940163 -0.00434804 -0.13825205
v -0.90391736 0.15072091 -0.35621983
v -0.92605355 -0.14920317 -0.36236262
v -0.91727928 -0.00903839 0.42390639
v -1.01315511 -0.00183755 0.14262653
v -0.91927358 0.15168467 0.34123501
v -0.93349150 -0.13070257 0.35960477
v -0.89584751 0.37680461 -0.22601383
v -1.00050080 0.12595582 -0.06520799
v -0.89565203 0.27432833 -0.31179812
v -0.92343438 0.38860045 -0.09615333
v -0.97160150 0.14782209 -0.21766865
v -0.90030137 -0.39575208 -0.25301934
v -0.97344892 -0.15755716 -0.07922170
v -0.93379175 -0.27707589 -0.31941384
v -0.90172664 -0.40090105 -0.04972885
v -0.97917231 -0.14627266 -0.21338493
v -0.88461903 0.38243435 0.21404291
v -0.97074908 0.13948330 0.08660455
v -0.92380177 0.27132418 0.29406801
v -0.91294910 0.39684332 0.09690771
v -0.97256335 0.12810766 0.23282916
v -0.96170292 0.26559409 -0.00348013
v -0.88019391 -0.39460167 0.24371389
v -0.96394594 -0.12891272 0.07217040
v -0.93132911 -0.26298604 0.28584782
v -0.93280410 -0.40942136 0.06846497
v -0.95660874 -0.15094766 0.23836526
v -0.97364349 -0.26574875 0.00729130
v -0.46376155 0.89282792 -0.01265239
v -0.36721546 0.93749331 -0.02103474
v -0.07697181 1.00807151 -0.00325656
v -0.21412078 0.96406058 -0.00442406
v 0.46264781 0.86503270 0.00258882
v 0.32525540 0.94240322 -0.00639100
v 0.08005543 1.00691583 -0.00086303
v 0.20382940 0.98283400 0.01566867
v -0.45376662 -0.88390181 0.00299118
v -0.32093489 -0.96108842 0.00581878
v -0.08062236 -0.98195984 -0.00652335
v -0.20800000 -0.99209836 -0.00029004
v 0.47474137 -0.86529051 -0.01554556
v 0.33348325 -0.89410476 0.01106083
v 0.06883389 -0.99152187 -0.03218282
v 0.22534486 -0.97676021 -0.01734752
v -0.49235256 -0.86749235 0.05334711
v -0.45403206 -0.86108654 0.19046913
v -0.44627480 -0.90908702 0.04843646
v -0.33205834 -0.81263942 0.44804213
v -0.40095015 -0.86009009 0.32096235
v -0.32802550 -0.92509859 0.05922590
v -0.39242335 -0.89639900 0.17960886
v -0.35845119 -0.92642873 0.05676365
v -0.42098765 -0.90758013 0.13210423
v -0.05309700 -0.57173564 0.82979225
v -0.13776103 -0.64450907 0.74798482
v -0.28694157 -0.78137815 0.55993713
v -0.17694250 -0.73828180 0.66633903
v -0.04231346 -0.98943795 0.06367397
v -0.12333545 -0.96630078 0.18437092
v -0.13556792 -0.99164961 0.06146804
v -0.27351630 -0.84476931 0.44202321
v -0.18665337 -0.92416814 0.32711726
v -0.29739830 -0.86238614 0.38513098
v -0.24550796 -0.97543318 0.05950437
v -0.19020412 -0.95103313 0.19346605
v -0.16911346 -0.95772991 0.09285770
v -0.28916657 -0.93467082 0.14040412
v -0.14158064 -0.96881634 0.14009749
v -0.35801300 -0.88885377 0.26014241
v -0.22878607 -0.92948463 0.27951691
v -0.33409316 -0.87324902 0.34266368
v -0.34116478 -0.92517040 0.20554902
v -0.26964916 -0.91735827 0.33848724
v -0.26174239 -0.95581420 0.22253116
v 0.49151037 -0.85938428 0.05830889
v 0.46220065 -0.85847682 0.18679163
v 0.44470903 -0.89391108 0.05433282
v 0.35745018 -0.82580481 0.43996089
v 0.39798143 -0.85880545 0.32478500
v 0.31176721 -0.93063399 0.03597764
v 0.37211589 -0.89895540 0.17475764
v 0.38143148 -0.92930733 0.07349795
v 0.42786930 -0.88053864 0.14334902
v 0.05672872 -0.57399504 0.84306621
v 0.12776049 -0.66314008 0.73109397
v -0.01400433 -0.61303945 0.76420905
v 0.27636054 -0.79421814 0.56411829
v 0.20227236 -0.73643611 0.65671352
v -0.10745134 -0.69712402 0.71524517
v 0.05909341 -0.69016426 0.70882939
v -0.03822442 -0.67891248 0.75815020
v 0.04810964 -0.66102107 0.73933094
v 0.05100881 -0.98132626 0.07217298
v 0.13539943 -0.97873848 0.20112801
v 0.11561642 -0.98916692 0.10134769
v 0.00584421 -0.99695813 0.14432926
v 0.26252933 -0.84730570 0.45464921
v 0.19623861 -0.92673897 0.31526609
v 0.31027375 -0.87678348 0.40782281
v 0.25620407 -0.96820270 0.05069983
v 0.21738724 -0.94435731 0.20522033
v 0.18318522 -0.97818848 0.06221806
v 0.31376300 -0.94410988 0.11653883
v 0.14491058 -1.00917854 0.14242449
v -0.07107229 -0.93813517 0.29197171
v 0.07335634 -0.95401465 0.27871972
v -0.03049796 -0.98374709 0.21122595
v 0.04839940 -0.96130772 0.20120020
v 0.36681335 -0.89671989 0.25925498
v 0.22437454 -0.93903335 0.27127310
v 0.34580131 -0.86593464 0.33905199
v 0.33915419 -0.93550761 0.20622032
v 0.28558276 -0.92053303 0.31345184
v 0.25099700 -0.95603775 0.19646865
v -0.24385631 -0.82169371 0.49742260
v -0.07923282 -0.85328580 0.51319219
v -0.18413687 -0.80046258 0.57171570
v -0.20153612 -0.85940068 0.46232715
v 0.23230090 -0.84776218 0.52173860
v 0.08745574 -0.84517183 0.52770942
v 0.19944686 -0.79850341 0.55313915
v 0.19824785 -0.86402547 0.44760458
v -0.13214837 -0.71587742 0.67082440
v -0.04366016 -0.82273550 0.54343719
v -0.17602390 -0.77413619 0.63161680
v -0.06467511 -0.75119677 0.69117905
v -0.11033515 -0.80648661 0.58618814
v -0.12353148 -0.93654930 0.34163455
v -0.03036640 -0.89684718 0.48327103
v -0.18121143 -0.91245547 0.43176441
v -0.04670925 -0.93300971 0.32285384
v -0.12286129 -0.88724487 0.45684277
v 0.12981739 -0.71714280 0.67408141
v 0.06011895 -0.82284762 0.59281081
v 0.16714098 -0.75461887 0.61118895
v 0.03863218 -0.72635186 0.67555427
v 0.12107541 -0.81969034 0.57061389
v 0.00647873 -0.77348414 0.61624638
v 0.11930172 -0.92941745 0.31958029
v 0.05305602 -0.88440072 0.46298323
v 0.13237050 -0.92372047 0.38187697
v 0.03444409 -0.95468668 0.33867876
v 0.12139095 -0.88253995 0.43646932
v 0.01677417 -0.91943751 0.40805372
v -0.51435205 0.85981252 0.07409020
v -0.45746751 0.87738163 0.19380225
v -0.42150465 0.87015693 0.05914060
v -0.33115483 0.82536276 0.43747015
v -0.42681965 0.86962562 0.29964466
v -0.31080237 0.94840951 0.07640754
v -0.37998661 0.88781033 0.18652597
v -0.38571338 0.90109835 0.07562594
v -0.42736514 0.89845997 0.11792255
v -0.04129373 0.57106879 0.82918165
v -0.13440423 0.66769287 0.73621378
v -0.30475941 0.79303441 0.55070729
v -0.21038697 0.75756483 0.65490951
v -0.05779188 0.98904787 0.07080472
v -0.12594575 0.98675914 0.21084032
v -0.12039205 0.99159263 0.07389818
v -0.28015744 0.84656394 0.45450884
v -0.19628705 0.90654136 0.31843594
v -0.31312726 0.86780053 0.37678735
v -0.23172486 0.95450149 0.05303371
v -0.18975313 0.93364703 0.18546618
v -0.17257728 0.96509130 0.05598398
v -0.27737300 0.95283424 0.13279774
v -0.14906791 0.97086706 0.13654671
v -0.37136365 0.92134227 0.26874264
v -0.23688223 0.93505512 0.26444525
v -0.35611208 0.87261514 0.34286136
v -0.34777584 0.91539916 0.21036796
v -0.25278306 0.89326478 0.34321042
v -0.26616474 0.96406385 0.20487168
v 0.50268075 0.86838334 0.07227990
v 0.45079591 0.89146705 0.19170289
v 0.45902458 0.88692936 0.04371960
v 0.32920971 0.82707463 0.45089522
v 0.42641188 0.85615503 0.31897650
v 0.30185481 0.94548272 0.06948331
v 0.37061729 0.91189707 0.20989826
v 0.40888433 0.91081573 0.06627947
v 0.42236383 0.88068025 0.12133901
v 0.02905541 0.58556488 0.83302159
v 0.13705426 0.65162403 0.72864446
v 0.00505106 0.62563112 0.79797146
v 0.28842967 0.77843538 0.56408072
v 0.18701285 0.72958517 0.66403926
v -0.08221947 0.70297783 0.69197010
v 0.07249818 0.70215509 0.69424806
v -0.05133628 0.69158154 0.75273560
v 0.03028836 0.64941310 0.76687970
v 0.00713676 0.99202473 0.07326425
v 0.11486164 0.97747099 0.18473926
v 0.10891588 0.99081445 0.06549474
v 0.00035096 0.99008223 0.14553879
v 0.27006902 0.84408534 0.43957841
v 0.19601866 0.90404813 0.30102613
v 0.28985219 0.87156425 0.37631216
v 0.24079233 0.99949547 0.07848440
v 0.18766289 0.95200701 0.21326313
v 0.16861077 0.99473434 0.07206341
v 0.30496263 0.93751103 0.14181928
v 0.12817109 0.97572414 0.14459939
v -0.07477124 0.93697099 0.27211150
v 0.08531418 0.95822649 0.25517073
v -0.04629733 0.97028608 0.21006564
v 0.04517439 0.99001425 0.20697460
v 0.35144825 0.89169818 0.28672176
v 0.21744068 0.93773971 0.25309247
v 0.32684314 0.88369080 0.33421026
v 0.33814153 0.92654485 0.20810818
v 0.24936569 0.91395042 0.32908104
v 0.25764051 0.94259882 0.18713723
v -0.22116886 0.81638386 0.49176526
v -0.08025355 0.83935024 0.52155064
v -0.18082086 0.79813864 0.56429200
v -0.17269500 0.84997343 0.45699320
v 0.24580580 0.84369555 0.53655211
v 0.06889782 0.85372822 0.52134171
v 0.19019875 0.79116633 0.54530715
v 0.20065141 0.87600830 0.43988193
v -0.11360790 0.73064417 0.64905255
v -0.07386017 0.82925803 0.58153790
v -0.16493405 0.76562328 0.59821990
v -0.03597526 0.74120275 0.67250749
v -0.11843467 0.79369188 0.55087140
v -0.11920161 0.91327392 0.33422837
v -0.03173520 0.86789421 0.47104720
v -0.16174020 0.91007890 0.38531476
v -0.04260494 0.94570436 0.35521700
v -0.11185288 0.88443319 0.44431634
v 0.12435998 0.72982590 0.66120959
v 0.04316148 0.82851357 0.58092887
v 0.16122502 0.77049839 0.63122053
v 0.02936716 0.74338657 0.68356714
v 0.11618048 0.82165837 0.58137597
v 0.02340042 0.79593573 0.60182131
v 0.12226980 0.93812256 0.34176765
v 0.04538066 0.90692737 0.47687322
v 0.14602957 0.89643173 0.36838404
v 0.06138730 0.93917442 0.33142247
v 0.09954403 0.87283857 0.46477974
v -0.00628648 0.90985844 0.39192306
v 0.02252833 -0.48762646 0.89258356
v -0.00937851 -0.37064882 0.99557546
v -0.00625424 -0.10288950 1.13478833
v 0.00206152 -0.26097419 1.09582438
v 0.01893717 0.45670802 0.91185412
v 0.01096758 0.38344622 1.01634038
v -0.02953883 0.06060237 1.12523918
v 0.00497615 0.21471816 1.08215849
v -0.50299349 -0.85325387 -0.08360678
v -0.45997836 -0.86705716 -0.20312556
v -0.43145185 -0.89841494 -0.05002933
v -0.35192632 -0.80943728 -0.42448719
v -0.41712924 -0.85284137 -0.32026540
v -0.33020812 -0.93809714 -0.06021645
v -0.40935151 -0.89653318 -0.18684762
v -0.38491415 -0.93184819 -0.04717501
v -0.43546849 -0.89372782 -0.11909445
v -0.03198925 -0.59541802 -0.82410493
v -0.12362368 -0.65967784 -0.73785329
v -0.26780372 -0.78474587 -0.55211649
v -0.18755564 -0.71327329 -0.67958513
v -0.01509535 -1.00406703 -0.05759412
v -0.14291978 -0.97896940 -0.21420732
v -0.09742505 -0.98109732 -0.06688048
v -0.27699321 -0.84814776 -0.45612533
v -0.20879842 -0.93340834 -0.31574948
v -0.30754075 -0.88544768 -0.38189780
v -0.24110668 -0.94992686 -0.07352783
v -0.18703262 -0.93601047 -0.20248504
v -0.18420762 -0.97546085 -0.07289967
v -0.29010356 -0.95415838 -0.14232314
v -0.14106287 -0.98421838 -0.14572765
v -0.37225586 -0.89371868 -0.25927142
v -0.22133224 -0.91476701 -0.27935854
v -0.34251671 -0.90531980 -0.32253609
v -0.32462711 -0.93104172 -0.20995400
v -0.28316970 -0.92455588 -0.31879102
v -0.23889442 -0.95887011 -0.17985514
v 0.50426659 -0.87743957 -0.05961351
v 0.46876068 -0.86183598 -0.19996313
v 0.46486438 -0.89719475 -0.05892543
v 0.34989596 -0.84020603 -0.46625956
v 0.38347280 -0.86110255 -0.31914242
v 0.29415706 -0.95596055 -0.04839903
v 0.37447900 -0.89181325 -0.19318452
v 0.39024448 -0.94090316 -0.06298134
v 0.40432700 -0.88169055 -0.14340216
v 0.04411901 -0.58294327 -0.81868861
v 0.10129694 -0.65400689 -0.73857344
v -0.00132107 -0.59920547 -0.78313392
v 0.28207538 -0.78074635 -0.53309703
v 0.19014942 -0.73242582 -0.65983853
v -0.07420369 -0.69857610 -0.69992282
v 0.08307221 -0.70799509 -0.71080399
v -0.03637253 -0.68979138 -0.73345719
v 0.03273787 -0.66618441 -0.74714996
v 0.03727926 -1.01553395 -0.07039709
v 0.13882048 -0.96039019 -0.18426589
v 0.10290622 -0.99500048 -0.05452983
v 0.01748954 -0.99127395 -0.14594332
v 0.25052425 -0.83580088 -0.46358511
v 0.20599741 -0.91339479 -0.28600609
v 0.30964902 -0.87143824 -0.38053373
v 0.25335189 -0.95036929 -0.05829404
v 0.18221274 -0.98729071 -0.19481780
v 0.17114579 -0.96421236 -0.08287914
v 0.29233627 -0.95689785 -0.14344207
v 0.17207970 -0.97736598 -0.13551424
v -0.07237350 -0.97037124 -0.27007451
v 0.07360671 -0.93614753 -0.26143922
v -0.03347348 -0.96504871 -0.20267656
v 0.03932613 -0.99914097 -0.19444994
v 0.37170618 -0.89686998 -0.24775681
v 0.21026757 -0.93087943 -0.28128328
v 0.32497650 -0.88549724 -0.30837074
v 0.31578989 -0.93514316 -0.21348423
v 0.29557711 -0.89939157 -0.32094507
v 0.28716003 -0.94138453 -0.22529085
v -0.23978193 -0.84208431 -0.48606218
v -0.09613486 -0.84430832 -0.53058591
v -0.20282976 -0.80131103 -0.56625815
v -0.20682465 -0.88400481 -0.46245806
v 0.22035315 -0.83854234 -0.50982649
v 0.07645445 -0.84217421 -0.52718887
v 0.22112930 -0.81074144 -0.57710630
v 0.21087414 -0.87746964 -0.45284868
v -0.10912895 -0.74025782 -0.66741972
v -0.02875197 -0.81353614 -0.58125107
v -0.17472177 -0.77673647 -0.63631206
v -0.05174591 -0.75735058 -0.66402879
v -0.10976759 -0.82050274 -0.57685226
v -0.13676308 -0.95260090 -0.33798184
v -0.03452337 -0.87916961 -0.45713146
v -0.16467839 -0.93916645 -0.38283375
v -0.02508149 -0.93049683 -0.32311484
v -0.10629809 -0.84610831 -0.45703067
v 0.14045128 -0.72890455 -0.65447677
v 0.03895807 -0.82187640 -0.58854478
v 0.16686796 -0.77578905 -0.63046933
v 0.03115864 -0.75834398 -0.64760694
v 0.11597210 -0.81087932 -0.58629833
v -0.01293249 -0.76976150 -0.62527014
v 0.12552149 -0.91228581 -0.30632093
v 0.04985797 -0.87871200 -0.46128995
v 0.15742827 -0.87961581 -0.40930182
v 0.04016865 -0.96561377 -0.34993160
v 0.12477120 -0.87365896 -0.45668773
v -0.00404864 -0.92491785 -0.40769456
v -0.51108047 0.87348645 -0.04757719
v -0.45475412 0.85915104 -0.20770187
v -0.44157247 0.89007315 -0.08856905
v -0.32575617 0.82834383 -0.44684424
v -0.41628939 0.84443371 -0.31131542
v -0.32854887 0.94739123 -0.05812940
v -0.37435341 0.90393787 -0.19683876
v -0.38720866 0.93259124 -0.05346149
v -0.42767548 0.90412713 -0.13347304
v -0.06087866 0.55949861 -0.80911364
v -0.10316077 0.66474633 -0.74724835
v -0.28264016 0.79240806 -0.55061273
v -0.21950584 0.73608257 -0.66482473
v -0.03286826 1.00361697 -0.05768522
v -0.10936100 0.98116386 -0.21166218
v -0.12307950 1.00462019 -0.06074897
v -0.29428161 0.82762060 -0.43330339
v -0.17342812 0.93422444 -0.32846081
v -0.30429336 0.83578627 -0.39832209
v -0.23464810 0.97742096 -0.09306052
v -0.17699262 0.96789821 -0.18661455
v -0.18207926 0.98157437 -0.08000775
v -0.28588890 0.95904053 -0.14426068
v -0.14693867 0.97283516 -0.12020946
v -0.35624938 0.86233859 -0.25697109
v -0.21975153 0.92910188 -0.26680758
v -0.34106125 0.86858403 -0.32627850
v -0.31116632 0.92867292 -0.17934570
v -0.25820632 0.92085385 -0.32435803
v -0.25183107 0.96963525 -0.18067720
v 0.51037944 0.85118686 -0.07721742
v 0.46331162 0.87139258 -0.21887022
v 0.44815174 0.89730830 -0.06199601
v 0.33604597 0.85722599 -0.43193723
v 0.38835982 0.84644985 -0.31251784
v 0.32317281 0.94778043 -0.06645459
v 0.39463537 0.89074447 -0.20928610
v 0.38877698 0.88713540 -0.07527654
v 0.43757356 0.88676465 -0.14690780
v 0.06391136 0.58466489 -0.82143330
v 0.11347017 0.65298146 -0.74948909
v -0.00346251 0.60801599 -0.78017291
v 0.26627712 0.76263580 -0.57137276
v 0.19877408 0.71468588 -0.68741351
v -0.06255787 0.70612572 -0.71557308
v 0.07335272 0.70624922 -0.69266418
v -0.04917135 0.66519533 -0.75796740
v 0.04386381 0.64589488 -0.77298223
v 0.04145977 0.99524261 -0.05863935
v 0.11353957 0.98854388 -0.19828152
v 0.12867384 0.98652358 -0.04885229
v -0.00168953 0.99191767 -0.12241985
v 0.25182337 0.83850736 -0.42254835
v 0.18157509 0.91680364 -0.31964941
v 0.32495410 0.86256388 -0.38515048
v 0.23242776 0.96102253 -0.05466529
v 0.19501557 0.95998197 -0.19385213
v 0.18052218 0.98281918 -0.07174560
v 0.27702885 0.95548048 -0.14760313
v 0.16349320 1.00514059 -0.11512744
v -0.05340126 0.94707605 -0.26312974
v 0.07061213 0.95087854 -0.28739852
v -0.05688210 0.98893006 -0.19221617
v 0.05569307 0.99236363 -0.19108820
v 0.35814349 0.88993974 -0.25391171
v 0.24760832 0.93110680 -0.27054564
v 0.33353814 0.90235306 -0.31807026
v 0.32649787 0.91300356 -0.19314215
v 0.24968519 0.90288711 -0.33309497
v 0.25421592 0.94685016 -0.19403343
v -0.19589213 0.82838969 -0.50259872
v -0.08840919 0.82756945 -0.50995215
v -0.17296050 0.78923804 -0.56531636
v -0.18437405 0.86983063 -0.48372497
v 0.24608561 0.82554910 -0.50206831
v 0.06671926 0.85911359 -0.51109431
v 0.18854328 0.80777962 -0.57217375
v 0.19219243 0.85751877 -0.45942011
v -0.12936628 0.75354488 -0.66544062
v -0.05438404 0.83462497 -0.56755610
v -0.14719285 0.77126756 -0.60661951
v -0.04164295 0.73197682 -0.66592086
v -0.11701727 0.81413639 -0.56046285
v -0.14385188 0.93910353 -0.34184061
v -0.04440794 0.89062625 -0.46302128
v -0.16887092 0.91459441 -0.39437480
v -0.02931198 0.95731036 -0.33800427
v -0.13271697 0.88091008 -0.45027599
v 0.12571456 0.72512587 -0.68306819
v 0.02973748 0.80648448 -0.56616578
v 0.16103641 0.78324578 -0.61582470
v 0.06191761 0.74434425 -0.65998538
v 0.11478449 0.81840529 -0.55704575
v 0.01028163 0.79923382 -0.62891806
v 0.12920395 0.95688524 -0.32841093
v 0.04013553 0.88278902 -0.46979235
v 0.16363813 0.92272243 -0.38773394
v 0.04185606 0.93276246 -0.34719501
v 0.14976847 0.87444472 -0.45883889
v -0.00510985 0.91894627 -0.40540699
v 0.00206674 -0.44720398 -0.89325425
v 0.00715754 -0.33926685 -0.93129732
v -0.00765826 -0.06357065 -1.00898536
v -0.02168050 -0.22163929 -0.98968190
v -0.01330456 0.46202702 -0.87125428
v -0.01361485 0.34477705 -0.93873425
v -0.00844846 0.05791018 -0.99230439
v 0.00591950 0.20195257 -0.98029361
v 0.57199054 0.80330715 -0.03929918
v 0.66001858 0.76605755 -0.13658306
v 0.54133196 0.82814014 -0.11359385
v 0.78080421 0.55483396 -0.27726631
v 0.72755147 0.66133490 -0.21893344
v 0.51100677 0.80317121 -0.21661585
v 0.64580669 0.74246562 -0.17507881
v 0.52741043 0.83611858 -0.16332037
v 0.59918733 0.79029592 -0.13979754
v 0.85767591 0.06134544 -0.51758951
v 0.84421657 0.21528538 -0.45068753
v 0.81173349 0.44782232 -0.34015358
v 0.82900360 0.31268349 -0.40648836
v 0.40360182 0.79932004 -0.47031716
v 0.52656001 0.73758259 -0.46213488
v 0.42329501 0.81208381 -0.44206624
v 0.76374374 0.57110765 -0.31790290
v 0.66685698 0.63872445 -0.40046667
v 0.72898046 0.62097803 -0.31493714
v 0.46406077 0.80613052 -0.30097073
v 0.55907898 0.73098009 -0.39535030
v 0.44522320 0.83290295 -0.38169078
v 0.54512569 0.79316263 -0.27527876
v 0.50190581 0.78311366 -0.40441941
v 0.69048696 0.71830774 -0.22481942
v 0.62263111 0.68340596 -0.35942303
v 0.69641519 0.64351579 -0.27010011
v 0.59075693 0.73929592 -0.26083415
v 0.68344688 0.65012362 -0.32949269
v 0.60314807 0.75559352 -0.33564336
v 0.55102942 -0.82993207 -0.05107174
v 0.63266379 -0.76524930 -0.14168106
v 0.54463074 -0.81002033 -0.08609197
v 0.77324395 -0.56052686 -0.29053995
v 0.70794118 -0.65740802 -0.19938360
v 0.49591408 -0.82354847 -0.24206185
v 0.64678608 -0.75672541 -0.17811851
v 0.52572784 -0.83032319 -0.16607207
v 0.57780676 -0.80012754 -0.14932878
v 0.85541988 -0.06374280 -0.51711346
v 0.84880941 -0.19840996 -0.45792980
v 0.81764866 -0.42939342 -0.33561140
v 0.86446780 -0.31414276 -0.41671049
v 0.40727765 -0.79525154 -0.48189107
v 0.53061158 -0.72178659 -0.44639825
v 0.40555908 -0.80799869 -0.42686901
v 0.77597315 -0.56034798 -0.33308013
v 0.65487106 -0.64554972 -0.40603404
v 0.73353232 -0.62598601 -0.30335172
v 0.48078512 -0.83064752 -0.29669001
v 0.55801956 -0.74551682 -0.37571355
v 0.44159015 -0.78628966 -0.37730224
v 0.53647394 -0.79667181 -0.27639260
v 0.50123631 -0.77040362 -0.41202018
v 0.69618870 -0.69068890 -0.23122264
v 0.61885055 -0.71441345 -0.36016485
v 0.72681784 -0.66965845 -0.28346817
v 0.61339523 -0.77728584 -0.23767972
v 0.66154811 -0.66143855 -0.33592878
v 0.59870671 -0.74003926 -0.34439098
v 0.04594930 -0.50348503 -0.88466390
v 0.19271063 -0.47001324 -0.85617894
v 0.12098914 -0.58200333 -0.82200889
v 0.07340544 -0.45468841 -0.90028658
v 0.42826265 -0.34723606 -0.82385445
v 0.33828540 -0.38849505 -0.85910997
v 0.17708092 -0.62298797 -0.78332766
v 0.21998059 -0.49695937 -0.80408033
v 0.13754942 -0.59413996 -0.80402781
v 0.17118151 -0.53051248 -0.84032838
v 0.07031864 -0.31922835 -0.94050907
v 0.19362384 -0.41216564 -0.89503658
v 0.07597016 -0.39145583 -0.90608986
v 0.13691507 -0.42691043 -0.89658982
v 0.81396783 -0.05164305 -0.56120036
v 0.75541103 -0.12671648 -0.65862149
v 0.82446515 -0.09825582 -0.53437584
v 0.54672202 -0.27008733 -0.78602884
v 0.66266897 -0.18203734 -0.73847572
v 0.80561868 -0.23925067 -0.52342459
v 0.76990550 -0.19575658 -0.63790266
v 0.83380999 -0.16994558 -0.53409559
v 0.79027842 -0.13591303 -0.59846479
v 0.36383093 -0.75596569 -0.58054215
v 0.41067176 -0.67034675 -0.64257235
v 0.33257122 -0.72159263 -0.61908913
v 0.40476104 -0.73449629 -0.51904946
v 0.47720644 -0.36907892 -0.78188829
v 0.44736077 -0.52416647 -0.70477647
v 0.40936017 -0.42891402 -0.79189627
v 0.24114886 -0.68762591 -0.71471715
v 0.34804779 -0.61226392 -0.70462469
v 0.28480015 -0.69567600 -0.65311653
v 0.25789987 -0.60410817 -0.73898944
v 0.33512879 -0.67553985 -0.64375287
v 0.55186084 -0.65732925 -0.49782914
v 0.46194242 -0.61672523 -0.60817665
v 0.50344798 -0.72345700 -0.51406741
v 0.43819437 -0.68271715 -0.58870435
v 0.30116856 -0.48241426 -0.82841303
v 0.38948031 -0.56777699 -0.75249286
v 0.35260962 -0.46057236 -0.80907412
v 0.26704235 -0.54607120 -0.78935313
v 0.41687009 -0.48591388 -0.75991099
v 0.32143160 -0.58070526 -0.73622458
v 0.04921840 -0.03658186 -0.97877704
v 0.19991680 -0.12565089 -0.94953513
v 0.06797420 -0.09557585 -1.02016574
v 0.44572410 -0.28072575 -0.84802506
v 0.33973938 -0.20297060 -0.92656452
v 0.35205803 -0.29819447 -0.85375236
v 0.06838518 -0.25302818 -0.96223629
v 0.21077501 -0.18399644 -0.93619516
v 0.05991881 -0.19588067 -0.97556482
v 0.14784278 -0.29538109 -0.94772453
v 0.12557173 -0.16660710 -0.98823070
v 0.23785743 -0.36525052 -0.88619681
v 0.27478125 -0.24241076 -0.94374246
v 0.30466050 -0.35675359 -0.87221566
v 0.23220496 -0.34336276 -0.92750751
v 0.33702622 -0.27906770 -0.89891659
v 0.19538206 -0.26523228 -0.93364426
v 0.78276432 -0.50101392 -0.37287776
v 0.72552493 -0.45498567 -0.53222793
v 0.80990189 -0.43584796 -0.41421816
v 0.74697333 -0.53815412 -0.40125216
v 0.53583599 -0.33419346 -0.75407423
v 0.66927959 -0.39956718 -0.63874597
v 0.60378975 -0.31799267 -0.74538632
v 0.52826150 -0.40497138 -0.74439773
v 0.82564330 -0.29302696 -0.46133894
v 0.74895180 -0.36883157 -0.56699256
v 0.81036030 -0.36222276 -0.43360025
v 0.79614700 -0.28952845 -0.54739177
v 0.75275649 -0.39859518 -0.50768183
v 0.62183074 -0.61538910 -0.46007117
v 0.65026546 -0.49387216 -0.55659020
v 0.67541395 -0.56500440 -0.44050998
v 0.56476304 -0.62043426 -0.53213054
v 0.70716803 -0.53159915 -0.50535450
v 0.69729475 -0.23422957 -0.66257405
v 0.68962418 -0.35366262 -0.60475545
v 0.63725474 -0.27455786 -0.68676948
v 0.74390265 -0.25555525 -0.59954873
v 0.64414389 -0.33992064 -0.69904205
v 0.75169391 -0.32833151 -0.58848869
v 0.46516323 -0.54120059 -0.66171640
v 0.61831041 -0.45666673 -0.64918644
v 0.51661179 -0.50600871 -0.67231937
v 0.50863059 -0.59724339 -0.61725856
v 0.59369458 -0.43468662 -0.67505300
v 0.60373072 -0.51569474 -0.59140468
v 0.06871893 0.52653234 -0.87551279
v 0.18544448 0.47269402 -0.86123914
v 0.08984697 0.55138958 -0.80482375
v 0.06185309 0.45418207 -0.89228494
v 0.43367534 0.36136718 -0.81767825
v 0.33602690 0.40269354 -0.85503808
v 0.18919961 0.63901744 -0.75491085
v 0.23019729 0.51902749 -0.84460742
v 0.14107642 0.58933050 -0.79737825
v 0.15694928 0.51884687 -0.82219137
v 0.06065011 0.30681673 -0.92714935
v 0.17927651 0.40878244 -0.89320806
v 0.04861583 0.37580750 -0.92767311
v 0.14625969 0.43234045 -0.90124012
v 0.80394842 0.01915539 -0.57519365
v 0.72673828 0.11790913 -0.65985729
v 0.83054525 0.11744714 -0.55164690
v 0.79101176 -0.00317102 -0.60623895
v 0.56346921 0.29182319 -0.77020379
v 0.64612441 0.18063788 -0.72130932
v 0.84306485 0.22804249 -0.48722387
v 0.74986463 0.18526609 -0.63139466
v 0.81275290 0.15155600 -0.53448912
v 0.77480255 0.14594839 -0.59623591
v 0.67672005 -0.09160482 -0.69567008
v 0.67955890 0.07506782 -0.71837735
v 0.72426024 -0.02871810 -0.64942976
v 0.74276192 0.03306641 -0.64573794
v 0.35429899 0.75869260 -0.54360370
v 0.39941588 0.64406851 -0.64102887
v 0.29843430 0.74025199 -0.61035791
v 0.40711350 0.72649670 -0.53297725
v 0.49530925 0.38616018 -0.79801722
v 0.45400748 0.51003668 -0.74049208
v 0.42306997 0.42367386 -0.79637681
v 0.23402949 0.68727922 -0.69516803
v 0.35576755 0.62709592 -0.70174185
v 0.27068859 0.71091202 -0.65883932
v 0.23602708 0.60790096 -0.75438002
v 0.33217791 0.67269522 -0.66811575
v 0.53208426 0.67647094 -0.48807093
v 0.47437678 0.61769889 -0.60588675
v 0.49220731 0.70376956 -0.50896975
v 0.44222925 0.68649885 -0.58220509
v 0.30941069 0.47618713 -0.83133456
v 0.39205977 0.56604268 -0.74931477
v 0.35902962 0.43331666 -0.80643442
v 0.27706587 0.55508905 -0.80015793
v 0.41752707 0.47882695 -0.77865104
v 0.32799373 0.57850182 -0.75298014
v 0.07684232 0.03994430 -0.98266618
v 0.22819888 0.11554393 -0.97690120
v 0.04811999 0.09583821 -0.98498768
v 0.13661500 0.00283334 -0.98603718
v 0.43397810 0.25419901 -0.84021797
v 0.32802636 0.21422962 -0.92467797
v 0.39448680 0.30098165 -0.87019638
v 0.06421463 0.25134372 -0.95043513
v 0.20561338 0.15704514 -0.96281558
v 0.06631483 0.18877191 -0.98018478
v 0.12386995 0.28023462 -0.95218525
v 0.12448523 0.16808278 -0.97262164
v 0.26582972 -0.07033155 -0.93541382
v 0.26272537 0.08083516 -0.96451982
v 0.18548094 -0.04903568 -0.99023204
v 0.20577567 0.04631883 -0.96876830
v 0.25320636 0.38002258 -0.90358206
v 0.26172637 0.24750585 -0.92164270
v 0.33755342 0.36401550 -0.87061870
v 0.19527289 0.32786390 -0.93199518
v 0.32859903 0.26158620 -0.91329266
v 0.18734976 0.24141048 -0.91504130
v 0.79638447 0.46102133 -0.37746920
v 0.71859782 0.42280125 -0.52508433
v 0.80548419 0.43394810 -0.40253040
v 0.72489727 0.53615010 -0.40639629
v 0.55887540 0.34603172 -0.75924377
v 0.66149870 0.38482162 -0.66717212
v 0.62641163 0.31026500 -0.72152518
v 0.53957061 0.41004987 -0.74032046
v 0.82699537 0.29838791 -0.47685287
v 0.73696247 0.39671446 -0.54367608
v 0.83549773 0.35794562 -0.44708659
v 0.80191382 0.28492003 -0.57356655
v 0.77738724 0.40872516 -0.49130873
v 0.61490072 0.62040225 -0.45646170
v 0.67843779 0.49968921 -0.53841351
v 0.69084624 0.57579344 -0.45555598
v 0.57088195 0.61728840 -0.53989723
v 0.71981119 0.52519646 -0.48651549
v 0.69021364 0.22692040 -0.64479219
v 0.69006799 0.35305802 -0.62057854
v 0.67387237 0.26811719 -0.71706162
v 0.74345194 0.25479350 -0.60875741
v 0.66672837 0.36535230 -0.66159358
v 0.75410096 0.32312157 -0.59192654
v 0.50450331 0.56876097 -0.65864162
v 0.62803950 0.48003718 -0.62062474
v 0.51731158 0.48369997 -0.70239745
v 0.54087808 0.59504190 -0.60631309
v 0.58469190 0.45733003 -0.66978208
v 0.62182788 0.53272089 -0.56548970
v 0.51211841 -0.24482401 -0.82806093
v 0.51052382 -0.08929560 -0.85204773
v 0.57650656 -0.21222806 -0.79741062
v 0.45189311 -0.17928569 -0.86557610
v 0.51892142 0.25057061 -0.83933080
v 0.52072458 0.06160799 -0.85729985
v 0.56881407 0.19581330 -0.79630585
v 0.45000653 0.19055328 -0.86979406
v 0.65288760 -0.13393114 -0.75723220
v 0.57309980 -0.03551757 -0.83183710
v 0.60990222 -0.18660622 -0.78604356
v 0.66788564 -0.05628635 -0.73891505
v 0.56589933 -0.11538774 -0.81922120
v 0.31513494 -0.12369080 -0.92742622
v 0.45743357 -0.03752833 -0.89372619
v 0.38938424 -0.14724640 -0.90583299
v 0.32249885 -0.03564232 -0.94177491
v 0.45398240 -0.11244670 -0.91381159
v 0.66879675 0.14257731 -0.73612618
v 0.55180856 0.05577705 -0.78895259
v 0.62150523 0.14663906 -0.78025604
v 0.66542793 0.04233831 -0.73037406
v 0.57717723 0.09240964 -0.81618471
v 0.62012820 0.02113895 -0.78997143
v 0.31573004 0.11879535 -0.93245312
v 0.44240135 0.05347619 -0.88677604
v 0.40326933 0.16854847 -0.89906014
v 0.34998616 0.06024605 -0.94675040
v 0.45966244 0.13147294 -0.87787058
v 0.39367773 0.00079791 -0.92637495
v 0.56586891 0.77890058 0.04190272
v 0.67742417 0.75293301 0.12895147
v 0.55374788 0.81805202 0.11206975
v 0.61815795 0.78471405 0.00268686
v 0.77895283 0.55614185 0.28117188
v 0.73946795 0.65755332 0.20873617
v 0.50621111 0.80381531 0.21453905
v 0.63210185 0.73664750 0.19396456
v 0.51366165 0.82589204 0.16601659
v 0.58612974 0.78324632 0.14701835
v 0.70159866 0.70269705 -0.07866461
v 0.70679853 0.70660331 0.07246108
v 0.65290732 0.74372401 -0.04693805
v 0.66177044 0.78078496 0.05375757
v 0.86026731 0.07274448 0.51323209
v 0.88073680 0.21277640 0.44913852
v 0.85470873 0.43305487 0.34415436
v 0.84587092 0.30288457 0.38481087
v 0.40609742 0.80360992 0.47452893
v 0.50980600 0.74310023 0.43738042
v 0.42137916 0.82729060 0.43649796
v 0.77829833 0.55548657 0.32195469
v 0.64031442 0.62630844 0.40393795
v 0.71975890 0.60754922 0.29965836
v 0.46834426 0.83146158 0.29850067
v 0.54383749 0.74963351 0.38646470
v 0.42979017 0.83034982 0.34955178
v 0.54795045 0.79641632 0.27731469
v 0.47657530 0.76880891 0.40422841
v 0.65936739 0.71408326 0.22182504
v 0.61065883 0.71323899 0.35290494
v 0.68717022 0.65580039 0.26746991
v 0.61126864 0.77400432 0.24856138
v 0.69478460 0.66392931 0.35189083
v 0.58261823 0.74168100 0.31988609
v 0.83099367 0.52275964 -0.21372391
v 0.82737166 0.53700360 -0.07375636
v 0.80237682 0.55258429 -0.19288042
v 0.80600649 0.52628151 0.22277441
v 0.84697463 0.52249861 0.08563714
v 0.78611688 0.57472039 0.20252668
v 0.75760519 0.66677890 -0.12234902
v 0.79549308 0.57045864 -0.02079945
v 0.76679788 0.60994988 -0.16094428
v 0.75394139 0.64696998 -0.01892269
v 0.81951084 0.58001758 -0.11883788
v 0.76256046 0.65803035 0.13120994
v 0.81912357 0.55989021 0.03943258
v 0.78068941 0.61253064 0.15517358
v 0.74365402 0.65759257 0.02791884
v 0.81338827 0.56040312 0.12620263
v 0.79160500 0.63793771 0.01192561
v 0.56917343 -0.81388479 0.02744882
v 0.66174908 -0.75022073 0.13756919
v 0.54398778 -0.82469390 0.09781219
v 0.62543333 -0.77853153 -0.01147953
v 0.80928105 -0.54849961 0.25724541
v 0.71761945 -0.67726611 0.17594140
v 0.50284529 -0.85471883 0.24204941
v 0.61553406 -0.75402125 0.20799536
v 0.52517773 -0.83095874 0.18747864
v 0.59141215 -0.78357601 0.13804624
v 0.69637753 -0.70720140 -0.08022309
v 0.69176128 -0.70610467 0.08791263
v 0.66864114 -0.74874618 -0.05166417
v 0.66916214 -0.73912042 0.02910965
v 0.83270137 -0.06790014 0.51845028
v 0.87624879 -0.20993472 0.47601903
v 0.81786047 -0.43191413 0.33779777
v 0.86679068 -0.31660715 0.40263714
v 0.39101059 -0.79383361 0.48106753
v 0.51859004 -0.73560109 0.45909470
v 0.42646612 -0.80319671 0.41544722
v 0.76566177 -0.54935854 0.34866435
v 0.64903135 -0.64979159 0.41595993
v 0.72725442 -0.60833942 0.28371465
v 0.47138556 -0.83128023 0.29936321
v 0.55983711 -0.74536147 0.39122637
v 0.44199722 -0.82204617 0.34350962
v 0.54933208 -0.78334317 0.26800471
v 0.47845647 -0.79480305 0.40313067
v 0.65833515 -0.70049292 0.22640555
v 0.62519286 -0.70809199 0.34027888
v 0.70306633 -0.66486187 0.28775165
v 0.61242215 -0.73375230 0.26012850
v 0.67383452 -0.67281554 0.33065250
v 0.58975923 -0.74563589 0.32480124
v 0.82952647 -0.52818741 -0.23106370
v 0.83732525 -0.52583470 -0.06356931
v 0.77691467 -0.56879536 -0.19439724
v 0.83869105 -0.51157979 0.22247051
v 0.85611265 -0.51848091 0.05645683
v 0.80116131 -0.58583196 0.16504374
v 0.72601967 -0.67496773 -0.14745359
v 0.83866356 -0.59095566 -0.03714075
v 0.77956854 -0.59037762 -0.16432797
v 0.76198747 -0.68156013 -0.04158381
v 0.80697275 -0.58341302 -0.11541982
v 0.76125349 -0.63797050 0.12899792
v 0.80379287 -0.58432548 0.04763871
v 0.77845928 -0.60895872 0.15614198
v 0.73247619 -0.66229138 0.04019912
v 0.82886479 -0.57960639 0.12903976
v 0.79882369 -0.59881464 0.02328290
v 0.05440935 -0.53347859 0.87879494
v 0.19126370 -0.50484149 0.90091823
v 0.11387871 -0.54788367 0.84176362
v 0.08278821 -0.45956462 0.92558541
v 0.47289730 -0.36201306 0.84277974
v 0.31023919 -0.39630989 0.87509802
v 0.17332335 -0.65781758 0.74822901
v 0.26348426 -0.50379609 0.82260099
v 0.12364287 -0.56562024 0.79303969
v 0.15697265 -0.53624221 0.85007939
v 0.09102529 -0.34307281 0.99953765
v 0.21300928 -0.42481631 0.93085976
v 0.07129736 -0.38965881 0.96169653
v 0.12861897 -0.43777470 0.93686232
v 0.80128528 -0.05063159 0.57388070
v 0.73994836 -0.09387732 0.66467738
v 0.84195190 -0.10769388 0.55261388
v 0.55904627 -0.26248617 0.78618396
v 0.67624579 -0.20879277 0.74031911
v 0.83334718 -0.24185329 0.52315223
v 0.76142297 -0.18984681 0.62508280
v 0.84063766 -0.18244753 0.53554696
v 0.77909784 -0.14632974 0.58426020
v 0.33888121 -0.74063669 0.57323173
v 0.39383315 -0.65292004 0.62642332
v 0.30860451 -0.72134127 0.59528105
v 0.40306244 -0.73090575 0.52971634
v 0.49107858 -0.36659711 0.79652521
v 0.45682997 -0.50060443 0.72940203
v 0.43824007 -0.41780622 0.79983882
v 0.24820623 -0.68917461 0.70490813
v 0.34753736 -0.62919760 0.68142040
v 0.26420182 -0.69968862 0.67224421
v 0.23289377 -0.60938535 0.74704616
v 0.32713741 -0.68036752 0.65584462
v 0.55108340 -0.66963782 0.52275422
v 0.47216976 -0.61516223 0.61450980
v 0.49833413 -0.71076176 0.51681699
v 0.43465751 -0.68010469 0.57351897
v 0.29162456 -0.49902656 0.83019018
v 0.38779194 -0.54606887 0.75889745
v 0.39185976 -0.45875555 0.81455846
v 0.29196686 -0.56061656 0.80813664
v 0.42318177 -0.50030416 0.78449351
v 0.34003358 -0.57846991 0.74310318
v 0.07876105 -0.04456963 1.13884557
v 0.22657821 -0.13971279 1.05645250
v 0.06313264 -0.11886799 1.10587122
v 0.45624831 -0.30186777 0.86452335
v 0.34965452 -0.20973581 0.98420200
v 0.40251043 -0.30772883 0.88778104
v 0.05982237 -0.28745481 1.04026198
v 0.22387270 -0.19870168 1.04760095
v 0.07905879 -0.19416075 1.08675563
v 0.14694805 -0.31633353 1.01718114
v 0.14844037 -0.18840719 1.07534187
v 0.26559003 -0.36431569 0.94520641
v 0.27573499 -0.25943459 0.99242446
v 0.31757872 -0.33497581 0.91388513
v 0.20699483 -0.34055820 0.98971254
v 0.34029662 -0.26758477 0.92473197
v 0.20255107 -0.28909417 0.98733429
v 0.79640859 -0.45696740 0.36717855
v 0.71875668 -0.43544578 0.51912654
v 0.80299870 -0.43658076 0.41961825
v 0.72350960 -0.52774832 0.42052581
v 0.55848812 -0.35149189 0.75952281
v 0.65244394 -0.41035858 0.63782391
v 0.58017633 -0.31217007 0.73552087
v 0.54753754 -0.42833773 0.71729263
v 0.83943149 -0.29087324 0.46264300
v 0.73173744 -0.40846443 0.55248530
v 0.83147416 -0.35673349 0.43435497
v 0.79335272 -0.28893290 0.54879918
v 0.76601196 -0.40087819 0.50115814
v 0.62303840 -0.62406056 0.47557032
v 0.67999189 -0.50137452 0.55041645
v 0.67718073 -0.56904562 0.44591736
v 0.58875908 -0.61176271 0.52464642
v 0.70092001 -0.51221844 0.48161448
v 0.69733584 -0.23320925 0.67858999
v 0.70222783 -0.36147830 0.60810588
v 0.64921090 -0.22480856 0.70450921
v 0.75685397 -0.25146112 0.59466155
v 0.66924281 -0.33363450 0.66841316
v 0.75441727 -0.32875829 0.58752025
v 0.48082677 -0.55448979 0.67753506
v 0.62258239 -0.48752327 0.60958787
v 0.52593703 -0.50397714 0.68803577
v 0.54974349 -0.58067672 0.60685011
v 0.57935432 -0.43940434 0.68868200
v 0.61266614 -0.56143448 0.58930538
v 0.04722354 0.53889117 0.87135591
v 0.20810705 0.47625979 0.87923007
v 0.12310235 0.56668277 0.86285763
v 0.07757499 0.47359430 0.95446059
v 0.46541517 0.34769586 0.82862755
v 0.35540376 0.43199857 0.88439496
v 0.18427220 0.62856033 0.74134152
v 0.25591235 0.51212347 0.85055573
v 0.12248497 0.60937291 0.78478676
v 0.14321059 0.52389376 0.85192404
v 0.09071201 0.30307902 0.99820019
v 0.20635207 0.39479081 0.92804633
v 0.05589655 0.40097345 0.94980929
v 0.13272890 0.43002766 0.93367903
v 0.81805261 0.05229361 0.57451256
v 0.76548557 0.10172754 0.65293891
v 0.83611802 0.10753967 0.52010414
v 0.79007088 -0.00608694 0.64694826
v 0.55628021 0.28342932 0.77908501
v 0.66456048 0.16573730 0.71586417
v 0.82566768 0.21789176 0.51588450
v 0.74986887 0.20723222 0.61749581
v 0.82073643 0.18033512 0.52298877
v 0.80015184 0.15516990 0.58586320
v 0.71044507 -0.07407497 0.70359671
v 0.70652446 0.07475832 0.69796098
v 0.76130802 -0.01567348 0.64388941
v 0.73731651 0.03876576 0.67853621
v 0.33121299 0.78862651 0.58015135
v 0.37118977 0.65787770 0.65437952
v 0.30037741 0.71265511 0.60936761
v 0.40984019 0.74963137 0.54407302
v 0.47958919 0.41101534 0.81330588
v 0.46780292 0.52478185 0.73778668
v 0.43196302 0.41231337 0.78852827
v 0.23281604 0.64876832 0.71308440
v 0.34589190 0.62260415 0.69439052
v 0.25433088 0.69351144 0.65040984
v 0.27458136 0.61750799 0.74748114
v 0.34543236 0.66544721 0.63574055
v 0.54219177 0.68274183 0.49338718
v 0.47275299 0.62104423 0.62354449
v 0.50063206 0.71345300 0.50778755
v 0.43166156 0.67860673 0.57369181
v 0.30790472 0.49205130 0.83548262
v 0.38947304 0.54779792 0.72899390
v 0.35672047 0.46711262 0.81472961
v 0.28307678 0.54998450 0.79947121
v 0.40721957 0.47030697 0.80300046
v 0.30928839 0.59146674 0.73299924
v 0.09243387 0.03579734 1.15454752
v 0.23215862 0.11809282 1.08470960
v 0.05208252 0.12621940 1.13125934
v 0.15136417 0.01792561 1.11795820
v 0.44682674 0.29613440 0.86958768
v 0.33847116 0.22552265 0.96830901
v 0.38452424 0.31103199 0.92639694
v 0.10566811 0.25492660 1.06239931
v 0.23581229 0.20832491 1.04471617
v 0.06228461 0.20230630 1.10035397
v 0.14235621 0.31097675 1.00998425
v 0.12895653 0.15463070 1.07360831
v 0.29573699 -0.10330836 1.06173618
v 0.26453088 0.07359876 1.03389425
v 0.23413119 -0.06744063 1.08054261
v 0.21613038 0.03519103 1.08855836
v 0.28119721 0.39332813 0.90413912
v 0.29620322 0.26271798 0.99091061
v 0.34141286 0.35090110 0.90708229
v 0.22086633 0.37139615 0.96108525
v 0.34316855 0.29309466 0.92322489
v 0.23911328 0.29016899 1.02046733
v 0.78248148 0.47501654 0.38103655
v 0.72920994 0.43695446 0.53398503
v 0.80658766 0.41424561 0.42173606
v 0.73344389 0.53753336 0.40971415
v 0.54489500 0.32750883 0.76418632
v 0.64785601 0.40625166 0.64116558
v 0.61129305 0.31601001 0.72066969
v 0.54011595 0.44249128 0.72927218
v 0.82168558 0.30359477 0.47006821
v 0.74867777 0.38594266 0.55227148
v 0.80676014 0.37290102 0.44595677
v 0.78525731 0.27655147 0.56478061
v 0.77266248 0.41170652 0.50293716
v 0.61808630 0.64022524 0.45859918
v 0.67779791 0.47047476 0.55432147
v 0.67376455 0.57599603 0.45729305
v 0.59107743 0.61809088 0.55916843
v 0.71102036 0.52510954 0.48454467
v 0.72715906 0.23988969 0.66281836
v 0.68646324 0.35251874 0.61014294
v 0.67244742 0.27105150 0.71822964
v 0.74009463 0.24573939 0.62581881
v 0.62887279 0.31996577 0.65296799
v 0.73695198 0.35355984 0.57414560
v 0.50910012 0.57232153 0.66132906
v 0.61944792 0.47482433 0.62729683
v 0.49873289 0.47535783 0.72470810
v 0.53057701 0.58636577 0.61992711
v 0.58048495 0.44166083 0.67207539
v 0.59930238 0.53305711 0.56185313
v 0.51296992 -0.23998635 0.84707552
v 0.53316548 -0.08917630 0.88867006
v 0.56862076 -0.20167410 0.80172163
v 0.46626590 -0.21437107 0.88400272
v 0.50882031 0.22207726 0.83584325
v 0.51673175 0.10133665 0.85318515
v 0.59281832 0.20319529 0.81644959
v 0.48875047 0.18481418 0.90988234
v 0.66922726 -0.12722409 0.73018573
v 0.58914764 -0.06124040 0.84884913
v 0.61657391 -0.15044910 0.77709268
v 0.66393785 -0.04489181 0.73527718
v 0.59435942 -0.12019443 0.82615550
v 0.36424458 -0.12229682 0.99648038
v 0.49476628 -0.04970087 0.89796864
v 0.41324905 -0.17220740 0.94468530
v 0.37746612 -0.03087706 1.00628439
v 0.46734688 -0.11626711 0.90972837
v 0.67351997 0.12208903 0.73546009
v 0.58375657 0.03318933 0.81859973
v 0.62122338 0.16107714 0.78618544
v 0.67244315 0.02754159 0.76251146
v 0.59748230 0.10784701 0.81237771
v 0.63731822 0.00301230 0.76967493
v 0.37115183 0.13366202 0.99100464
v 0.49533359 0.03543587 0.90294621
v 0.42146608 0.18090989 0.94087590
v 0.37747125 0.05104184 1.01111545
v 0.46924764 0.12269870 0.92064899
v 0.41357756 -0.00926920 0.96367536
v 0.88213148 -0.01082613 -0.48482803
v 0.95735642 0.00103080 -0.32179648
v 0.88270062 0.06697726 -0.44693065
v 0.89435641 -0.08430960 -0.43051708
v 0.99446496 0.00279228 -0.08075631
v 0.99700145 -0.01800107 -0.18341782
v 0.89167616 0.19231366 -0.40541654
v 0.96288711 0.05583221 -0.32721261
v 0.88547181 0.13751059 -0.41600246
v 0.91325428 0.07206163 -0.36346387
v 0.90458720 -0.19191929 -0.40953685
v 0.96462360 -0.05805081 -0.33383764
v 0.88785201 -0.16474644 -0.41646910
v 0.90692004 -0.06938302 -0.36550354
v 0.86767854 0.00989703 0.46160681
v 0.92732689 0.01483987 0.34350459
v 0.88415921 0.07151536 0.43768244
v 0.88203152 -0.07091716 0.45659288
v 0.97793966 -0.01622833 0.07898664
v 0.96112523 -0.00314694 0.20169727
v 0.88023859 0.18672284 0.39506085
v 0.94442389 0.07279823 0.31860767
v 0.90693644 0.13346189 0.41645719
v 0.92870177 0.07052333 0.39127982
v 0.89388665 -0.19869564 0.39524214
v 0.92777820 -0.06132307 0.30822286
v 0.88709505 -0.13677545 0.44653860
v 0.91185294 -0.04870633 0.35610134
v 0.84863028 0.46673546 -0.27313539
v 0.92785961 0.31827963 -0.22506441
v 0.87538093 0.39653654 -0.29537868
v 0.89107251 0.45300398 -0.19223992
v 0.97118497 0.06241959 -0.03973972
v 0.98734727 0.22046135 -0.10361771
v 0.99698607 0.06497735 -0.11139513
v 0.89107068 0.26427475 -0.35451628
v 0.93367934 0.24423761 -0.24680097
v 0.91783391 0.34086767 -0.34520673
v 0.91945095 0.20698882 -0.32703972
v 0.90961249 0.30233620 -0.28717328
v 0.88648416 0.47254380 -0.03752000
v 0.95396746 0.33299765 -0.11970509
v 0.88014674 0.47259680 -0.12698457
v 0.92929756 0.38141914 -0.15158748
v 0.97536813 0.08563708 -0.26071042
v 0.95040536 0.19501084 -0.18306671
v 0.99182059 0.03577569 -0.18330096
v 0.95080258 0.13673945 -0.28563858
v 0.97768557 0.13455826 -0.17406527
v 0.95480834 0.17000582 -0.26387335
v 0.84143716 -0.44077815 -0.28680015
v 0.93402120 -0.32179158 -0.19417538
v 0.88222691 -0.37266257 -0.31040847
v 0.87782045 -0.44895644 -0.18955327
v 0.99826474 -0.09756805 -0.04481327
v 0.97154472 -0.20514209 -0.13180060
v 0.99278129 -0.07559285 -0.10326121
v 0.90601386 -0.26320521 -0.35902162
v 0.92125642 -0.27671660 -0.23690661
v 0.87074457 -0.32494357 -0.33891038
v 0.94100614 -0.20523503 -0.31617416
v 0.89321896 -0.32922445 -0.26130293
v 0.88818836 -0.49362487 -0.04233430
v 0.94017944 -0.35069679 -0.12863278
v 0.87524074 -0.45659223 -0.10515343
v 0.88831948 -0.40520808 -0.14282503
v 0.98038143 -0.04662026 -0.24795693
v 0.97303330 -0.22710707 -0.18671820
v 0.96982089 -0.08355047 -0.19274079
v 0.95937750 -0.11523083 -0.29601955
v 0.97495001 -0.11954811 -0.15981428
v 0.94720669 -0.19199954 -0.24762503
v 0.84915881 0.41109837 0.27209942
v 0.93186414 0.31977215 0.19417246
v 0.85822152 0.39079653 0.30939255
v 0.87158088 0.45408040 0.21312665
v 1.00064319 0.06575995 0.02784196
v 0.96735936 0.19836565 0.14004246
v 0.99716779 0.06265742 0.11915911
v 0.99839044 0.12808440 0.00538960
v 0.87877453 0.26379969 0.39230480
v 0.94756015 0.27154201 0.24278535
v 0.89118053 0.31108749 0.33383821
v 0.91458713 0.20393309 0.34148085
v 0.92994986 0.32427825 0.25737304
v 0.88829276 0.46391006 0.04451520
v 0.93549400 0.33841356 0.11614650
v 0.88305165 0.47264514 0.12205814
v 0.92275939 0.39364870 0.01038920
v 0.90384288 0.38656193 0.15862725
v 0.96232656 0.06480119 0.24104412
v 0.98140896 0.20914025 0.19748070
v 0.98707849 0.06567195 0.18933338
v 0.94522175 0.13181303 0.28096074
v 0.99371096 0.14717418 0.16443883
v 0.95757615 0.17134980 0.26271501
v 0.97263588 0.27139749 -0.09997633
v 0.96411960 0.27345150 0.07503899
v 0.96519286 0.19311055 -0.07631121
v 0.94430587 0.32380597 -0.04547969
v 0.97635382 0.19878054 0.05921085
v 0.93107695 0.33073460 0.01560489
v 0.84394216 -0.46794713 0.28277181
v 0.92269533 -0.33365087 0.21053402
v 0.85669476 -0.38896167 0.29704211
v 0.85660108 -0.45796497 0.19012851
v 0.99430187 -0.08065284 0.02196189
v 0.98747327 -0.19500323 0.11756715
v 0.99335188 -0.07927523 0.11407468
v 0.97315655 -0.12875978 0.00365364
v 0.89034259 -0.25483800 0.36703766
v 0.95527570 -0.25723877 0.21397175
v 0.87057958 -0.30591365 0.33230754
v 0.92639793 -0.20521182 0.34804589
v 0.91841143 -0.31672291 0.26555370
v 0.88100049 -0.44807641 0.03467618
v 0.90978306 -0.31403422 0.13428830
v 0.86392706 -0.45757594 0.12692570
v 0.91870903 -0.38131940 0.01485157
v 0.89576160 -0.39566123 0.17214580
v 0.97801420 -0.07034455 0.26094560
v 0.95164642 -0.18829364 0.17119111
v 0.98737409 -0.04212668 0.19774295
v 0.93838511 -0.16732375 0.29343720
v 0.99230594 -0.13177670 0.15456015
v 0.92823085 -0.20539109 0.24643558
v 0.94529525 -0.27217111 -0.06488269
v 0.96480600 -0.27499258 0.07925908
v 0.96727853 -0.20759747 -0.03947995
v 0.92329733 -0.33124853 -0.04934799
v 0.99113095 -0.21206570 0.04313061
v 0.93082194 -0.32866276 0.01990992
v -0.57902659 0.80824098 -0.06018247
v -0.66137146 0.74174174 -0.12893390
v -0.56466968 0.81818783 -0.11581149
v -0.77402957 0.56031934 -0.25869497
v -0.71735002 0.67702030 -0.19895954
v -0.50088833 0.83156429 -0.24157606
v -0.62646209 0.75475854 -0.18117012
v -0.52548680 0.84370970 -0.18839209
v -0.58741702 0.79044261 -0.15404414
v -0.86295567 0.07241311 -0.49583309
v -0.86767451 0.20525984 -0.45502699
v -0.81544684 0.45577432 -0.33285027
v -0.85850697 0.31038608 -0.38822085
v -0.39129392 0.79657853 -0.48381492
v -0.50220023 0.72503150 -0.45080654
v -0.43867973 0.81128971 -0.42624338
v -0.76643039 0.54889618 -0.32541771
v -0.64370792 0.65786646 -0.40142580
v -0.72995110 0.61800582 -0.30716016
v -0.45982101 0.82371268 -0.27988194
v -0.55838686 0.73397002 -0.38368721
v -0.44936423 0.81671057 -0.36464822
v -0.52911874 0.78614077 -0.26490999
v -0.47430630 0.77600336 -0.40885684
v -0.64839760 0.67614098 -0.23258253
v -0.61890415 0.70502056 -0.35933947
v -0.69270914 0.66485833 -0.25288209
v -0.61617128 0.75675750 -0.23393316
v -0.68466373 0.65763210 -0.34935433
v -0.57719304 0.73797695 -0.31312530
v -0.58385880 -0.81711573 -0.05110058
v -0.65513529 -0.73834742 -0.09277308
v -0.54544999 -0.82005165 -0.08342814
v -0.77168520 -0.56569563 -0.26607980
v -0.72522090 -0.64503747 -0.19188692
v -0.52380264 -0.83586575 -0.21495402
v -0.62353598 -0.75909948 -0.19240286
v -0.53172283 -0.84620746 -0.21139981
v -0.58864374 -0.80270446 -0.15587947
v -0.86924227 -0.07090254 -0.51209888
v -0.84799397 -0.20032538 -0.45374547
v -0.82933744 -0.42807955 -0.34202751
v -0.87991095 -0.30140145 -0.38599891
v -0.37513449 -0.80548943 -0.47044909
v -0.51889777 -0.73577718 -0.45560940
v -0.40225592 -0.81133039 -0.42980968
v -0.77018890 -0.54685458 -0.35279912
v -0.64320506 -0.65120806 -0.37577740
v -0.74091682 -0.60521939 -0.29410748
v -0.46627880 -0.84400148 -0.30203547
v -0.54889233 -0.72980977 -0.38900676
v -0.42921022 -0.79974123 -0.37054888
v -0.55814574 -0.79095488 -0.27329073
v -0.47286426 -0.78614422 -0.41571033
v -0.69531889 -0.71508295 -0.21481305
v -0.59300531 -0.68705729 -0.36206337
v -0.70718877 -0.63175370 -0.25132826
v -0.60682043 -0.75425240 -0.26279193
v -0.67733403 -0.63011698 -0.33580806
v -0.58621324 -0.74043628 -0.32371818
v -0.05283732 -0.51707021 -0.85735033
v -0.20305116 -0.44889482 -0.86287698
v -0.11449632 -0.55741448 -0.82695640
v -0.04768154 -0.43828739 -0.88897605
v -0.45455279 -0.36093998 -0.84708839
v -0.32997867 -0.40082542 -0.85500688
v -0.17405580 -0.64801671 -0.75261488
v -0.24066464 -0.51647373 -0.85687499
v -0.15761055 -0.58423190 -0.81159415
v -0.16271988 -0.51899956 -0.83312159
v -0.06312477 -0.31880912 -0.94649085
v -0.17949950 -0.38396358 -0.88479686
v -0.06320631 -0.38349311 -0.91912464
v -0.14747323 -0.43320941 -0.89623199
v -0.84104140 -0.04101840 -0.57413150
v -0.74739253 -0.12328285 -0.66485115
v -0.80272536 -0.13033952 -0.56142700
v -0.57695560 -0.27062223 -0.77579761
v -0.63539506 -0.20910303 -0.72101413
v -0.84221368 -0.23920394 -0.49745254
v -0.76874156 -0.19067992 -0.64338225
v -0.82752950 -0.16396250 -0.54801744
v -0.79278646 -0.16528609 -0.62384198
v -0.35597877 -0.76959945 -0.56831865
v -0.41446897 -0.63519452 -0.64674875
v -0.29337340 -0.71870900 -0.60475547
v -0.38419242 -0.73042005 -0.53581985
v -0.49615227 -0.38744812 -0.78208648
v -0.44774912 -0.52014900 -0.72165491
v -0.44408708 -0.42572889 -0.80844508
v -0.23605959 -0.68915880 -0.70580070
v -0.37296415 -0.60803441 -0.70760541
v -0.26545482 -0.73011693 -0.65954709
v -0.24421173 -0.61137328 -0.74262581
v -0.33321614 -0.68360913 -0.64855394
v -0.54849734 -0.66595349 -0.50455113
v -0.47785376 -0.65339276 -0.62830903
v -0.49908749 -0.71474130 -0.50933109
v -0.44293115 -0.67551972 -0.59464728
v -0.29929211 -0.47717089 -0.82403977
v -0.38929069 -0.53482457 -0.75234975
v -0.36428184 -0.44469569 -0.80603392
v -0.27513862 -0.55178495 -0.78912523
v -0.39088151 -0.47415000 -0.77805794
v -0.32057208 -0.58587047 -0.73005269
v -0.07239420 -0.02602175 -0.97766399
v -0.20056590 -0.09615573 -0.97547004
v -0.06934866 -0.10172260 -0.99804338
v -0.44348903 -0.28899591 -0.85772621
v -0.32472147 -0.21755942 -0.91557022
v -0.37716605 -0.30916507 -0.86205325
v -0.05884779 -0.25707821 -0.96034070
v -0.19597337 -0.19985709 -0.95687603
v -0.07959527 -0.21363573 -0.97642105
v -0.12985392 -0.26841574 -0.95168834
v -0.12271065 -0.16203792 -0.99293441
v -0.26631936 -0.36570138 -0.89186563
v -0.25050752 -0.21786960 -0.95063591
v -0.33032121 -0.31673678 -0.86562758
v -0.21120435 -0.33837513 -0.89753338
v -0.33590970 -0.25415222 -0.92811083
v -0.19984689 -0.27207326 -0.93853653
v -0.76872890 -0.47818557 -0.36852589
v -0.70919922 -0.42629552 -0.51657516
v -0.82439742 -0.44414359 -0.40296326
v -0.72573342 -0.52197172 -0.41659429
v -0.55679217 -0.36260665 -0.77299157
v -0.64786751 -0.40741923 -0.66882667
v -0.58802256 -0.30485420 -0.73159596
v -0.53545343 -0.41461972 -0.74785336
v -0.81492347 -0.31076195 -0.48862001
v -0.72285668 -0.38565472 -0.54619418
v -0.83922191 -0.34509748 -0.45719687
v -0.80402667 -0.28538221 -0.55694349
v -0.78343006 -0.40256602 -0.46885003
v -0.62225476 -0.62824868 -0.47011006
v -0.66733010 -0.51160989 -0.53212083
v -0.69620881 -0.59257957 -0.41917467
v -0.58334976 -0.61957792 -0.53918660
v -0.67614506 -0.51696086 -0.49850665
v -0.70096646 -0.22492733 -0.68215133
v -0.69383137 -0.38842443 -0.61332017
v -0.65360154 -0.26580790 -0.71254157
v -0.73246387 -0.24647656 -0.59397426
v -0.66021392 -0.32486029 -0.65725747
v -0.72746795 -0.33275514 -0.58351190
v -0.50374023 -0.55539414 -0.66917242
v -0.60652774 -0.45201654 -0.62045424
v -0.50674320 -0.49198041 -0.71921163
v -0.56314811 -0.59196263 -0.58291329
v -0.58196560 -0.43704315 -0.66582614
v -0.63095229 -0.54324008 -0.58134578
v -0.05006457 0.51154424 -0.88002372
v -0.21670330 0.46416546 -0.86322176
v -0.12347400 0.53505154 -0.82602339
v -0.08172648 0.44974788 -0.89584553
v -0.44622555 0.36661743 -0.83850630
v -0.33625262 0.39902373 -0.88455499
v -0.17813549 0.64232770 -0.74888778
v -0.23778324 0.50301266 -0.84945605
v -0.14971814 0.59402657 -0.78057508
v -0.16944041 0.54105402 -0.82299132
v -0.09077329 0.30716661 -0.93893756
v -0.20193785 0.39679292 -0.88649584
v -0.07841071 0.38358804 -0.90247590
v -0.13147447 0.41349688 -0.89689136
v -0.82395178 0.02531769 -0.56449061
v -0.74467615 0.09832585 -0.64189823
v -0.83867144 0.10717558 -0.54651434
v -0.78814502 -0.01546674 -0.64622916
v -0.56169356 0.27627162 -0.80066122
v -0.66112007 0.21464518 -0.74023983
v -0.78191625 0.24162618 -0.51888485
v -0.74481695 0.18444369 -0.61868260
v -0.84623655 0.18079745 -0.54263144
v -0.78613392 0.16574777 -0.59320431
v -0.69257813 -0.08428434 -0.68929816
v -0.71694263 0.07743569 -0.70043083
v -0.76750409 -0.05199906 -0.66824739
v -0.72865816 0.04236908 -0.67508180
v -0.35639905 0.75898756 -0.56657567
v -0.39768278 0.63576464 -0.65995886
v -0.29537047 0.71175684 -0.57809471
v -0.42375471 0.71673867 -0.52970985
v -0.47264766 0.39846128 -0.77953342
v -0.45688400 0.52038208 -0.72367667
v -0.41656884 0.42737958 -0.79445515
v -0.21839109 0.64499444 -0.71071210
v -0.34734228 0.61349970 -0.69796082
v -0.27617772 0.70362874 -0.66477307
v -0.28013082 0.61555063 -0.74426526
v -0.34565509 0.65358757 -0.65785513
v -0.56814839 0.68147347 -0.50010958
v -0.49120398 0.60989433 -0.60671062
v -0.48849381 0.69334863 -0.52241033
v -0.45947607 0.68839130 -0.60316450
v -0.29763248 0.48794995 -0.81473263
v -0.38907553 0.54745133 -0.73796910
v -0.36356852 0.45331160 -0.81684053
v -0.27773961 0.53901041 -0.80047283
v -0.39503077 0.49109025 -0.76411454
v -0.30198851 0.57463961 -0.75311585
v -0.07169423 0.05170568 -1.01466100
v -0.20711628 0.13228218 -0.99182210
v -0.05831419 0.12976038 -0.98668919
v -0.14397312 -0.00559757 -1.00329412
v -0.44547642 0.28620364 -0.84028361
v -0.35310395 0.19165744 -0.91989659
v -0.39024477 0.27758896 -0.86718584
v -0.05997919 0.24724189 -0.96754642
v -0.18692267 0.17431789 -0.96488723
v -0.06170365 0.22141572 -0.99046453
v -0.12297744 0.31114104 -0.93839981
v -0.12258909 0.16698984 -1.00122045
v -0.25921902 -0.08693734 -0.94171157
v -0.26012958 0.08480989 -0.95824430
v -0.21565905 -0.02976904 -0.99858361
v -0.20265419 0.03704277 -0.96654513
v -0.26237393 0.35823656 -0.88321341
v -0.24264128 0.22005321 -0.91876634
v -0.33284737 0.33665576 -0.88505967
v -0.21098399 0.35083093 -0.91274367
v -0.31814980 0.25412498 -0.89736004
v -0.20981956 0.27880766 -0.96600970
v -0.77666688 0.46668754 -0.40063741
v -0.72231874 0.45911629 -0.50842567
v -0.80769551 0.42060229 -0.40391450
v -0.74908081 0.52313619 -0.40748240
v -0.54652868 0.34276784 -0.74471064
v -0.66687755 0.40589804 -0.62193948
v -0.61053003 0.28987295 -0.71902023
v -0.52948710 0.42976643 -0.72580130
v -0.83025908 0.30167688 -0.49031202
v -0.70476074 0.37578225 -0.55710584
v -0.82408696 0.37211056 -0.42874397
v -0.79579672 0.28648740 -0.53536721
v -0.74476731 0.40614303 -0.48227492
v -0.59818852 0.61113777 -0.47042094
v -0.66790059 0.48324219 -0.55433058
v -0.67569565 0.59921576 -0.43197279
v -0.58808342 0.59652243 -0.52824623
v -0.72261639 0.51184137 -0.49863736
v -0.72300081 0.23258287 -0.68940816
v -0.70436802 0.37732809 -0.59964404
v -0.67291239 0.25627996 -0.71567111
v -0.76562786 0.27164807 -0.59979945
v -0.64724102 0.32286427 -0.66943838
v -0.74280725 0.32195606 -0.57642071
v -0.47958110 0.55178712 -0.67448007
v -0.64074115 0.48831047 -0.61310871
v -0.54738544 0.48704160 -0.69443355
v -0.55996680 0.56386786 -0.59460526
v -0.58814969 0.42603035 -0.67852885
v -0.60307878 0.52899670 -0.59172880
v -0.51078503 -0.23425805 -0.80552183
v -0.50792289 -0.07220891 -0.85621726
v -0.57203832 -0.22465085 -0.80247494
v -0.45930162 -0.20643176 -0.85974137
v -0.49595866 0.21077095 -0.82227874
v -0.51875551 0.07076148 -0.85690044
v -0.54363767 0.20615925 -0.77562670
v -0.46375422 0.18520289 -0.87190735
v -0.65235331 -0.10521182 -0.71502138
v -0.58239285 -0.05834808 -0.80545373
v -0.60448211 -0.15263256 -0.75416646
v -0.67738697 -0.06053744 -0.71837432
v -0.56740510 -0.12274090 -0.80232004
v -0.30510634 -0.12048635 -0.91378564
v -0.46299558 -0.01767563 -0.88229269
v -0.37926506 -0.16107448 -0.89731326
v -0.33123466 -0.04629338 -0.94016990
v -0.45211316 -0.12101874 -0.88581055
v -0.65758322 0.13906938 -0.73982190
v -0.58665099 0.02999741 -0.81713270
v -0.59523730 0.14694691 -0.75781308
v -0.66979849 0.03243985 -0.74999310
v -0.55697960 0.11336850 -0.79548144
v -0.59737757 -0.01060799 -0.79862803
v -0.35388728 0.12930706 -0.94609851
v -0.47203413 0.03151854 -0.86830864
v -0.38612261 0.16826428 -0.92628496
v -0.34473090 0.04038857 -0.94333033
v -0.45734723 0.13915368 -0.87127582
v -0.39145716 -0.00191602 -0.92144510
v -0.57821432 0.81756187 0.02013147
v -0.66373831 0.74461493 0.11482863
v -0.55285189 0.80413130 0.09927111
v -0.61800613 0.80014030 0.00097549
v -0.78893629 0.54720341 0.27369584
v -0.73473215 0.66438832 0.19217288
v -0.49667023 0.82187371 0.21849530
v -0.65289040 0.76028051 0.17973028
v -0.53577668 0.86119274 0.15754918
v -0.59609231 0.77278848 0.13901668
v -0.69500340 0.70448291 -0.05824851
v -0.71288088 0.69970423 0.06266437
v -0.66147233 0.73913454 -0.04320486
v -0.67162031 0.75409952 0.03191591
v -0.85955335 0.06349634 0.49645628
v -0.86651906 0.19525201 0.46590802
v -0.85315652 0.46030186 0.34378021
v -0.85070333 0.32842691 0.38826396
v -0.37425377 0.78899211 0.47929187
v -0.51300210 0.72178670 0.43563103
v -0.40530958 0.81214969 0.43083578
v -0.76229151 0.57153525 0.33422971
v -0.64696140 0.64451654 0.39729994
v -0.72913676 0.59381697 0.31122633
v -0.47296637 0.82106426 0.29504083
v -0.56999909 0.73872023 0.40714450
v -0.45460199 0.80501880 0.35789119
v -0.54190363 0.79611725 0.28456662
v -0.48685983 0.75781544 0.42063772
v -0.67633208 0.70872912 0.22999202
v -0.61908226 0.70684014 0.36341739
v -0.68004095 0.67444044 0.27849451
v -0.61392524 0.75947571 0.25968179
v -0.66990828 0.65484926 0.32284869
v -0.59483521 0.74492395 0.33290900
v -0.82757468 0.50444081 -0.23517651
v -0.83961061 0.51875653 -0.08430023
v -0.79981108 0.57280348 -0.21140297
v -0.83147091 0.51141206 0.22856876
v -0.84154549 0.53463217 0.06986305
v -0.77235148 0.56954600 0.21662966
v -0.72946325 0.64133597 -0.13599531
v -0.81399980 0.58107472 -0.03301174
v -0.79511551 0.60813801 -0.15357044
v -0.72796149 0.67410093 -0.05697489
v -0.81852042 0.56742044 -0.12393588
v -0.72622609 0.67711457 0.13683510
v -0.83049289 0.55953517 0.02271922
v -0.77473884 0.61675697 0.14324664
v -0.74020908 0.67054986 0.03832318
v -0.80663518 0.55933324 0.10629790
v -0.76520360 0.61788958 0.01179941
v -0.57984140 -0.84635512 0.04715839
v -0.67105784 -0.75514061 0.13169889
v -0.57015721 -0.83029623 0.12023184
v -0.59335854 -0.79816309 0.00200630
v -0.79360303 -0.53995394 0.26789039
v -0.71189047 -0.67091415 0.20879191
v -0.48629998 -0.82229915 0.23750353
v -0.64046178 -0.76560328 0.19892874
v -0.51782695 -0.82661451 0.15736648
v -0.60574170 -0.79190597 0.16787619
v -0.67820360 -0.69736607 -0.09774255
v -0.72556219 -0.70891087 0.08571403
v -0.64139176 -0.76053387 -0.02772689
v -0.66550111 -0.74314685 0.03312427
v -0.86664117 -0.07386226 0.50291202
v -0.87859506 -0.20710271 0.46252182
v -0.84454166 -0.44837394 0.33467236
v -0.85942543 -0.30901020 0.39569566
v -0.36368326 -0.80911030 0.47395621
v -0.51464763 -0.75536107 0.44469517
v -0.41087795 -0.82084186 0.44453266
v -0.73834905 -0.55195949 0.34145337
v -0.63981874 -0.63505866 0.39427124
v -0.73977438 -0.58099652 0.30815567
v -0.47818686 -0.83564803 0.26815103
v -0.55521526 -0.73701423 0.38582894
v -0.44935320 -0.80640367 0.36947657
v -0.54278049 -0.79241499 0.27610867
v -0.48491890 -0.78105237 0.42211070
v -0.66900406 -0.70392982 0.25355474
v -0.60934587 -0.71095315 0.35124084
v -0.70622107 -0.66258191 0.28332615
v -0.60163860 -0.73852480 0.26829526
v -0.66774391 -0.67520077 0.31804258
v -0.59585193 -0.73897490 0.32492928
v -0.80476781 -0.49549672 -0.21694939
v -0.85594092 -0.52484029 -0.06631189
v -0.81470097 -0.57258112 -0.17520852
v -0.80121130 -0.53248570 0.23274836
v -0.86269513 -0.54841915 0.06811050
v -0.79507411 -0.55690289 0.20026043
v -0.72333005 -0.67330113 -0.12470010
v -0.79959594 -0.56562642 -0.05071305
v -0.78721845 -0.61536171 -0.15770042
v -0.74007135 -0.66994843 -0.03981174
v -0.82030377 -0.57239040 -0.12754043
v -0.75482198 -0.66197252 0.11083701
v -0.82782553 -0.56814009 0.04427668
v -0.74947810 -0.59520292 0.15465893
v -0.74738083 -0.67605191 0.02346517
v -0.79373950 -0.56343471 0.11170280
v -0.76147869 -0.61438632 0.00897671
v -0.07370765 -0.55041399 0.88233611
v -0.21224153 -0.49411065 0.89178085
v -0.10146906 -0.57130442 0.83554197
v -0.06321260 -0.46246994 0.91812037
v -0.43360339 -0.35401308 0.85575625
v -0.33418277 -0.42240302 0.89001639
v -0.19602481 -0.63129204 0.75665036
v -0.22719276 -0.51213377 0.82562637
v -0.16937487 -0.61912893 0.77740996
v -0.17773519 -0.54196763 0.83669309
v -0.07417059 -0.35236187 1.00601866
v -0.20487451 -0.38827652 0.93135002
v -0.07383160 -0.40672806 0.95695436
v -0.12952931 -0.46268964 0.95329451
v -0.83923213 -0.04198760 0.58382205
v -0.73865053 -0.11240897 0.63732037
v -0.81666354 -0.09978630 0.57081474
v -0.55601514 -0.27346133 0.76883057
v -0.64935507 -0.21254653 0.73250512
v -0.80856170 -0.24827570 0.50711936
v -0.75632374 -0.19475873 0.61110341
v -0.83608963 -0.16860578 0.54470237
v -0.77109190 -0.14930264 0.60622989
v -0.34269762 -0.77157210 0.54660404
v -0.38927497 -0.64108678 0.62569054
v -0.29884216 -0.73890206 0.61323054
v -0.41236669 -0.75061576 0.51995906
v -0.48930719 -0.38493631 0.79063680
v -0.46290161 -0.50589454 0.69743250
v -0.41473537 -0.42256697 0.80503946
v -0.20836355 -0.67397637 0.70445667
v -0.36827013 -0.61280985 0.70361474
v -0.24926954 -0.69100027 0.65668386
v -0.26307305 -0.61588919 0.74033202
v -0.34014661 -0.68605946 0.65734871
v -0.55093597 -0.67865037 0.49958205
v -0.49821335 -0.62068332 0.59968467
v -0.49031110 -0.69717391 0.51988254
v -0.45806494 -0.68200546 0.58226507
v -0.31685390 -0.48333571 0.82929717
v -0.39928486 -0.56822350 0.74325523
v -0.38475959 -0.47401215 0.83302533
v -0.29348981 -0.56961782 0.80125314
v -0.41829023 -0.49641465 0.76354191
v -0.31682034 -0.57888136 0.75870054
v -0.09197604 -0.01671639 1.13293717
v -0.23401917 -0.14067279 1.03358636
v -0.09230717 -0.13787740 1.11570305
v -0.43856251 -0.27628655 0.86751412
v -0.34988086 -0.23231122 0.98752566
v -0.39415438 -0.31117446 0.88560186
v -0.08592112 -0.28631530 1.03747356
v -0.22627014 -0.20029051 1.03106956
v -0.07014533 -0.19599781 1.09577110
v -0.13378598 -0.34556464 1.01089622
v -0.15996163 -0.15503696 1.08747469
v -0.27864730 -0.38434785 0.92596012
v -0.26255106 -0.25654115 1.00011270
v -0.34434690 -0.34902517 0.91480176
v -0.21065836 -0.35705304 0.98963376
v -0.32760502 -0.27713642 0.94002912
v -0.21190826 -0.28398684 1.02184702
v -0.77854036 -0.49293758 0.39041734
v -0.70222619 -0.44081937 0.51011500
v -0.80742659 -0.41457724 0.43160910
v -0.75221093 -0.52277748 0.43583447
v -0.53393208 -0.35654777 0.76323276
v -0.62905028 -0.38888466 0.64657387
v -0.61605476 -0.30460929 0.74321506
v -0.54857105 -0.41552202 0.75252493
v -0.80765927 -0.29995060 0.49429406
v -0.73785575 -0.39287743 0.54679015
v -0.82776581 -0.37035372 0.44408188
v -0.76323569 -0.26703679 0.57365530
v -0.78347893 -0.39849927 0.48188742
v -0.63542956 -0.62004697 0.46395077
v -0.65934925 -0.46400848 0.55467692
v -0.67926044 -0.59207126 0.42662361
v -0.58397513 -0.61665293 0.54351269
v -0.70781417 -0.51333951 0.49199167
v -0.68879123 -0.24176214 0.66342676
v -0.67896311 -0.34995229 0.61132910
v -0.62527320 -0.30075162 0.70118377
v -0.75282086 -0.24886233 0.59511367
v -0.65309241 -0.33173523 0.69335551
v -0.76810004 -0.33015982 0.57628810
v -0.48438945 -0.52893466 0.69029386
v -0.63689734 -0.46827770 0.61706958
v -0.51847748 -0.49391646 0.70659219
v -0.54189407 -0.57516100 0.60537647
v -0.55399754 -0.46407161 0.67176854
v -0.61442426 -0.53854536 0.59312100
v -0.06786018 0.55758576 0.87909453
v -0.18311620 0.47264432 0.88252799
v -0.07734237 0.54793888 0.82361039
v -0.07752198 0.47028680 0.94271559
v -0.45216050 0.34487937 0.84248148
v -0.32046114 0.40579863 0.87995444
v -0.19412561 0.64128854 0.75707228
v -0.22742266 0.53377777 0.83447999
v -0.15873602 0.60115047 0.79647275
v -0.17424989 0.54973672 0.84608699
v -0.05931653 0.34517382 1.01107386
v -0.21458092 0.42480741 0.93012945
v -0.05316888 0.41281546 0.96258616
v -0.13378647 0.44160718 0.93210442
v -0.83463826 0.04411752 0.57397485
v -0.75830154 0.12551628 0.66149857
v -0.83981661 0.09385233 0.55565372
v -0.77671935 0.00417989 0.59710652
v -0.56904978 0.28129809 0.77629227
v -0.64337539 0.21321986 0.71919511
v -0.82702254 0.24604116 0.51026443
v -0.75479093 0.18540096 0.63394165
v -0.81152215 0.18067327 0.54330167
v -0.78683001 0.15429190 0.60560436
v -0.71062036 -0.08889987 0.70569025
v -0.71341468 0.07439910 0.69186917
v -0.76551773 -0.03883702 0.65002175
v -0.75840320 0.03718667 0.64667105
v -0.33500596 0.77095789 0.53939615
v -0.40388709 0.64692838 0.64409162
v -0.30412320 0.73904494 0.59833989
v -0.40549842 0.71246729 0.52474025
v -0.47781684 0.38044232 0.79553429
v -0.43408642 0.54263122 0.71243375
v -0.43856196 0.40962415 0.80076367
v -0.22557772 0.64980741 0.70946529
v -0.36204767 0.63659871 0.67901928
v -0.25982454 0.70064400 0.64833308
v -0.24513310 0.62156889 0.73442146
v -0.32491890 0.67568426 0.64890677
v -0.55814134 0.66863449 0.48934268
v -0.46980623 0.59052382 0.63905760
v -0.48188925 0.69775336 0.52235169
v -0.44656589 0.68585310 0.59700574
v -0.30414022 0.44871264 0.85686921
v -0.38629488 0.56148570 0.72876727
v -0.37279316 0.44963259 0.83153885
v -0.27346887 0.55208614 0.79725989
v -0.40021690 0.50167590 0.78320809
v -0.32650015 0.59323127 0.73812585
v -0.07295761 0.06623192 1.10545670
v -0.24275680 0.10962982 1.08482697
v -0.07741519 0.13451435 1.11687562
v -0.16008730 -0.01366825 1.11337298
v -0.46965252 0.28911193 0.88557115
v -0.31842867 0.20131505 0.97348976
v -0.40735358 0.29344509 0.87855192
v -0.07752621 0.28744586 1.06031384
v -0.23064515 0.21710957 1.03163400
v -0.07459238 0.21773728 1.09227411
v -0.13364383 0.31841316 1.01760468
v -0.14969934 0.17993594 1.08103367
v -0.29261849 -0.09051687 1.05551422
v -0.30609569 0.08375995 1.03567734
v -0.23236117 -0.07815518 1.08847056
v -0.20433849 0.02235133 1.06299512
v -0.25834038 0.36502514 0.92905073
v -0.28646639 0.24434864 0.99721849
v -0.34948485 0.33017828 0.90416536
v -0.21495990 0.35413821 0.97881357
v -0.32477848 0.28961855 0.94505593
v -0.20892093 0.26484226 1.00123058
v -0.79578350 0.46651579 0.39080046
v -0.73855963 0.43060345 0.50977121
v -0.78675023 0.44076996 0.41755525
v -0.72840413 0.51414614 0.40247934
v -0.55150229 0.32900900 0.74576519
v -0.65684036 0.40745892 0.66531629
v -0.61912071 0.31980712 0.71845570
v -0.53746487 0.41303856 0.73066949
v -0.80660156 0.31180752 0.47554562
v -0.72658865 0.37761629 0.55712665
v -0.80050558 0.36982636 0.46872135
v -0.80373106 0.26496868 0.54088520
v -0.77600279 0.40130402 0.50205418
v -0.61589344 0.61591510 0.46210773
v -0.66534248 0.48115393 0.55595464
v -0.69186841 0.58320575 0.44594933
v -0.60006028 0.60115176 0.53502504
v -0.70407018 0.52567403 0.48326659
v -0.72105230 0.22297943 0.66069330
v -0.70055452 0.37191192 0.62868392
v -0.64413878 0.25673243 0.68441470
v -0.76159681 0.25391145 0.60293545
v -0.66850792 0.33288026 0.69230162
v -0.74992765 0.32590635 0.60702880
v -0.50385906 0.56107146 0.65169306
v -0.63893946 0.46821307 0.63137322
v -0.51703429 0.47907046 0.71164945
v -0.52334020 0.59878993 0.59700509
v -0.57767748 0.43701616 0.68697133
v -0.59491522 0.52719084 0.60692056
v -0.53875685 -0.23423826 0.81352873
v -0.54426292 -0.06221759 0.87848617
v -0.54578631 -0.20264196 0.79792217
v -0.48155073 -0.16960179 0.90185464
v -0.52909376 0.23639553 0.83457779
v -0.52141754 0.07247787 0.84617695
v -0.57836954 0.20514595 0.80692677
v -0.47800122 0.18960256 0.90640005
v -0.65554921 -0.13162674 0.73205636
v -0.56203108 -0.04515951 0.84496895
v -0.61889242 -0.16202646 0.76788317
v -0.66134092 -0.03506403 0.73436478
v -0.55676136 -0.12531527 0.81625560
v -0.34215750 -0.14194282 0.99108730
v -0.47466362 -0.03148483 0.89431270
v -0.42629315 -0.19961243 0.94287725
v -0.35914355 -0.03779917 1.00645144
v -0.48209387 -0.11658197 0.88984123
v -0.67556121 0.11694333 0.75107775
v -0.59591502 0.07619421 0.81436202
v -0.63582116 0.16110692 0.76201436
v -0.66112091 0.05030469 0.73212141
v -0.57242565 0.11283986 0.82399684
v -0.63263432 -0.00239460 0.78893381
v -0.34242681 0.12668172 1.00480701
v -0.46616781 0.03220982 0.92943955
v -0.41946222 0.17276384 0.94675132
v -0.36850485 0.06312350 1.01522253
v -0.47719090 0.12289872 0.90765503
v -0.41349878 0.00616133 0.94271303
v -0.87753187 0.00523223 -0.47048727
v -0.95048701 -0.02069643 -0.33595786
v -0.90155943 0.06002816 -0.41554231
v -0.91099807 -0.08974034 -0.43742907
v -1.01972896 -0.00764641 -0.07005888
v -0.99105297 0.01261027 -0.20713687
v -0.89599577 0.18663732 -0.41114889
v -0.95050718 0.08689761 -0.31923380
v -0.89175357 0.13575874 -0.43459709
v -0.91445559 0.05818618 -0.40404662
v -0.91997113 -0.19029570 -0.37619903
v -0.93989621 -0.05438204 -0.33186129
v -0.93296199 -0.11209455 -0.41220540
v -0.94258595 -0.06447661 -0.38343699
v -0.88788806 -0.01401051 0.46913687
v -0.93366112 -0.01747783 0.34229964
v -0.91182734 0.07261560 0.44151924
v -0.88330556 -0.06147417 0.42475260
v -1.01147080 -0.00029932 0.07488911
v -0.96525201 -0.01529088 0.20327870
v -0.86896304 0.19656387 0.38519455
v -0.96843647 0.07021874 0.32669021
v -0.90697740 0.14089644 0.43478771
v -0.90566353 0.07338847 0.37786198
v -0.90583118 -0.18612838 0.38041209
v -0.92856698 -0.05909814 0.31278212
v -0.91932120 -0.14271553 0.40360152
v -0.93551906 -0.06111027 0.40773092
v -0.86605510 0.43371630 -0.25068034
v -0.92368305 0.32884511 -0.21044534
v -0.85167156 0.38612757 -0.29933801
v -0.85936899 0.47209710 -0.19406475
v -1.00471226 0.07262069 -0.04286742
v -0.99411121 0.19052745 -0.14180467
v -0.99443154 0.06013537 -0.11555333
v -0.91243585 0.26821803 -0.36732328
v -0.92426024 0.24880955 -0.23946068
v -0.89186764 0.32923581 -0.34864704
v -0.91727174 0.18405752 -0.32642315
v -0.90516100 0.32423797 -0.27390671
v -0.88708761 0.47449074 -0.03018092
v -0.92542980 0.33293081 -0.13003838
v -0.88769482 0.45676027 -0.12173269
v -0.91287433 0.37866981 -0.17465558
v -0.95881285 0.05714299 -0.24909063
v -0.96757116 0.20049033 -0.19615679
v -0.96939033 0.06759483 -0.19439924
v -0.94911968 0.11807467 -0.29590707
v -0.97022952 0.11530900 -0.14650581
v -0.94678457 0.20982642 -0.26288234
v -0.84298067 -0.44461368 -0.26215184
v -0.92248295 -0.33578718 -0.20050510
v -0.87072764 -0.36651814 -0.31840143
v -0.88812988 -0.44076809 -0.20712473
v -1.01834093 -0.07916688 -0.05169006
v -0.97873731 -0.17402552 -0.12705646
v -0.98575545 -0.06250940 -0.11877488
v -0.91398188 -0.24210754 -0.37587217
v -0.94752272 -0.25909188 -0.24426658
v -0.89090928 -0.31502656 -0.34646212
v -0.92188993 -0.20439214 -0.31443667
v -0.92637320 -0.36049100 -0.27104299
v -0.89023866 -0.43219324 -0.04176817
v -0.93539454 -0.32459618 -0.12077043
v -0.87347562 -0.47309159 -0.12490846
v -0.88895304 -0.40969048 -0.16693256
v -0.96358158 -0.05905491 -0.24806839
v -0.95482144 -0.18989390 -0.19165997
v -0.99136132 -0.06215703 -0.18750466
v -0.95547663 -0.11881068 -0.28536169
v -0.99365289 -0.15518780 -0.16225691
v -0.94256944 -0.19312309 -0.26301920
v -0.82987951 0.44195147 0.26171163
v -0.92624079 0.33542936 0.20530654
v -0.86675933 0.40040341 0.31909723
v -0.85099995 0.44838059 0.20225679
v -0.99449458 0.06803867 0.06319112
v -0.96655858 0.20443702 0.10904954
v -0.99485269 0.07324942 0.11245010
v -1.00213858 0.14137402 0.00005127
v -0.87869311 0.27115685 0.38108475
v -0.94552146 0.25735925 0.24401863
v -0.84697030 0.33468365 0.34784193
v -0.92527461 0.22475949 0.33644952
v -0.90379910 0.33300169 0.26719699
v -0.87447217 0.46836821 0.04170510
v -0.94959293 0.32130497 0.12053956
v -0.90386950 0.45219163 0.12099654
v -0.91518245 0.42773170 -0.02273042
v -0.90635584 0.39023388 0.16523026
v -0.96922186 0.05802823 0.25012248
v -0.96397011 0.22416154 0.18818246
v -0.97544368 0.07809519 0.18526347
v -0.94929757 0.13228033 0.28816022
v -0.98905535 0.13474694 0.17146370
v -0.92651829 0.18951235 0.27224525
v -0.96012870 0.26448965 -0.08394526
v -0.94983260 0.25549214 0.07174208
v -0.96368224 0.18023616 -0.04674763
v -0.93582843 0.33400491 -0.04412741
v -0.95612798 0.21674991 0.04619887
v -0.92878929 0.33438387 0.03835450
v -0.83734652 -0.42722349 0.26182747
v -0.90463291 -0.29984598 0.21380235
v -0.88184574 -0.37577061 0.30164348
v -0.85257551 -0.45298612 0.19859583
v -1.00586254 -0.06622688 0.04454494
v -0.98736384 -0.20445312 0.11216042
v -0.97816332 -0.06362925 0.10559835
v -0.97752875 -0.13115534 -0.00169028
v -0.89554470 -0.24787179 0.37079872
v -0.95569755 -0.27065562 0.23002250
v -0.90964406 -0.31284639 0.35516974
v -0.93268026 -0.18509221 0.33739276
v -0.90225967 -0.33546982 0.29329962
v -0.87976389 -0.47200756 0.05163488
v -0.93288824 -0.34179855 0.13220736
v -0.87407545 -0.48311868 0.12007976
v -0.91046259 -0.38957762 0.01428477
v -0.90232124 -0.38993639 0.14847196
v -0.96735553 -0.07423320 0.25797620
v -0.94615443 -0.20434423 0.16652558
v -0.97700560 -0.05375927 0.17723777
v -0.96404421 -0.12402885 0.28068933
v -0.97793241 -0.13490066 0.16079819
v -0.96000753 -0.18395052 0.26591174
v -0.93447327 -0.27716258 -0.10670615
v -0.96157099 -0.28209136 0.08214231
v -1.00209013 -0.19036879 -0.03995429
v -0.93303294 -0.33520665 -0.05718664
v -0.96581147 -0.18502669 0.05984319
v -0.94724793 -0.33186638 0.04859400
f 1 2103 759
f 2103 533 2105
f 759 2105 197
f 2103 2105 759
f 533 2104 2112
f 2104 138 2110
f 2112 2110 535
f 2104 2110 2112
f 197 2111 760
f 2111 535 2109
f 760 2109 54
f 2111 2109 760
f 533 2112 2105
f 2112 535 2111
f 2105 2111 197
f 2112 2111 2105
f 138 2108 2132
f 2108 534 2134
f 2132 2134 542
f 2108 2134 2132
f 534 2107 2126
f 2107 38 2124
f 2126 2124 540
f 2107 2124 2126
f 542 2136 2133
f 2136 540 2125
f 2133 2125 140
f 2136 2125 2133
f 534 2126 2134
f 2126 540 2136
f 2134 2136 542
f 2126 2136 2134
f 54 2127 763
f 2127 541 2129
f 763 2129 198
f 2127 2129 763
f 541 2128 2131
f 2128 140 2122
f 2131 2122 539
f 2128 2122 2131
f 198 2123 762
f 2123 539 2121
f 762 2121 17
f 2123 2121 762
f 541 2131 2129
f 2131 539 2123
f 2129 2123 198
f 2131 2123 2129
f 138 2132 2110
f 2132 542 2135
f 2110 2135 535
f 2132 2135 2110
f 542 2133 2137
f 2133 140 2128
f 2137 2128 541
f 2133 2128 2137
f 535 2130 2109
f 2130 541 2127
f 2109 2127 54
f 2130 2127 2109
f 542 2137 2135
f 2137 541 2130
f 2135 2130 535
f 2137 2130 2135
f 38 2119 2371
f 2119 538 2373
f 2371 2373 601
f 2119 2373 2371
f 538 2120 2381
f 2120 139 2379
f 2381 2379 603
f 2120 2379 2381
f 601 2383 2372
f 2383 603 2380
f 2372 2380 155
f 2383 2380 2372
f 538 2381 2373
f 2381 603 2383
f 2373 2383 601
f 2381 2383 2373
f 139 2118 2319
f 2118 537 2321
f 2319 2321 589
f 2118 2321 2319
f 537 2117 2315
f 2117 12 2313
f 2315 2313 587
f 2117 2313 2315
f 589 2322 2320
f 2322 587 2314
f 2320 2314 152
f 2322 2314 2320
f 537 2315 2321
f 2315 587 2322
f 2321 2322 589
f 2315 2322 2321
f 155 2390 2376
f 2390 605 2393
f 2376 2393 602
f 2390 2393 2376
f 605 2389 2391
f 2389 152 2318
f 2391 2318 588
f 2389 2318 2391
f 602 2377 2375
f 2377 588 2317
f 2375 2317 41
f 2377 2317 2375
f 605 2391 2393
f 2391 588 2377
f 2393 2377 602
f 2391 2377 2393
f 139 2319 2379
f 2319 589 2382
f 2379 2382 603
f 2319 2382 2379
f 589 2320 2392
f 2320 152 2389
f 2392 2389 605
f 2320 2389 2392
f 603 2394 2380
f 2394 605 2390
f 2380 2390 155
f 2394 2390 2380
f 589 2392 2382
f 2392 605 2394
f 2382 2394 603
f 2392 2394 2382
f 17 2327 770
f 2327 591 2329
f 770 2329 201
f 2327 2329 770
f 591 2328 2338
f 2328 153 2335
f 2338 2335 593
f 2328 2335 2338
f 201 2336 771
f 2336 593 2334
f 771 2334 55
f 2336 2334 771
f 591 2338 2329
f 2338 593 2336
f 2329 2336 201
f 2338 2336 2329
f 153 2332 2344
f 2332 592 2347
f 2344 2347 595
f 2332 2347 2344
f 592 2331 2333
f 2331 41 2303
f 2333 2303 584
f 2331 2303 2333
f 595 2345 2343
f 2345 584 2304
f 2343 2304 151
f 2345 2304 2343
f 592 2333 2347
f 2333 584 2345
f 2347 2345 595
f 2333 2345 2347
f 55 2305 769
f 2305 585 2307
f 769 2307 200
f 2305 2307 769
f 585 2306 2308
f 2306 151 2300
f 2308 2300 583
f 2306 2300 2308
f 200 2301 768
f 2301 583 2299
f 768 2299 6
f 2301 2299 768
f 585 2308 2307
f 2308 583 2301
f 2307 2301 200
f 2308 2301 2307
f 153 2344 2335
f 2344 595 2348
f 2335 2348 593
f 2344 2348 2335
f 595 2343 2346
f 2343 151 2306
f 2346 2306 585
f 2343 2306 2346
f 593 2337 2334
f 2337 585 2305
f 2334 2305 55
f 2337 2305 2334
f 595 2346 2348
f 2346 585 2337
f 2348 2337 593
f 2346 2337 2348
f 38 2371 2124
f 2371 601 2374
f 2124 2374 540
f 2371 2374 2124
f 601 2372 2388
f 2372 155 2385
f 2388 2385 604
f 2372 2385 2388
f 540 2386 2125
f 2386 604 2384
f 2125 2384 140
f 2386 2384 2125
f 601 2388 2374
f 2388 604 2386
f 2374 2386 540
f 2388 2386 2374
f 155 2376 2396
f 2376 602 2399
f 2396 2399 606
f 2376 2399 2396
f 602 2375 2378
f 2375 41 2331
f 2378 2331 592
f 2375 2331 2378
f 606 2397 2395
f 2397 592 2332
f 2395 2332 153
f 2397 2332 2395
f 602 2378 2399
f 2378 592 2397
f 2399 2397 606
f 2378 2397 2399
f 140 2339 2122
f 2339 594 2341
f 2122 2341 539
f 2339 2341 2122
f 594 2340 2342
f 2340 153 2328
f 2342 2328 591
f 2340 2328 2342
f 539 2330 2121
f 2330 591 2327
f 2121 2327 17
f 2330 2327 2121
f 594 2342 2341
f 2342 591 2330
f 2341 2330 539
f 2342 2330 2341
f 155 2396 2385
f 2396 606 2400
f 2385 2400 604
f 2396 2400 2385
f 606 2395 2398
f 2395 153 2340
f 2398 2340 594
f 2395 2340 2398
f 604 2387 2384
f 2387 594 2339
f 2384 2339 140
f 2387 2339 2384
f 606 2398 2400
f 2398 594 2387
f 2400 2387 604
f 2398 2387 2400
f 1 759 643
f 759 197 761
f 643 761 163
f 759 761 643
f 197 760 767
f 760 54 765
f 767 765 199
f 760 765 767
f 163 766 644
f 766 199 764
f 644 764 43
f 766 764 644
f 197 767 761
f 767 199 766
f 761 766 163
f 767 766 761
f 54 763 783
f 763 198 785
f 783 785 205
f 763 785 783
f 198 762 777
f 762 17 775
f 777 775 203
f 762 775 777
f 205 787 784
f 787 203 776
f 784 776 56
f 787 776 784
f 198 777 785
f 777 203 787
f 785 787 205
f 777 787 785
f 43 778 646
f 778 204 780
f 646 780 164
f 778 780 646
f 204 779 782
f 779 56 773
f 782 773 202
f 779 773 782
f 164 774 645
f 774 202 772
f 645 772 13
f 774 772 645
f 204 782 780
f 782 202 774
f 780 774 164
f 782 774 780
f 54 783 765
f 783 205 786
f 765 786 199
f 783 786 765
f 205 784 788
f 784 56 779
f 788 779 204
f 784 779 788
f 199 781 764
f 781 204 778
f 764 778 43
f 781 778 764
f 205 788 786
f 788 204 781
f 786 781 199
f 788 781 786
f 17 770 829
f 770 201 831
f 829 831 217
f 770 831 829
f 201 771 839
f 771 55 837
f 839 837 219
f 771 837 839
f 217 841 830
f 841 219 838
f 830 838 60
f 841 838 830
f 201 839 831
f 839 219 841
f 831 841 217
f 839 841 831
f 55 769 803
f 769 200 805
f 803 805 211
f 769 805 803
f 200 768 800
f 768 6 798
f 800 798 209
f 768 798 800
f 211 806 804
f 806 209 799
f 804 799 58
f 806 799 804
f 200 800 805
f 800 209 806
f 805 806 211
f 800 806 805
f 60 848 834
f 848 221 851
f 834 851 218
f 848 851 834
f 221 847 849
f 847 58 802
f 849 802 210
f 847 802 849
f 218 835 833
f 835 210 801
f 833 801 18
f 835 801 833
f 221 849 851
f 849 210 835
f 851 835 218
f 849 835 851
f 55 803 837
f 803 211 840
f 837 840 219
f 803 840 837
f 211 804 850
f 804 58 847
f 850 847 221
f 804 847 850
f 219 852 838
f 852 221 848
f 838 848 60
f 852 848 838
f 211 850 840
f 850 221 852
f 840 852 219
f 850 852 840
f 13 807 649
f 807 212 809
f 649 809 166
f 807 809 649
f 212 808 818
f 808 59 815
f 818 815 214
f 808 815 818
f 166 816 650
f 816 214 814
f 650 814 44
f 816 814 650
f 212 818 809
f 818 214 816
f 809 816 166
f 818 816 809
f 59 812 824
f 812 213 827
f 824 827 216
f 812 827 824
f 213 811 813
f 811 18 792
f 813 792 207
f 811 792 813
f 216 825 823
f 825 207 793
f 823 793 57
f 825 793 823
f 213 813 827
f 813 207 825
f 827 825 216
f 813 825 827
f 44 794 648
f 794 208 796
f 648 796 165
f 794 796 648
f 208 795 797
f 795 57 790
f 797 790 206
f 795 790 797
f 165 791 647
f 791 206 789
f 647 789 2
f 791 789 647
f 208 797 796
f 797 206 791
f 796 791 165
f 797 791 796
f 59 824 815
f 824 216 828
f 815 828 214
f 824 828 815
f 216 823 826
f 823 57 795
f 826 795 208
f 823 795 826
f 214 817 814
f 817 208 794
f 814 794 44
f 817 794 814
f 216 826 828
f 826 208 817
f 828 817 214
f 826 817 828
f 17 829 775
f 829 217 832
f 775 832 203
f 829 832 775
f 217 830 846
f 830 60 843
f 846 843 220
f 830 843 846
f 203 844 776
f 844 220 842
f 776 842 56
f 844 842 776
f 217 846 832
f 846 220 844
f 832 844 203
f 846 844 832
f 60 834 854
f 834 218 857
f 854 857 222
f 834 857 854
f 218 833 836
f 833 18 811
f 836 811 213
f 833 811 836
f 222 855 853
f 855 213 812
f 853 812 59
f 855 812 853
f 218 836 857
f 836 213 855
f 857 855 222
f 836 855 857
f 56 819 773
f 819 215 821
f 773 821 202
f 819 821 773
f 215 820 822
f 820 59 808
f 822 808 212
f 820 808 822
f 202 810 772
f 810 212 807
f 772 807 13
f 810 807 772
f 215 822 821
f 822 212 810
f 821 810 202
f 822 810 821
f 60 854 843
f 854 222 858
f 843 858 220
f 854 858 843
f 222 853 856
f 853 59 820
f 856 820 215
f 853 820 856
f 220 845 842
f 845 215 819
f 842 819 56
f 845 819 842
f 222 856 858
f 856 215 845
f 858 845 220
f 856 845 858
f 1 643 967
f 643 163 969
f 967 969 253
f 643 969 967
f 163 644 974
f 644 43 972
f 974 972 255
f 644 972 974
f 253 975 968
f 975 255 973
f 968 973 70
f 975 973 968
f 163 974 969
f 974 255 975
f 969 975 253
f 974 975 969
f 43 646 986
f 646 164 988
f 986 988 260
f 646 988 986
f 164 645 982
f 645 13 980
f 982 980 258
f 645 980 982
f 260 990 987
f 990 258 981
f 987 981 72
f 990 981 987
f 164 982 988
f 982 258 990
f 988 990 260
f 982 990 988
f 70 991 971
f 991 261 993
f 971 993 254
f 991 993 971
f 261 992 995
f 992 72 984
f 995 984 259
f 992 984 995
f 254 985 970
f 985 259 983
f 970 983 22
f 985 983 970
f 261 995 993
f 995 259 985
f 993 985 254
f 995 985 993
f 43 986 972
f 986 260 989
f 972 989 255
f 986 989 972
f 260 987 996
f 987 72 992
f 996 992 261
f 987 992 996
f 255 994 973
f 994 261 991
f 973 991 70
f 994 991 973
f 260 996 989
f 996 261 994
f 989 994 255
f 996 994 989
f 13 649 1015
f 649 166 1017
f 1015 1017 268
f 649 1017 1015
f 166 650 1024
f 650 44 1022
f 1024 1022 270
f 650 1022 1024
f 268 1026 1016
f 1026 270 1023
f 1016 1023 75
f 1026 1023 1016
f 166 1024 1017
f 1024 270 1026
f 1017 1026 268
f 1024 1026 1017
f 44 648 1002
f 648 165 1004
f 1002 1004 264
f 648 1004 1002
f 165 647 999
f 647 2 997
f 999 997 262
f 647 997 999
f 264 1005 1003
f 1005 262 998
f 1003 998 73
f 1005 998 1003
f 165 999 1004
f 999 262 1005
f 1004 1005 264
f 999 1005 1004
f 75 1032 1020
f 1032 272 1035
f 1020 1035 269
f 1032 1035 1020
f 272 1031 1033
f 1031 73 1001
f 1033 1001 263
f 1031 1001 1033
f 269 1021 1019
f 1021 263 1000
f 1019 1000 23
f 1021 1000 1019
f 272 1033 1035
f 1033 263 1021
f 1035 1021 269
f 1033 1021 1035
f 44 1002 1022
f 1002 264 1025
f 1022 1025 270
f 1002 1025 1022
f 264 1003 1034
f 1003 73 1031
f 1034 1031 272
f 1003 1031 1034
f 270 1036 1023
f 1036 272 1032
f 1023 1032 75
f 1036 1032 1023
f 264 1034 1025
f 1034 272 1036
f 1025 1036 270
f 1034 1036 1025
f 22 1037 978
f 1037 273 1039
f 978 1039 257
f 1037 1039 978
f 273 1038 1049
f 1038 76 1046
f 1049 1046 275
f 1038 1046 1049
f 257 1047 979
f 1047 275 1045
f 979 1045 71
f 1047 1045 979
f 273 1049 1039
f 1049 275 1047
f 1039 1047 257
f 1049 1047 1039
f 76 1042 1056
f 1042 274 1059
f 1056 1059 277
f 1042 1059 1056
f 274 1041 1043
f 1041 23 1009
f 1043 1009 266
f 1041 1009 1043
f 277 1057 1055
f 1057 266 1010
f 1055 1010 74
f 1057 1010 1055
f 274 1043 1059
f 1043 266 1057
f 1059 1057 277
f 1043 1057 1059
f 71 1011 977
f 1011 267 1013
f 977 1013 256
f 1011 1013 977
f 267 1012 1014
f 1012 74 1007
f 1014 1007 265
f 1012 1007 1014
f 256 1008 976
f 1008 265 1006
f 976 1006 8
f 1008 1006 976
f 267 1014 1013
f 1014 265 1008
f 1013 1008 256
f 1014 1008 1013
f 76 1056 1046
f 1056 277 1060
f 1046 1060 275
f 1056 1060 1046
f 277 1055 1058
f 1055 74 1012
f 1058 1012 267
f 1055 1012 1058
f 275 1048 1045
f 1048 267 1011
f 1045 1011 71
f 1048 1011 1045
f 277 1058 1060
f 1058 267 1048
f 1060 1048 275
f 1058 1048 1060
f 13 1015 980
f 1015 268 1018
f 980 1018 258
f 1015 1018 980
f 268 1016 1030
f 1016 75 1028
f 1030 1028 271
f 1016 1028 1030
f 258 1029 981
f 1029 271 1027
f 981 1027 72
f 1029 1027 981
f 268 1030 1018
f 1030 271 1029
f 1018 1029 258
f 1030 1029 1018
f 75 1020 1061
f 1020 269 1063
f 1061 1063 278
f 1020 1063 1061
f 269 1019 1044
f 1019 23 1041
f 1044 1041 274
f 1019 1041 1044
f 278 1065 1062
f 1065 274 1042
f 1062 1042 76
f 1065 1042 1062
f 269 1044 1063
f 1044 274 1065
f 1063 1065 278
f 1044 1065 1063
f 72 1050 984
f 1050 276 1052
f 984 1052 259
f 1050 1052 984
f 276 1051 1054
f 1051 76 1038
f 1054 1038 273
f 1051 1038 1054
f 259 1040 983
f 1040 273 1037
f 983 1037 22
f 1040 1037 983
f 276 1054 1052
f 1054 273 1040
f 1052 1040 259
f 1054 1040 1052
f 75 1061 1028
f 1061 278 1064
f 1028 1064 271
f 1061 1064 1028
f 278 1062 1066
f 1062 76 1051
f 1066 1051 276
f 1062 1051 1066
f 271 1053 1027
f 1053 276 1050
f 1027 1050 72
f 1053 1050 1027
f 278 1066 1064
f 1066 276 1053
f 1064 1053 271
f 1066 1053 1064
f 1 967 1819
f 967 253 1821
f 1819 1821 463
f 967 1821 1819
f 253 968 1826
f 968 70 1824
f 1826 1824 465
f 968 1824 1826
f 463 1827 1820
f 1827 465 1825
f 1820 1825 121
f 1827 1825 1820
f 253 1826 1821
f 1826 465 1827
f 1821 1827 463
f 1826 1827 1821
f 70 971 1838
f 971 254 1840
f 1838 1840 470
f 971 1840 1838
f 254 970 1834
f 970 22 1832
f 1834 1832 468
f 970 1832 1834
f 470 1842 1839
f 1842 468 1833
f 1839 1833 123
f 1842 1833 1839
f 254 1834 1840
f 1834 468 1842
f 1840 1842 470
f 1834 1842 1840
f 121 1843 1823
f 1843 471 1845
f 1823 1845 464
f 1843 1845 1823
f 471 1844 1847
f 1844 123 1836
f 1847 1836 469
f 1844 1836 1847
f 464 1837 1822
f 1837 469 1835
f 1822 1835 34
f 1837 1835 1822
f 471 1847 1845
f 1847 469 1837
f 1845 1837 464
f 1847 1837 1845
f 70 1838 1824
f 1838 470 1841
f 1824 1841 465
f 1838 1841 1824
f 470 1839 1848
f 1839 123 1844
f 1848 1844 471
f 1839 1844 1848
f 465 1846 1825
f 1846 471 1843
f 1825 1843 121
f 1846 1843 1825
f 470 1848 1841
f 1848 471 1846
f 1841 1846 465
f 1848 1846 1841
f 22 978 1999
f 978 257 2001
f 1999 2001 511
f 978 2001 1999
f 257 979 2008
f 979 71 2006
f 2008 2006 513
f 979 2006 2008
f 511 2010 2000
f 2010 513 2007
f 2000 2007 134
f 2010 2007 2000
f 257 2008 2001
f 2008 513 2010
f 2001 2010 511
f 2008 2010 2001
f 71 977 1977
f 977 256 1979
f 1977 1979 505
f 977 1979 1977
f 256 976 1973
f 976 8 1971
f 1973 1971 503
f 976 1971 1973
f 505 1980 1978
f 1980 503 1972
f 1978 1972 132
f 1980 1972 1978
f 256 1973 1979
f 1973 503 1980
f 1979 1980 505
f 1973 1980 1979
f 134 2016 2004
f 2016 515 2019
f 2004 2019 512
f 2016 2019 2004
f 515 2015 2017
f 2015 132 1976
f 2017 1976 504
f 2015 1976 2017
f 512 2005 2003
f 2005 504 1975
f 2003 1975 37
f 2005 1975 2003
f 515 2017 2019
f 2017 504 2005
f 2019 2005 512
f 2017 2005 2019
f 71 1977 2006
f 1977 505 2009
f 2006 2009 513
f 1977 2009 2006
f 505 1978 2018
f 1978 132 2015
f 2018 2015 515
f 1978 2015 2018
f 513 2020 2007
f 2020 515 2016
f 2007 2016 134
f 2020 2016 2007
f 505 2018 2009
f 2018 515 2020
f 2009 2020 513
f 2018 2020 2009
f 34 2043 1830
f 2043 521 2045
f 1830 2045 467
f 2043 2045 1830
f 521 2044 2055
f 2044 136 2052
f 2055 2052 523
f 2044 2052 2055
f 467 2053 1831
f 2053 523 2051
f 1831 2051 122
f 2053 2051 1831
f 521 2055 2045
f 2055 523 2053
f 2045 2053 467
f 2055 2053 2045
f 136 2048 2062
f 2048 522 2065
f 2062 2065 525
f 2048 2065 2062
f 522 2047 2049
f 2047 37 1989
f 2049 1989 508
f 2047 1989 2049
f 525 2063 2061
f 2063 508 1990
f 2061 1990 133
f 2063 1990 2061
f 522 2049 2065
f 2049 508 2063
f 2065 2063 525
f 2049 2063 2065
f 122 1991 1829
f 1991 509 1993
f 1829 1993 466
f 1991 1993 1829
f 509 1992 1994
f 1992 133 1986
f 1994 1986 507
f 1992 1986 1994
f 466 1987 1828
f 1987 507 1985
f 1828 1985 11
f 1987 1985 1828
f 509 1994 1993
f 1994 507 1987
f 1993 1987 466
f 1994 1987 1993
f 136 2062 2052
f 2062 525 2066
f 2052 2066 523
f 2062 2066 2052
f 525 2061 2064
f 2061 133 1992
f 2064 1992 509
f 2061 1992 2064
f 523 2054 2051
f 2054 509 1991
f 2051 1991 122
f 2054 1991 2051
f 525 2064 2066
f 2064 509 2054
f 2066 2054 523
f 2064 2054 2066
f 22 1999 1832
f 1999 511 2002
f 1832 2002 468
f 1999 2002 1832
f 511 2000 2014
f 2000 134 2012
f 2014 2012 514
f 2000 2012 2014
f 468 2013 1833
f 2013 514 2011
f 1833 2011 123
f 2013 2011 1833
f 511 2014 2002
f 2014 514 2013
f 2002 2013 468
f 2014 2013 2002
f 134 2004 2067
f 2004 512 2069
f 2067 2069 526
f 2004 2069 2067
f 512 2003 2050
f 2003 37 2047
f 2050 2047 522
f 2003 2047 2050
f 526 2071 2068
f 2071 522 2048
f 2068 2048 136
f 2071 2048 2068
f 512 2050 2069
f 2050 522 2071
f 2069 2071 526
f 2050 2071 2069
f 123 2056 1836
f 2056 524 2058
f 1836 2058 469
f 2056 2058 1836
f 524 2057 2060
f 2057 136 2044
f 2060 2044 521
f 2057 2044 2060
f 469 2046 1835
f 2046 521 2043
f 1835 2043 34
f 2046 2043 1835
f 524 2060 2058
f 2060 521 2046
f 2058 2046 469
f 2060 2046 2058
f 134 2067 2012
f 2067 526 2070
f 2012 2070 514
f 2067 2070 2012
f 526 2068 2072
f 2068 136 2057
f 2072 2057 524
f 2068 2057 2072
f 514 2059 2011
f 2059 524 2056
f 2011 2056 123
f 2059 2056 2011
f 526 2072 2070
f 2072 524 2059
f 2070 2059 514
f 2072 2059 2070
f 1 1819 2103
f 1819 463 2106
f 2103 2106 533
f 1819 2106 2103
f 463 1820 2115
f 1820 121 2113
f 2115 2113 536
f 1820 2113 2115
f 533 2116 2104
f 2116 536 2114
f 2104 2114 138
f 2116 2114 2104
f 463 2115 2106
f 2115 536 2116
f 2106 2116 533
f 2115 2116 2106
f 121 1823 2144
f 1823 464 2146
f 2144 2146 545
f 1823 2146 2144
f 464 1822 2140
f 1822 34 2138
f 2140 2138 543
f 1822 2138 2140
f 545 2148 2145
f 2148 543 2139
f 2145 2139 141
f 2148 2139 2145
f 464 2140 2146
f 2140 543 2148
f 2146 2148 545
f 2140 2148 2146
f 138 2149 2108
f 2149 546 2151
f 2108 2151 534
f 2149 2151 2108
f 546 2150 2153
f 2150 141 2142
f 2153 2142 544
f 2150 2142 2153
f 534 2143 2107
f 2143 544 2141
f 2107 2141 38
f 2143 2141 2107
f 546 2153 2151
f 2153 544 2143
f 2151 2143 534
f 2153 2143 2151
f 121 2144 2113
f 2144 545 2147
f 2113 2147 536
f 2144 2147 2113
f 545 2145 2154
f 2145 141 2150
f 2154 2150 546
f 2145 2150 2154
f 536 2152 2114
f 2152 546 2149
f 2114 2149 138
f 2152 2149 2114
f 545 2154 2147
f 2154 546 2152
f 2147 2152 536
f 2154 2152 2147
f 34 1830 2459
f 1830 467 2461
f 2459 2461 621
f 1830 2461 2459
f 467 1831 2468
f 1831 122 2466
f 2468 2466 623
f 1831 2466 2468
f 621 2470 2460
f 2470 623 2467
f 2460 2467 159
f 2470 2467 2460
f 467 2468 2461
f 2468 623 2470
f 2461 2470 621
f 2468 2470 2461
f 122 1829 2437
f 1829 466 2439
f 2437 2439 615
f 1829 2439 2437
f 466 1828 2433
f 1828 11 2431
f 2433 2431 613
f 1828 2431 2433
f 615 2440 2438
f 2440 613 2432
f 2438 2432 157
f 2440 2432 2438
f 466 2433 2439
f 2433 613 2440
f 2439 2440 615
f 2433 2440 2439
f 159 2476 2464
f 2476 625 2479
f 2464 2479 622
f 2476 2479 2464
f 625 2475 2477
f 2475 157 2436
f 2477 2436 614
f 2475 2436 2477
f 622 2465 2463
f 2465 614 2435
f 2463 2435 42
f 2465 2435 2463
f 625 2477 2479
f 2477 614 2465
f 2479 2465 622
f 2477 2465 2479
f 122 2437 2466
f 2437 615 2469
f 2466 2469 623
f 2437 2469 2466
f 615 2438 2478
f 2438 157 2475
f 2478 2475 625
f 2438 2475 2478
f 623 2480 2467
f 2480 625 2476
f 2467 2476 159
f 2480 2476 2467
f 615 2478 2469
f 2478 625 2480
f 2469 2480 623
f 2478 2480 2469
f 38 2503 2119
f 2503 631 2505
f 2119 2505 538
f 2503 2505 2119
f 631 2504 2515
f 2504 161 2512
f 2515 2512 633
f 2504 2512 2515
f 538 2513 2120
f 2513 633 2511
f 2120 2511 139
f 2513 2511 2120
f 631 2515 2505
f 2515 633 2513
f 2505 2513 538
f 2515 2513 2505
f 161 2508 2522
f 2508 632 2525
f 2522 2525 635
f 2508 2525 2522
f 632 2507 2509
f 2507 42 2449
f 2509 2449 618
f 2507 2449 2509
f 635 2523 2521
f 2523 618 2450
f 2521 2450 158
f 2523 2450 2521
f 632 2509 2525
f 2509 618 2523
f 2525 2523 635
f 2509 2523 2525
f 139 2451 2118
f 2451 619 2453
f 2118 2453 537
f 2451 2453 2118
f 619 2452 2454
f 2452 158 2446
f 2454 2446 617
f 2452 2446 2454
f 537 2447 2117
f 2447 617 2445
f 2117 2445 12
f 2447 2445 2117
f 619 2454 2453
f 2454 617 2447
f 2453 2447 537
f 2454 2447 2453
f 161 2522 2512
f 2522 635 2526
f 2512 2526 633
f 2522 2526 2512
f 635 2521 2524
f 2521 158 2452
f 2524 2452 619
f 2521 2452 2524
f 633 2514 2511
f 2514 619 2451
f 2511 2451 139
f 2514 2451 2511
f 635 2524 2526
f 2524 619 2514
f 2526 2514 633
f 2524 2514 2526
f 34 2459 2138
f 2459 621 2462
f 2138 2462 543
f 2459 2462 2138
f 621 2460 2474
f 2460 159 2472
f 2474 2472 624
f 2460 2472 2474
f 543 2473 2139
f 2473 624 2471
f 2139 2471 141
f 2473 2471 2139
f 621 2474 2462
f 2474 624 2473
f 2462 2473 543
f 2474 2473 2462
f 159 2464 2527
f 2464 622 2529
f 2527 2529 636
f 2464 2529 2527
f 622 2463 2510
f 2463 42 2507
f 2510 2507 632
f 2463 2507 2510
f 636 2531 2528
f 2531 632 2508
f 2528 2508 161
f 2531 2508 2528
f 622 2510 2529
f 2510 632 2531
f 2529 2531 636
f 2510 2531 2529
f 141 2516 2142
f 2516 634 2518
f 2142 2518 544
f 2516 2518 2142
f 634 2517 2520
f 2517 161 2504
f 2520 2504 631
f 2517 2504 2520
f 544 2506 2141
f 2506 631 2503
f 2141 2503 38
f 2506 2503 2141
f 634 2520 2518
f 2520 631 2506
f 2518 2506 544
f 2520 2506 2518
f 159 2527 2472
f 2527 636 2530
f 2472 2530 624
f 2527 2530 2472
f 636 2528 2532
f 2528 161 2517
f 2532 2517 634
f 2528 2517 2532
f 624 2519 2471
f 2519 634 2516
f 2471 2516 141
f 2519 2516 2471
f 636 2532 2530
f 2532 634 2519
f 2530 2519 624
f 2532 2519 2530
f 2 789 1359
f 789 206 1361
f 1359 1361 353
f 789 1361 1359
f 206 790 1367
f 790 57 1365
f 1367 1365 355
f 790 1365 1367
f 353 1368 1360
f 1368 355 1366
f 1360 1366 96
f 1368 1366 1360
f 206 1367 1361
f 1367 355 1368
f 1361 1368 353
f 1367 1368 1361
f 57 793 1383
f 793 207 1385
f 1383 1385 361
f 793 1385 1383
f 207 792 1379
f 792 18 1377
f 1379 1377 359
f 792 1377 1379
f 361 1387 1384
f 1387 359 1378
f 1384 1378 98
f 1387 1378 1384
f 207 1379 1385
f 1379 359 1387
f 1385 1387 361
f 1379 1387 1385
f 96 1388 1364
f 1388 362 1390
f 1364 1390 354
f 1388 1390 1364
f 362 1389 1392
f 1389 98 1381
f 1392 1381 360
f 1389 1381 1392
f 354 1382 1363
f 1382 360 1380
f 1363 1380 29
f 1382 1380 1363
f 362 1392 1390
f 1392 360 1382
f 1390 1382 354
f 1392 1382 1390
f 57 1383 1365
f 1383 361 1386
f 1365 1386 355
f 1383 1386 1365
f 361 1384 1393
f 1384 98 1389
f 1393 1389 362
f 1384 1389 1393
f 355 1391 1366
f 1391 362 1388
f 1366 1388 96
f 1391 1388 1366
f 361 1393 1386
f 1393 362 1391
f 1386 1391 355
f 1393 1391 1386
f 18 801 1583
f 801 210 1585
f 1583 1585 411
f 801 1585 1583
f 210 802 1592
f 802 58 1590
f 1592 1590 413
f 802 1590 1592
f 411 1594 1584
f 1594 413 1591
f 1584 1591 111
f 1594 1591 1584
f 210 1592 1585
f 1592 413 1594
f 1585 1594 411
f 1592 1594 1585
f 58 799 1561
f 799 209 1563
f 1561 1563 405
f 799 1563 1561
f 209 798 1557
f 798 6 1555
f 1557 1555 403
f 798 1555 1557
f 405 1564 1562
f 1564 403 1556
f 1562 1556 109
f 1564 1556 1562
f 209 1557 1563
f 1557 403 1564
f 1563 1564 405
f 1557 1564 1563
f 111 1600 1588
f 1600 415 1603
f 1588 1603 412
f 1600 1603 1588
f 415 1599 1601
f 1599 109 1560
f 1601 1560 404
f 1599 1560 1601
f 412 1589 1587
f 1589 404 1559
f 1587 1559 32
f 1589 1559 1587
f 415 1601 1603
f 1601 404 1589
f 1603 1589 412
f 1601 1589 1603
f 58 1561 1590
f 1561 405 1593
f 1590 1593 413
f 1561 1593 1590
f 405 1562 1602
f 1562 109 1599
f 1602 1599 415
f 1562 1599 1602
f 413 1604 1591
f 1604 415 1600
f 1591 1600 111
f 1604 1600 1591
f 405 1602 1593
f 1602 415 1604
f 1593 1604 413
f 1602 1604 1593
f 29 1627 1375
f 1627 421 1629
f 1375 1629 358
f 1627 1629 1375
f 421 1628 1639
f 1628 113 1636
f 1639 1636 423
f 1628 1636 1639
f 358 1637 1376
f 1637 423 1635
f 1376 1635 97
f 1637 1635 1376
f 421 1639 1629
f 1639 423 1637
f 1629 1637 358
f 1639 1637 1629
f 113 1632 1646
f 1632 422 1649
f 1646 1649 425
f 1632 1649 1646
f 422 1631 1633
f 1631 32 1573
f 1633 1573 408
f 1631 1573 1633
f 425 1647 1645
f 1647 408 1574
f 1645 1574 110
f 1647 1574 1645
f 422 1633 1649
f 1633 408 1647
f 1649 1647 425
f 1633 1647 1649
f 97 1575 1374
f 1575 409 1577
f 1374 1577 357
f 1575 1577 1374
f 409 1576 1578
f 1576 110 1570
f 1578 1570 407
f 1576 1570 1578
f 357 1571 1373
f 1571 407 1569
f 1373 1569 10
f 1571 1569 1373
f 409 1578 1577
f 1578 407 1571
f 1577 1571 357
f 1578 1571 1577
f 113 1646 1636
f 1646 425 1650
f 1636 1650 423
f 1646 1650 1636
f 425 1645 1648
f 1645 110 1576
f 1648 1576 409
f 1645 1576 1648
f 423 1638 1635
f 1638 409 1575
f 1635 1575 97
f 1638 1575 1635
f 425 1648 1650
f 1648 409 1638
f 1650 1638 423
f 1648 1638 1650
f 18 1583 1377
f 1583 411 1586
f 1377 1586 359
f 1583 1586 1377
f 411 1584 1598
f 1584 111 1596
f 1598 1596 414
f 1584 1596 1598
f 359 1597 1378
f 1597 414 1595
f 1378 1595 98
f 1597 1595 1378
f 411 1598 1586
f 1598 414 1597
f 1586 1597 359
f 1598 1597 1586
f 111 1588 1651
f 1588 412 1653
f 1651 1653 426
f 1588 1653 1651
f 412 1587 1634
f 1587 32 1631
f 1634 1631 422
f 1587 1631 1634
f 426 1655 1652
f 1655 422 1632
f 1652 1632 113
f 1655 1632 1652
f 412 1634 1653
f 1634 422 1655
f 1653 1655 426
f 1634 1655 1653
f 98 1640 1381
f 1640 424 1642
f 1381 1642 360
f 1640 1642 1381
f 424 1641 1644
f 1641 113 1628
f 1644 1628 421
f 1641 1628 1644
f 360 1630 1380
f 1630 421 1627
f 1380 1627 29
f 1630 1627 1380
f 424 1644 1642
f 1644 421 1630
f 1642 1630 360
f 1644 1630 1642
f 111 1651 1596
f 1651 426 1654
f 1596 1654 414
f 1651 1654 1596
f 426 1652 1656
f 1652 113 1641
f 1656 1641 424
f 1652 1641 1656
f 414 1643 1595
f 1643 424 1640
f 1595 1640 98
f 1643 1640 1595
f 426 1656 1654
f 1656 424 1643
f 1654 1643 414
f 1656 1643 1654
f 6 2299 863
f 2299 583 2302
f 863 2302 225
f 2299 2302 863
f 583 2300 2312
f 2300 151 2310
f 2312 2310 586
f 2300 2310 2312
f 225 2311 864
f 2311 586 2309
f 864 2309 62
f 2311 2309 864
f 583 2312 2302
f 2312 586 2311
f 2302 2311 225
f 2312 2311 2302
f 151 2304 2365
f 2304 584 2367
f 2365 2367 600
f 2304 2367 2365
f 584 2303 2355
f 2303 41 2353
f 2355 2353 597
f 2303 2353 2355
f 600 2369 2366
f 2369 597 2354
f 2366 2354 154
f 2369 2354 2366
f 584 2355 2367
f 2355 597 2369
f 2367 2369 600
f 2355 2369 2367
f 62 2356 866
f 2356 598 2358
f 866 2358 226
f 2356 2358 866
f 598 2357 2360
f 2357 154 2350
f 2360 2350 596
f 2357 2350 2360
f 226 2351 865
f 2351 596 2349
f 865 2349 19
f 2351 2349 865
f 598 2360 2358
f 2360 596 2351
f 2358 2351 226
f 2360 2351 2358
f 151 2365 2310
f 2365 600 2368
f 2310 2368 586
f 2365 2368 2310
f 600 2366 2370
f 2366 154 2357
f 2370 2357 598
f 2366 2357 2370
f 586 2359 2309
f 2359 598 2356
f 2309 2356 62
f 2359 2356 2309
f 600 2370 2368
f 2370 598 2359
f 2368 2359 586
f 2370 2359 2368
f 41 2317 2405
f 2317 588 2407
f 2405 2407 608
f 2317 2407 2405
f 588 2318 2421
f 2318 152 2419
f 2421 2419 611
f 2318 2419 2421
f 608 2423 2406
f 2423 611 2420
f 2406 2420 156
f 2423 2420 2406
f 588 2421 2407
f 2421 611 2423
f 2407 2423 608
f 2421 2423 2407
f 152 2314 2324
f 2314 587 2326
f 2324 2326 590
f 2314 2326 2324
f 587 2313 2316
f 2313 12 2221
f 2316 2221 565
f 2313 2221 2316
f 590 2325 2323
f 2325 565 2222
f 2323 2222 147
f 2325 2222 2323
f 587 2316 2326
f 2316 565 2325
f 2326 2325 590
f 2316 2325 2326
f 156 2410 2402
f 2410 609 2413
f 2402 2413 607
f 2410 2413 2402
f 609 2409 2411
f 2409 147 2225
f 2411 2225 566
f 2409 2225 2411
f 607 2403 2401
f 2403 566 2224
f 2401 2224 40
f 2403 2224 2401
f 609 2411 2413
f 2411 566 2403
f 2413 2403 607
f 2411 2403 2413
f 152 2324 2419
f 2324 590 2422
f 2419 2422 611
f 2324 2422 2419
f 590 2323 2412
f 2323 147 2409
f 2412 2409 609
f 2323 2409 2412
f 611 2424 2420
f 2424 609 2410
f 2420 2410 156
f 2424 2410 2420
f 590 2412 2422
f 2412 609 2424
f 2422 2424 611
f 2412 2424 2422
f 19 2252 861
f 2252 573 2254
f 861 2254 224
f 2252 2254 861
f 573 2253 2262
f 2253 149 2259
f 2262 2259 575
f 2253 2259 2262
f 224 2260 862
f 2260 575 2258
f 862 2258 61
f 2260 2258 862
f 573 2262 2254
f 2262 575 2260
f 2254 2260 224
f 2262 2260 2254
f 149 2256 2264
f 2256 574 2267
f 2264 2267 576
f 2256 2267 2264
f 574 2255 2257
f 2255 40 2211
f 2257 2211 562
f 2255 2211 2257
f 576 2265 2263
f 2265 562 2212
f 2263 2212 146
f 2265 2212 2263
f 574 2257 2267
f 2257 562 2265
f 2267 2265 576
f 2257 2265 2267
f 61 2217 860
f 2217 564 2219
f 860 2219 223
f 2217 2219 860
f 564 2218 2220
f 2218 146 2208
f 2220 2208 561
f 2218 2208 2220
f 223 2210 859
f 2210 561 2207
f 859 2207 5
f 2210 2207 859
f 564 2220 2219
f 2220 561 2210
f 2219 2210 223
f 2220 2210 2219
f 149 2264 2259
f 2264 576 2268
f 2259 2268 575
f 2264 2268 2259
f 576 2263 2266
f 2263 146 2218
f 2266 2218 564
f 2263 2218 2266
f 575 2261 2258
f 2261 564 2217
f 2258 2217 61
f 2261 2217 2258
f 576 2266 2268
f 2266 564 2261
f 2268 2261 575
f 2266 2261 2268
f 41 2405 2353
f 2405 608 2408
f 2353 2408 597
f 2405 2408 2353
f 608 2406 2429
f 2406 156 2426
f 2429 2426 612
f 2406 2426 2429
f 597 2427 2354
f 2427 612 2425
f 2354 2425 154
f 2427 2425 2354
f 608 2429 2408
f 2429 612 2427
f 2408 2427 597
f 2429 2427 2408
f 156 2402 2415
f 2402 607 2418
f 2415 2418 610
f 2402 2418 2415
f 607 2401 2404
f 2401 40 2255
f 2404 2255 574
f 2401 2255 2404
f 610 2416 2414
f 2416 574 2256
f 2414 2256 149
f 2416 2256 2414
f 607 2404 2418
f 2404 574 2416
f 2418 2416 610
f 2404 2416 2418
f 154 2362 2350
f 2362 599 2364
f 2350 2364 596
f 2362 2364 2350
f 599 2361 2363
f 2361 149 2253
f 2363 2253 573
f 2361 2253 2363
f 596 2352 2349
f 2352 573 2252
f 2349 2252 19
f 2352 2252 2349
f 599 2363 2364
f 2363 573 2352
f 2364 2352 596
f 2363 2352 2364
f 156 2415 2426
f 2415 610 2430
f 2426 2430 612
f 2415 2430 2426
f 610 2414 2417
f 2414 149 2361
f 2417 2361 599
f 2414 2361 2417
f 612 2428 2425
f 2428 599 2362
f 2425 2362 154
f 2428 2362 2425
f 610 2417 2430
f 2417 599 2428
f 2430 2428 612
f 2417 2428 2430
f 12 2445 2169
f 2445 617 2448
f 2169 2448 551
f 2445 2448 2169
f 617 2446 2458
f 2446 158 2456
f 2458 2456 620
f 2446 2456 2458
f 551 2457 2170
f 2457 620 2455
f 2170 2455 143
f 2457 2455 2170
f 617 2458 2448
f 2458 620 2457
f 2448 2457 551
f 2458 2457 2448
f 158 2450 2551
f 2450 618 2553
f 2551 2553 641
f 2450 2553 2551
f 618 2449 2539
f 2449 42 2537
f 2539 2537 638
f 2449 2537 2539
f 641 2555 2552
f 2555 638 2538
f 2552 2538 162
f 2555 2538 2552
f 618 2539 2553
f 2539 638 2555
f 2553 2555 641
f 2539 2555 2553
f 143 2541 2172
f 2541 639 2543
f 2172 2543 552
f 2541 2543 2172
f 639 2542 2545
f 2542 162 2534
f 2545 2534 637
f 2542 2534 2545
f 552 2535 2171
f 2535 637 2533
f 2171 2533 39
f 2535 2533 2171
f 639 2545 2543
f 2545 637 2535
f 2543 2535 552
f 2545 2535 2543
f 158 2551 2456
f 2551 641 2554
f 2456 2554 620
f 2551 2554 2456
f 641 2552 2556
f 2552 162 2542
f 2556 2542 639
f 2552 2542 2556
f 620 2544 2455
f 2544 639 2541
f 2455 2541 143
f 2544 2541 2455
f 641 2556 2554
f 2556 639 2544
f 2554 2544 620
f 2556 2544 2554
f 42 2435 2485
f 2435 614 2487
f 2485 2487 627
f 2435 2487 2485
f 614 2436 2499
f 2436 157 2497
f 2499 2497 630
f 2436 2497 2499
f 627 2501 2486
f 2501 630 2498
f 2486 2498 160
f 2501 2498 2486
f 614 2499 2487
f 2499 630 2501
f 2487 2501 627
f 2499 2501 2487
f 157 2432 2442
f 2432 613 2444
f 2442 2444 616
f 2432 2444 2442
f 613 2431 2434
f 2431 11 1858
f 2434 1858 475
f 2431 1858 2434
f 616 2443 2441
f 2443 475 1859
f 2441 1859 125
f 2443 1859 2441
f 613 2434 2444
f 2434 475 2443
f 2444 2443 616
f 2434 2443 2444
f 160 2489 2482
f 2489 628 2492
f 2482 2492 626
f 2489 2492 2482
f 628 2488 2490
f 2488 125 1861
f 2490 1861 476
f 2488 1861 2490
f 626 2483 2481
f 2483 476 1860
f 2481 1860 35
f 2483 1860 2481
f 628 2490 2492
f 2490 476 2483
f 2492 2483 626
f 2490 2483 2492
f 157 2442 2497
f 2442 616 2500
f 2497 2500 630
f 2442 2500 2497
f 616 2441 2491
f 2441 125 2488
f 2491 2488 628
f 2441 2488 2491
f 630 2502 2498
f 2502 628 2489
f 2498 2489 160
f 2502 2489 2498
f 616 2491 2500
f 2491 628 2502
f 2500 2502 630
f 2491 2502 2500
f 39 2193 2159
f 2193 558 2195
f 2159 2195 548
f 2193 2195 2159
f 558 2194 2205
f 2194 145 2202
f 2205 2202 560
f 2194 2202 2205
f 548 2203 2160
f 2203 560 2201
f 2160 2201 142
f 2203 2201 2160
f 558 2205 2195
f 2205 560 2203
f 2195 2203 548
f 2205 2203 2195
f 145 2191 2197
f 2191 557 2200
f 2197 2200 559
f 2191 2200 2197
f 557 2190 2192
f 2190 35 1852
f 2192 1852 473
f 2190 1852 2192
f 559 2198 2196
f 2198 473 1853
f 2196 1853 124
f 2198 1853 2196
f 557 2192 2200
f 2192 473 2198
f 2200 2198 559
f 2192 2198 2200
f 142 2166 2156
f 2166 550 2168
f 2156 2168 547
f 2166 2168 2156
f 550 2165 2167
f 2165 124 1850
f 2167 1850 472
f 2165 1850 2167
f 547 2158 2155
f 2158 472 1849
f 2155 1849 3
f 2158 1849 2155
f 550 2167 2168
f 2167 472 2158
f 2168 2158 547
f 2167 2158 2168
f 145 2197 2202
f 2197 559 2206
f 2202 2206 560
f 2197 2206 2202
f 559 2196 2199
f 2196 124 2165
f 2199 2165 550
f 2196 2165 2199
f 560 2204 2201
f 2204 550 2166
f 2201 2166 142
f 2204 2166 2201
f 559 2199 2206
f 2199 550 2204
f 2206 2204 560
f 2199 2204 2206
f 42 2485 2537
f 2485 627 2540
f 2537 2540 638
f 2485 2540 2537
f 627 2486 2559
f 2486 160 2557
f 2559 2557 642
f 2486 2557 2559
f 638 2561 2538
f 2561 642 2558
f 2538 2558 162
f 2561 2558 2538
f 627 2559 2540
f 2559 642 2561
f 2540 2561 638
f 2559 2561 2540
f 160 2482 2494
f 2482 626 2496
f 2494 2496 629
f 2482 2496 2494
f 626 2481 2484
f 2481 35 2190
f 2484 2190 557
f 2481 2190 2484
f 629 2495 2493
f 2495 557 2191
f 2493 2191 145
f 2495 2191 2493
f 626 2484 2496
f 2484 557 2495
f 2496 2495 629
f 2484 2495 2496
f 162 2547 2534
f 2547 640 2550
f 2534 2550 637
f 2547 2550 2534
f 640 2546 2548
f 2546 145 2194
f 2548 2194 558
f 2546 2194 2548
f 637 2536 2533
f 2536 558 2193
f 2533 2193 39
f 2536 2193 2533
f 640 2548 2550
f 2548 558 2536
f 2550 2536 637
f 2548 2536 2550
f 160 2494 2557
f 2494 629 2560
f 2557 2560 642
f 2494 2560 2557
f 629 2493 2549
f 2493 145 2546
f 2549 2546 640
f 2493 2546 2549
f 642 2562 2558
f 2562 640 2547
f 2558 2547 162
f 2562 2547 2558
f 629 2549 2560
f 2549 640 2562
f 2560 2562 642
f 2549 2562 2560
f 11 1985 1893
f 1985 507 1988
f 1893 1988 485
f 1985 1988 1893
f 507 1986 1998
f 1986 133 1996
f 1998 1996 510
f 1986 1996 1998
f 485 1997 1894
f 1997 510 1995
f 1894 1995 128
f 1997 1995 1894
f 507 1998 1988
f 1998 510 1997
f 1988 1997 485
f 1998 1997 1988
f 133 1990 2091
f 1990 508 2093
f 2091 2093 531
f 1990 2093 2091
f 508 1989 2079
f 1989 37 2077
f 2079 2077 528
f 1989 2077 2079
f 531 2095 2092
f 2095 528 2078
f 2092 2078 137
f 2095 2078 2092
f 508 2079 2093
f 2079 528 2095
f 2093 2095 531
f 2079 2095 2093
f 128 2081 1897
f 2081 529 2083
f 1897 2083 486
f 2081 2083 1897
f 529 2082 2085
f 2082 137 2074
f 2085 2074 527
f 2082 2074 2085
f 486 2075 1896
f 2075 527 2073
f 1896 2073 36
f 2075 2073 1896
f 529 2085 2083
f 2085 527 2075
f 2083 2075 486
f 2085 2075 2083
f 133 2091 1996
f 2091 531 2094
f 1996 2094 510
f 2091 2094 1996
f 531 2092 2096
f 2092 137 2082
f 2096 2082 529
f 2092 2082 2096
f 510 2084 1995
f 2084 529 2081
f 1995 2081 128
f 2084 2081 1995
f 531 2096 2094
f 2096 529 2084
f 2094 2084 510
f 2096 2084 2094
f 37 1975 2025
f 1975 504 2027
f 2025 2027 517
f 1975 2027 2025
f 504 1976 2039
f 1976 132 2037
f 2039 2037 520
f 1976 2037 2039
f 517 2041 2026
f 2041 520 2038
f 2026 2038 135
f 2041 2038 2026
f 504 2039 2027
f 2039 520 2041
f 2027 2041 517
f 2039 2041 2027
f 132 1972 1982
f 1972 503 1984
f 1982 1984 506
f 1972 1984 1982
f 503 1971 1974
f 1971 8 1071
f 1974 1071 281
f 1971 1071 1974
f 506 1983 1981
f 1983 281 1072
f 1981 1072 78
f 1983 1072 1981
f 503 1974 1984
f 1974 281 1983
f 1984 1983 506
f 1974 1983 1984
f 135 2029 2022
f 2029 518 2032
f 2022 2032 516
f 2029 2032 2022
f 518 2028 2030
f 2028 78 1074
f 2030 1074 282
f 2028 1074 2030
f 516 2023 2021
f 2023 282 1073
f 2021 1073 24
f 2023 1073 2021
f 518 2030 2032
f 2030 282 2023
f 2032 2023 516
f 2030 2023 2032
f 132 1982 2037
f 1982 506 2040
f 2037 2040 520
f 1982 2040 2037
f 506 1981 2031
f 1981 78 2028
f 2031 2028 518
f 1981 2028 2031
f 520 2042 2038
f 2042 518 2029
f 2038 2029 135
f 2042 2029 2038
f 506 2031 2040
f 2031 518 2042
f 2040 2042 520
f 2031 2042 2040
f 36 1927 1883
f 1927 494 1929
f 1883 1929 482
f 1927 1929 1883
f 494 1928 1939
f 1928 130 1936
f 1939 1936 496
f 1928 1936 1939
f 482 1937 1884
f 1937 496 1935
f 1884 1935 127
f 1937 1935 1884
f 494 1939 1929
f 1939 496 1937
f 1929 1937 482
f 1939 1937 1929
f 130 1925 1931
f 1925 493 1934
f 1931 1934 495
f 1925 1934 1931
f 493 1924 1926
f 1924 24 1069
f 1926 1069 280
f 1924 1069 1926
f 495 1932 1930
f 1932 280 1070
f 1930 1070 77
f 1932 1070 1930
f 493 1926 1934
f 1926 280 1932
f 1934 1932 495
f 1926 1932 1934
f 127 1890 1880
f 1890 484 1892
f 1880 1892 481
f 1890 1892 1880
f 484 1889 1891
f 1889 77 1068
f 1891 1068 279
f 1889 1068 1891
f 481 1882 1879
f 1882 279 1067
f 1879 1067 7
f 1882 1067 1879
f 484 1891 1892
f 1891 279 1882
f 1892 1882 481
f 1891 1882 1892
f 130 1931 1936
f 1931 495 1940
f 1936 1940 496
f 1931 1940 1936
f 495 1930 1933
f 1930 77 1889
f 1933 1889 484
f 1930 1889 1933
f 496 1938 1935
f 1938 484 1890
f 1935 1890 127
f 1938 1890 1935
f 495 1933 1940
f 1933 484 1938
f 1940 1938 496
f 1933 1938 1940
f 37 2025 2077
f 2025 517 2080
f 2077 2080 528
f 2025 2080 2077
f 517 2026 2099
f 2026 135 2097
f 2099 2097 532
f 2026 2097 2099
f 528 2101 2078
f 2101 532 2098
f 2078 2098 137
f 2101 2098 2078
f 517 2099 2080
f 2099 532 2101
f 2080 2101 528
f 2099 2101 2080
f 135 2022 2034
f 2022 516 2036
f 2034 2036 519
f 2022 2036 2034
f 516 2021 2024
f 2021 24 1924
f 2024 1924 493
f 2021 1924 2024
f 519 2035 2033
f 2035 493 1925
f 2033 1925 130
f 2035 1925 2033
f 516 2024 2036
f 2024 493 2035
f 2036 2035 519
f 2024 2035 2036
f 137 2087 2074
f 2087 530 2090
f 2074 2090 527
f 2087 2090 2074
f 530 2086 2088
f 2086 130 1928
f 2088 1928 494
f 2086 1928 2088
f 527 2076 2073
f 2076 494 1927
f 2073 1927 36
f 2076 1927 2073
f 530 2088 2090
f 2088 494 2076
f 2090 2076 527
f 2088 2076 2090
f 135 2034 2097
f 2034 519 2100
f 2097 2100 532
f 2034 2100 2097
f 519 2033 2089
f 2033 130 2086
f 2089 2086 530
f 2033 2086 2089
f 532 2102 2098
f 2102 530 2087
f 2098 2087 137
f 2102 2087 2098
f 519 2089 2100
f 2089 530 2102
f 2100 2102 532
f 2089 2102 2100
f 8 1006 1227
f 1006 265 1229
f 1227 1229 323
f 1006 1229 1227
f 265 1007 1235
f 1007 74 1233
f 1235 1233 325
f 1007 1233 1235
f 323 1236 1228
f 1236 325 1234
f 1228 1234 90
f 1236 1234 1228
f 265 1235 1229
f 1235 325 1236
f 1229 1236 323
f 1235 1236 1229
f 74 1010 1262
f 1010 266 1264
f 1262 1264 333
f 1010 1264 1262
f 266 1009 1257
f 1009 23 1255
f 1257 1255 331
f 1009 1255 1257
f 333 1266 1263
f 1266 331 1256
f 1263 1256 92
f 1266 1256 1263
f 266 1257 1264
f 1257 331 1266
f 1264 1266 333
f 1257 1266 1264
f 90 1271 1232
f 1271 335 1273
f 1232 1273 324
f 1271 1273 1232
f 335 1272 1275
f 1272 92 1260
f 1275 1260 332
f 1272 1260 1275
f 324 1261 1231
f 1261 332 1259
f 1231 1259 28
f 1261 1259 1231
f 335 1275 1273
f 1275 332 1261
f 1273 1261 324
f 1275 1261 1273
f 74 1262 1233
f 1262 333 1265
f 1233 1265 325
f 1262 1265 1233
f 333 1263 1276
f 1263 92 1272
f 1276 1272 335
f 1263 1272 1276
f 325 1274 1234
f 1274 335 1271
f 1234 1271 90
f 1274 1271 1234
f 333 1276 1265
f 1276 335 1274
f 1265 1274 325
f 1276 1274 1265
f 23 1000 1088
f 1000 263 1090
f 1088 1090 288
f 1000 1090 1088
f 263 1001 1096
f 1001 73 1094
f 1096 1094 290
f 1001 1094 1096
f 288 1098 1089
f 1098 290 1095
f 1089 1095 81
f 1098 1095 1089
f 263 1096 1090
f 1096 290 1098
f 1090 1098 288
f 1096 1098 1090
f 73 998 1080
f 998 262 1082
f 1080 1082 285
f 998 1082 1080
f 262 997 1077
f 997 2 1075
f 1077 1075 283
f 997 1075 1077
f 285 1083 1081
f 1083 283 1076
f 1081 1076 79
f 1083 1076 1081
f 262 1077 1082
f 1077 283 1083
f 1082 1083 285
f 1077 1083 1082
f 81 1100 1092
f 1100 291 1103
f 1092 1103 289
f 1100 1103 1092
f 291 1099 1101
f 1099 79 1079
f 1101 1079 284
f 1099 1079 1101
f 289 1093 1091
f 1093 284 1078
f 1091 1078 25
f 1093 1078 1091
f 291 1101 1103
f 1101 284 1093
f 1103 1093 289
f 1101 1093 1103
f 73 1080 1094
f 1080 285 1097
f 1094 1097 290
f 1080 1097 1094
f 285 1081 1102
f 1081 79 1099
f 1102 1099 291
f 1081 1099 1102
f 290 1104 1095
f 1104 291 1100
f 1095 1100 81
f 1104 1100 1095
f 285 1102 1097
f 1102 291 1104
f 1097 1104 290
f 1102 1104 1097
f 28 1303 1245
f 1303 342 1305
f 1245 1305 328
f 1303 1305 1245
f 342 1304 1321
f 1304 94 1318
f 1321 1318 345
f 1304 1318 1321
f 328 1319 1246
f 1319 345 1317
f 1246 1317 91
f 1319 1317 1246
f 342 1321 1305
f 1321 345 1319
f 1305 1319 328
f 1321 1319 1305
f 94 1300 1308
f 1300 341 1311
f 1308 1311 343
f 1300 1311 1308
f 341 1299 1301
f 1299 25 1086
f 1301 1086 287
f 1299 1086 1301
f 343 1309 1307
f 1309 287 1087
f 1307 1087 80
f 1309 1087 1307
f 341 1301 1311
f 1301 287 1309
f 1311 1309 343
f 1301 1309 1311
f 91 1248 1242
f 1248 329 1250
f 1242 1250 327
f 1248 1250 1242
f 329 1247 1249
f 1247 80 1085
f 1249 1085 286
f 1247 1085 1249
f 327 1243 1241
f 1243 286 1084
f 1241 1084 9
f 1243 1084 1241
f 329 1249 1250
f 1249 286 1243
f 1250 1243 327
f 1249 1243 1250
f 94 1308 1318
f 1308 343 1322
f 1318 1322 345
f 1308 1322 1318
f 343 1307 1310
f 1307 80 1247
f 1310 1247 329
f 1307 1247 1310
f 345 1320 1317
f 1320 329 1248
f 1317 1248 91
f 1320 1248 1317
f 343 1310 1322
f 1310 329 1320
f 1322 1320 345
f 1310 1320 1322
f 23 1088 1255
f 1088 288 1258
f 1255 1258 331
f 1088 1258 1255
f 288 1089 1269
f 1089 81 1267
f 1269 1267 334
f 1089 1267 1269
f 331 1270 1256
f 1270 334 1268
f 1256 1268 92
f 1270 1268 1256
f 288 1269 1258
f 1269 334 1270
f 1258 1270 331
f 1269 1270 1258
f 81 1092 1312
f 1092 289 1314
f 1312 1314 344
f 1092 1314 1312
f 289 1091 1302
f 1091 25 1299
f 1302 1299 341
f 1091 1299 1302
f 344 1316 1313
f 1316 341 1300
f 1313 1300 94
f 1316 1300 1313
f 289 1302 1314
f 1302 341 1316
f 1314 1316 344
f 1302 1316 1314
f 92 1323 1260
f 1323 346 1325
f 1260 1325 332
f 1323 1325 1260
f 346 1324 1327
f 1324 94 1304
f 1327 1304 342
f 1324 1304 1327
f 332 1306 1259
f 1306 342 1303
f 1259 1303 28
f 1306 1303 1259
f 346 1327 1325
f 1327 342 1306
f 1325 1306 332
f 1327 1306 1325
f 81 1312 1267
f 1312 344 1315
f 1267 1315 334
f 1312 1315 1267
f 344 1313 1328
f 1313 94 1324
f 1328 1324 346
f 1313 1324 1328
f 334 1326 1268
f 1326 346 1323
f 1268 1323 92
f 1326 1323 1268
f 344 1328 1315
f 1328 346 1326
f 1315 1326 334
f 1328 1326 1315
f 4 1411 689
f 1411 367 1413
f 689 1413 180
f 1411 1413 689
f 367 1412 1420
f 1412 100 1418
f 1420 1418 369
f 1412 1418 1420
f 180 1419 690
f 1419 369 1417
f 690 1417 50
f 1419 1417 690
f 367 1420 1413
f 1420 369 1419
f 1413 1419 180
f 1420 1419 1413
f 100 1416 1440
f 1416 368 1442
f 1440 1442 376
f 1416 1442 1440
f 368 1415 1434
f 1415 30 1432
f 1434 1432 374
f 1415 1432 1434
f 376 1444 1441
f 1444 374 1433
f 1441 1433 102
f 1444 1433 1441
f 368 1434 1442
f 1434 374 1444
f 1442 1444 376
f 1434 1444 1442
f 50 1435 693
f 1435 375 1437
f 693 1437 181
f 1435 1437 693
f 375 1436 1439
f 1436 102 1430
f 1439 1430 373
f 1436 1430 1439
f 181 1431 692
f 1431 373 1429
f 692 1429 16
f 1431 1429 692
f 375 1439 1437
f 1439 373 1431
f 1437 1431 181
f 1439 1431 1437
f 100 1440 1418
f 1440 376 1443
f 1418 1443 369
f 1440 1443 1418
f 376 1441 1445
f 1441 102 1436
f 1445 1436 375
f 1441 1436 1445
f 369 1438 1417
f 1438 375 1435
f 1417 1435 50
f 1438 1435 1417
f 376 1445 1443
f 1445 375 1438
f 1443 1438 369
f 1445 1438 1443
f 30 1427 1525
f 1427 372 1527
f 1525 1527 397
f 1427 1527 1525
f 372 1428 1535
f 1428 101 1533
f 1535 1533 399
f 1428 1533 1535
f 397 1537 1526
f 1537 399 1534
f 1526 1534 108
f 1537 1534 1526
f 372 1535 1527
f 1535 399 1537
f 1527 1537 397
f 1535 1537 1527
f 101 1426 1482
f 1426 371 1484
f 1482 1484 387
f 1426 1484 1482
f 371 1425 1479
f 1425 10 1477
f 1479 1477 385
f 1425 1477 1479
f 387 1485 1483
f 1485 385 1478
f 1483 1478 105
f 1485 1478 1483
f 371 1479 1484
f 1479 385 1485
f 1484 1485 387
f 1479 1485 1484
f 108 1544 1530
f 1544 401 1547
f 1530 1547 398
f 1544 1547 1530
f 401 1543 1545
f 1543 105 1481
f 1545 1481 386
f 1543 1481 1545
f 398 1531 1529
f 1531 386 1480
f 1529 1480 31
f 1531 1480 1529
f 401 1545 1547
f 1545 386 1531
f 1547 1531 398
f 1545 1531 1547
f 101 1482 1533
f 1482 387 1536
f 1533 1536 399
f 1482 1536 1533
f 387 1483 1546
f 1483 105 1543
f 1546 1543 401
f 1483 1543 1546
f 399 1548 1534
f 1548 401 1544
f 1534 1544 108
f 1548 1544 1534
f 387 1546 1536
f 1546 401 1548
f 1536 1548 399
f 1546 1548 1536
f 16 1486 701
f 1486 388 1488
f 701 1488 184
f 1486 1488 701
f 388 1487 1497
f 1487 106 1494
f 1497 1494 390
f 1487 1494 1497
f 184 1495 702
f 1495 390 1493
f 702 1493 51
f 1495 1493 702
f 388 1497 1488
f 1497 390 1495
f 1488 1495 184
f 1497 1495 1488
f 106 1491 1503
f 1491 389 1506
f 1503 1506 392
f 1491 1506 1503
f 389 1490 1492
f 1490 31 1467
f 1492 1467 382
f 1490 1467 1492
f 392 1504 1502
f 1504 382 1468
f 1502 1468 104
f 1504 1468 1502
f 389 1492 1506
f 1492 382 1504
f 1506 1504 392
f 1492 1504 1506
f 51 1469 699
f 1469 383 1471
f 699 1471 183
f 1469 1471 699
f 383 1470 1472
f 1470 104 1464
f 1472 1464 381
f 1470 1464 1472
f 183 1465 698
f 1465 381 1463
f 698 1463 5
f 1465 1463 698
f 383 1472 1471
f 1472 381 1465
f 1471 1465 183
f 1472 1465 1471
f 106 1503 1494
f 1503 392 1507
f 1494 1507 390
f 1503 1507 1494
f 392 1502 1505
f 1502 104 1470
f 1505 1470 383
f 1502 1470 1505
f 390 1496 1493
f 1496 383 1469
f 1493 1469 51
f 1496 1469 1493
f 392 1505 1507
f 1505 383 1496
f 1507 1496 390
f 1505 1496 1507
f 30 1525 1432
f 1525 397 1528
f 1432 1528 374
f 1525 1528 1432
f 397 1526 1542
f 1526 108 1539
f 1542 1539 400
f 1526 1539 1542
f 374 1540 1433
f 1540 400 1538
f 1433 1538 102
f 1540 1538 1433
f 397 1542 1528
f 1542 400 1540
f 1528 1540 374
f 1542 1540 1528
f 108 1530 1550
f 1530 398 1553
f 1550 1553 402
f 1530 1553 1550
f 398 1529 1532
f 1529 31 1490
f 1532 1490 389
f 1529 1490 1532
f 402 1551 1549
f 1551 389 1491
f 1549 1491 106
f 1551 1491 1549
f 398 1532 1553
f 1532 389 1551
f 1553 1551 402
f 1532 1551 1553
f 102 1498 1430
f 1498 391 1500
f 1430 1500 373
f 1498 1500 1430
f 391 1499 1501
f 1499 106 1487
f 1501 1487 388
f 1499 1487 1501
f 373 1489 1429
f 1489 388 1486
f 1429 1486 16
f 1489 1486 1429
f 391 1501 1500
f 1501 388 1489
f 1500 1489 373
f 1501 1489 1500
f 108 1550 1539
f 1550 402 1554
f 1539 1554 400
f 1550 1554 1539
f 402 1549 1552
f 1549 106 1499
f 1552 1499 391
f 1549 1499 1552
f 400 1541 1538
f 1541 391 1498
f 1538 1498 102
f 1541 1498 1538
f 402 1552 1554
f 1552 391 1541
f 1554 1541 400
f 1552 1541 1554
f 4 689 655
f 689 180 691
f 655 691 169
f 689 691 655
f 180 690 697
f 690 50 695
f 697 695 182
f 690 695 697
f 169 696 656
f 696 182 694
f 656 694 46
f 696 694 656
f 180 697 691
f 697 182 696
f 691 696 169
f 697 696 691
f 50 693 723
f 693 181 725
f 723 725 190
f 693 725 723
f 181 692 713
f 692 16 711
f 713 711 187
f 692 711 713
f 190 727 724
f 727 187 712
f 724 712 52
f 727 712 724
f 181 713 725
f 713 187 727
f 725 727 190
f 713 727 725
f 46 714 658
f 714 188 716
f 658 716 170
f 714 716 658
f 188 715 718
f 715 52 708
f 718 708 186
f 715 708 718
f 170 709 657
f 709 186 707
f 657 707 14
f 709 707 657
f 188 718 716
f 718 186 709
f 716 709 170
f 718 709 716
f 50 723 695
f 723 190 726
f 695 726 182
f 723 726 695
f 190 724 728
f 724 52 715
f 728 715 188
f 724 715 728
f 182 717 694
f 717 188 714
f 694 714 46
f 717 714 694
f 190 728 726
f 728 188 717
f 726 717 182
f 728 717 726
f 16 701 733
f 701 184 735
f 733 735 192
f 701 735 733
f 184 702 749
f 702 51 747
f 749 747 195
f 702 747 749
f 192 751 734
f 751 195 748
f 734 748 53
f 751 748 734
f 184 749 735
f 749 195 751
f 735 751 192
f 749 751 735
f 51 699 704
f 699 183 706
f 704 706 185
f 699 706 704
f 183 698 700
f 698 5 668
f 700 668 174
f 698 668 700
f 185 705 703
f 705 174 669
f 703 669 48
f 705 669 703
f 183 700 706
f 700 174 705
f 706 705 185
f 700 705 706
f 53 738 730
f 738 193 741
f 730 741 191
f 738 741 730
f 193 737 739
f 737 48 671
f 739 671 175
f 737 671 739
f 191 731 729
f 731 175 670
f 729 670 15
f 731 670 729
f 193 739 741
f 739 175 731
f 741 731 191
f 739 731 741
f 51 704 747
f 704 185 750
f 747 750 195
f 704 750 747
f 185 703 740
f 703 48 737
f 740 737 193
f 703 737 740
f 195 752 748
f 752 193 738
f 748 738 53
f 752 738 748
f 185 740 750
f 740 193 752
f 750 752 195
f 740 752 750
f 14 672 653
f 672 176 674
f 653 674 168
f 672 674 653
f 176 673 682
f 673 49 679
f 682 679 178
f 673 679 682
f 168 680 654
f 680 178 678
f 654 678 45
f 680 678 654
f 176 682 674
f 682 178 680
f 674 680 168
f 682 680 674
f 49 676 684
f 676 177 687
f 684 687 179
f 676 687 684
f 177 675 677
f 675 15 662
f 677 662 172
f 675 662 677
f 179 685 683
f 685 172 663
f 683 663 47
f 685 663 683
f 177 677 687
f 677 172 685
f 687 685 179
f 677 685 687
f 45 664 652
f 664 173 666
f 652 666 167
f 664 666 652
f 173 665 667
f 665 47 660
f 667 660 171
f 665 660 667
f 167 661 651
f 661 171 659
f 651 659 3
f 661 659 651
f 173 667 666
f 667 171 661
f 666 661 167
f 667 661 666
f 49 684 679
f 684 179 688
f 679 688 178
f 684 688 679
f 179 683 686
f 683 47 665
f 686 665 173
f 683 665 686
f 178 681 678
f 681 173 664
f 678 664 45
f 681 664 678
f 179 686 688
f 686 173 681
f 688 681 178
f 686 681 688
f 16 733 711
f 733 192 736
f 711 736 187
f 733 736 711
f 192 734 757
f 734 53 754
f 757 754 196
f 734 754 757
f 187 755 712
f 755 196 753
f 712 753 52
f 755 753 712
f 192 757 736
f 757 196 755
f 736 755 187
f 757 755 736
f 53 730 743
f 730 191 746
f 743 746 194
f 730 746 743
f 191 729 732
f 729 15 675
f 732 675 177
f 729 675 732
f 194 744 742
f 744 177 676
f 742 676 49
f 744 676 742
f 191 732 746
f 732 177 744
f 746 744 194
f 732 744 746
f 52 720 708
f 720 189 722
f 708 722 186
f 720 722 708
f 189 719 721
f 719 49 673
f 721 673 176
f 719 673 721
f 186 710 707
f 710 176 672
f 707 672 14
f 710 672 707
f 189 721 722
f 721 176 710
f 722 710 186
f 721 710 722
f 53 743 754
f 743 194 758
f 754 758 196
f 743 758 754
f 194 742 745
f 742 49 719
f 745 719 189
f 742 719 745
f 196 756 753
f 756 189 720
f 753 720 52
f 756 720 753
f 194 745 758
f 745 189 756
f 758 756 196
f 745 756 758
f 4 655 897
f 655 169 899
f 897 899 236
f 655 899 897
f 169 656 904
f 656 46 902
f 904 902 238
f 656 902 904
f 236 905 898
f 905 238 903
f 898 903 66
f 905 903 898
f 169 904 899
f 904 238 905
f 899 905 236
f 904 905 899
f 46 658 922
f 658 170 924
f 922 924 244
f 658 924 922
f 170 657 917
f 657 14 915
f 917 915 242
f 657 915 917
f 244 926 923
f 926 242 916
f 923 916 68
f 926 916 923
f 170 917 924
f 917 242 926
f 924 926 244
f 917 926 924
f 66 931 901
f 931 246 933
f 901 933 237
f 931 933 901
f 246 932 935
f 932 68 920
f 935 920 243
f 932 920 935
f 237 921 900
f 921 243 919
f 900 919 21
f 921 919 900
f 246 935 933
f 935 243 921
f 933 921 237
f 935 921 933
f 46 922 902
f 922 244 925
f 902 925 238
f 922 925 902
f 244 923 936
f 923 68 932
f 936 932 246
f 923 932 936
f 238 934 903
f 934 246 931
f 903 931 66
f 934 931 903
f 244 936 925
f 936 246 934
f 925 934 238
f 936 934 925
f 14 653 880
f 653 168 882
f 880 882 232
f 653 882 880
f 168 654 888
f 654 45 886
f 888 886 234
f 654 886 888
f 232 890 881
f 890 234 887
f 881 887 65
f 890 887 881
f 168 888 882
f 888 234 890
f 882 890 232
f 888 890 882
f 45 652 872
f 652 167 874
f 872 874 229
f 652 874 872
f 167 651 869
f 651 3 867
f 869 867 227
f 651 867 869
f 229 875 873
f 875 227 868
f 873 868 63
f 875 868 873
f 167 869 874
f 869 227 875
f 874 875 229
f 869 875 874
f 65 892 884
f 892 235 895
f 884 895 233
f 892 895 884
f 235 891 893
f 891 63 871
f 893 871 228
f 891 871 893
f 233 885 883
f 885 228 870
f 883 870 20
f 885 870 883
f 235 893 895
f 893 228 885
f 895 885 233
f 893 885 895
f 45 872 886
f 872 229 889
f 886 889 234
f 872 889 886
f 229 873 894
f 873 63 891
f 894 891 235
f 873 891 894
f 234 896 887
f 896 235 892
f 887 892 65
f 896 892 887
f 229 894 889
f 894 235 896
f 889 896 234
f 894 896 889
f 21 941 909
f 941 248 943
f 909 943 240
f 941 943 909
f 248 942 959
f 942 69 956
f 959 956 251
f 942 956 959
f 240 957 910
f 957 251 955
f 910 955 67
f 957 955 910
f 248 959 943
f 959 251 957
f 943 957 240
f 959 957 943
f 69 938 946
f 938 247 949
f 946 949 249
f 938 949 946
f 247 937 939
f 937 20 878
f 939 878 231
f 937 878 939
f 249 947 945
f 947 231 879
f 945 879 64
f 947 879 945
f 247 939 949
f 939 231 947
f 949 947 249
f 939 947 949
f 67 912 907
f 912 241 914
f 907 914 239
f 912 914 907
f 241 911 913
f 911 64 877
f 913 877 230
f 911 877 913
f 239 908 906
f 908 230 876
f 906 876 7
f 908 876 906
f 241 913 914
f 913 230 908
f 914 908 239
f 913 908 914
f 69 946 956
f 946 249 960
f 956 960 251
f 946 960 956
f 249 945 948
f 945 64 911
f 948 911 241
f 945 911 948
f 251 958 955
f 958 241 912
f 955 912 67
f 958 912 955
f 249 948 960
f 948 241 958
f 960 958 251
f 948 958 960
f 14 880 915
f 880 232 918
f 915 918 242
f 880 918 915
f 232 881 929
f 881 65 927
f 929 927 245
f 881 927 929
f 242 930 916
f 930 245 928
f 916 928 68
f 930 928 916
f 232 929 918
f 929 245 930
f 918 930 242
f 929 930 918
f 65 884 950
f 884 233 952
f 950 952 250
f 884 952 950
f 233 883 940
f 883 20 937
f 940 937 247
f 883 937 940
f 250 954 951
f 954 247 938
f 951 938 69
f 954 938 951
f 233 940 952
f 940 247 954
f 952 954 250
f 940 954 952
f 68 961 920
f 961 252 963
f 920 963 243
f 961 963 920
f 252 962 965
f 962 69 942
f 965 942 248
f 962 942 965
f 243 944 919
f 944 248 941
f 919 941 21
f 944 941 919
f 252 965 963
f 965 248 944
f 963 944 243
f 965 944 963
f 65 950 927
f 950 250 953
f 927 953 245
f 950 953 927
f 250 951 966
f 951 69 962
f 966 962 252
f 951 962 966
f 245 964 928
f 964 252 961
f 928 961 68
f 964 961 928
f 250 966 953
f 966 252 964
f 953 964 245
f 966 964 953
f 4 897 1105
f 897 236 1107
f 1105 1107 292
f 897 1107 1105
f 236 898 1112
f 898 66 1110
f 1112 1110 294
f 898 1110 1112
f 292 1113 1106
f 1113 294 1111
f 1106 1111 82
f 1113 1111 1106
f 236 1112 1107
f 1112 294 1113
f 1107 1113 292
f 1112 1113 1107
f 66 901 1124
f 901 237 1126
f 1124 1126 299
f 901 1126 1124
f 237 900 1120
f 900 21 1118
f 1120 1118 297
f 900 1118 1120
f 299 1128 1125
f 1128 297 1119
f 1125 1119 84
f 1128 1119 1125
f 237 1120 1126
f 1120 297 1128
f 1126 1128 299
f 1120 1128 1126
f 82 1129 1109
f 1129 300 1131
f 1109 1131 293
f 1129 1131 1109
f 300 1130 1133
f 1130 84 1122
f 1133 1122 298
f 1130 1122 1133
f 293 1123 1108
f 1123 298 1121
f 1108 1121 26
f 1123 1121 1108
f 300 1133 1131
f 1133 298 1123
f 1131 1123 293
f 1133 1123 1131
f 66 1124 1110
f 1124 299 1127
f 1110 1127 294
f 1124 1127 1110
f 299 1125 1134
f 1125 84 1130
f 1134 1130 300
f 1125 1130 1134
f 294 1132 1111
f 1132 300 1129
f 1111 1129 82
f 1132 1129 1111
f 299 1134 1127
f 1134 300 1132
f 1127 1132 294
f 1134 1132 1127
f 21 909 1158
f 909 240 1160
f 1158 1160 308
f 909 1160 1158
f 240 910 1167
f 910 67 1165
f 1167 1165 310
f 910 1165 1167
f 308 1169 1159
f 1169 310 1166
f 1159 1166 87
f 1169 1166 1159
f 240 1167 1160
f 1167 310 1169
f 1160 1169 308
f 1167 1169 1160
f 67 907 1141
f 907 239 1143
f 1141 1143 303
f 907 1143 1141
f 239 906 1137
f 906 7 1135
f 1137 1135 301
f 906 1135 1137
f 303 1144 1142
f 1144 301 1136
f 1142 1136 85
f 1144 1136 1142
f 239 1137 1143
f 1137 301 1144
f 1143 1144 303
f 1137 1144 1143
f 87 1175 1163
f 1175 312 1178
f 1163 1178 309
f 1175 1178 1163
f 312 1174 1176
f 1174 85 1140
f 1176 1140 302
f 1174 1140 1176
f 309 1164 1162
f 1164 302 1139
f 1162 1139 27
f 1164 1139 1162
f 312 1176 1178
f 1176 302 1164
f 1178 1164 309
f 1176 1164 1178
f 67 1141 1165
f 1141 303 1168
f 1165 1168 310
f 1141 1168 1165
f 303 1142 1177
f 1142 85 1174
f 1177 1174 312
f 1142 1174 1177
f 310 1179 1166
f 1179 312 1175
f 1166 1175 87
f 1179 1175 1166
f 303 1177 1168
f 1177 312 1179
f 1168 1179 310
f 1177 1179 1168
f 26 1197 1116
f 1197 317 1199
f 1116 1199 296
f 1197 1199 1116
f 317 1198 1209
f 1198 89 1206
f 1209 1206 319
f 1198 1206 1209
f 296 1207 1117
f 1207 319 1205
f 1117 1205 83
f 1207 1205 1117
f 317 1209 1199
f 1209 319 1207
f 1199 1207 296
f 1209 1207 1199
f 89 1202 1216
f 1202 318 1219
f 1216 1219 321
f 1202 1219 1216
f 318 1201 1203
f 1201 27 1152
f 1203 1152 306
f 1201 1152 1203
f 321 1217 1215
f 1217 306 1153
f 1215 1153 86
f 1217 1153 1215
f 318 1203 1219
f 1203 306 1217
f 1219 1217 321
f 1203 1217 1219
f 83 1154 1115
f 1154 307 1156
f 1115 1156 295
f 1154 1156 1115
f 307 1155 1157
f 1155 86 1150
f 1157 1150 305
f 1155 1150 1157
f 295 1151 1114
f 1151 305 1149
f 1114 1149 9
f 1151 1149 1114
f 307 1157 1156
f 1157 305 1151
f 1156 1151 295
f 1157 1151 1156
f 89 1216 1206
f 1216 321 1220
f 1206 1220 319
f 1216 1220 1206
f 321 1215 1218
f 1215 86 1155
f 1218 1155 307
f 1215 1155 1218
f 319 1208 1205
f 1208 307 1154
f 1205 1154 83
f 1208 1154 1205
f 321 1218 1220
f 1218 307 1208
f 1220 1208 319
f 1218 1208 1220
f 21 1158 1118
f 1158 308 1161
f 1118 1161 297
f 1158 1161 1118
f 308 1159 1173
f 1159 87 1171
f 1173 1171 311
f 1159 1171 1173
f 297 1172 1119
f 1172 311 1170
f 1119 1170 84
f 1172 1170 1119
f 308 1173 1161
f 1173 311 1172
f 1161 1172 297
f 1173 1172 1161
f 87 1163 1221
f 1163 309 1223
f 1221 1223 322
f 1163 1223 1221
f 309 1162 1204
f 1162 27 1201
f 1204 1201 318
f 1162 1201 1204
f 322 1225 1222
f 1225 318 1202
f 1222 1202 89
f 1225 1202 1222
f 309 1204 1223
f 1204 318 1225
f 1223 1225 322
f 1204 1225 1223
f 84 1210 1122
f 1210 320 1212
f 1122 1212 298
f 1210 1212 1122
f 320 1211 1214
f 1211 89 1198
f 1214 1198 317
f 1211 1198 1214
f 298 1200 1121
f 1200 317 1197
f 1121 1197 26
f 1200 1197 1121
f 320 1214 1212
f 1214 317 1200
f 1212 1200 298
f 1214 1200 1212
f 87 1221 1171
f 1221 322 1224
f 1171 1224 311
f 1221 1224 1171
f 322 1222 1226
f 1222 89 1211
f 1226 1211 320
f 1222 1211 1226
f 311 1213 1170
f 1213 320 1210
f 1170 1210 84
f 1213 1210 1170
f 322 1226 1224
f 1226 320 1213
f 1224 1213 311
f 1226 1213 1224
f 4 1105 1411
f 1105 292 1414
f 1411 1414 367
f 1105 1414 1411
f 292 1106 1423
f 1106 82 1421
f 1423 1421 370
f 1106 1421 1423
f 367 1424 1412
f 1424 370 1422
f 1412 1422 100
f 1424 1422 1412
f 292 1423 1414
f 1423 370 1424
f 1414 1424 367
f 1423 1424 1414
f 82 1109 1452
f 1109 293 1454
f 1452 1454 379
f 1109 1454 1452
f 293 1108 1448
f 1108 26 1446
f 1448 1446 377
f 1108 1446 1448
f 379 1456 1453
f 1456 377 1447
f 1453 1447 103
f 1456 1447 1453
f 293 1448 1454
f 1448 377 1456
f 1454 1456 379
f 1448 1456 1454
f 100 1457 1416
f 1457 380 1459
f 1416 1459 368
f 1457 1459 1416
f 380 1458 1461
f 1458 103 1450
f 1461 1450 378
f 1458 1450 1461
f 368 1451 1415
f 1451 378 1449
f 1415 1449 30
f 1451 1449 1415
f 380 1461 1459
f 1461 378 1451
f 1459 1451 368
f 1461 1451 1459
f 82 1452 1421
f 1452 379 1455
f 1421 1455 370
f 1452 1455 1421
f 379 1453 1462
f 1453 103 1458
f 1462 1458 380
f 1453 1458 1462
f 370 1460 1422
f 1460 380 1457
f 1422 1457 100
f 1460 1457 1422
f 379 1462 1455
f 1462 380 1460
f 1455 1460 370
f 1462 1460 1455
f 26 1116 1737
f 1116 296 1739
f 1737 1739 446
f 1116 1739 1737
f 296 1117 1746
f 1117 83 1744
f 1746 1744 448
f 1117 1744 1746
f 446 1748 1738
f 1748 448 1745
f 1738 1745 118
f 1748 1745 1738
f 296 1746 1739
f 1746 448 1748
f 1739 1748 446
f 1746 1748 1739
f 83 1115 1697
f 1115 295 1699
f 1697 1699 436
f 1115 1699 1697
f 295 1114 1690
f 1114 9 1687
f 1690 1687 433
f 1114 1687 1690
f 436 1700 1698
f 1700 433 1688
f 1698 1688 115
f 1700 1688 1698
f 295 1690 1699
f 1690 433 1700
f 1699 1700 436
f 1690 1700 1699
f 118 1754 1742
f 1754 450 1757
f 1742 1757 447
f 1754 1757 1742
f 450 1753 1755
f 1753 115 1692
f 1755 1692 434
f 1753 1692 1755
f 447 1743 1741
f 1743 434 1691
f 1741 1691 33
f 1743 1691 1741
f 450 1755 1757
f 1755 434 1743
f 1757 1743 447
f 1755 1743 1757
f 83 1697 1744
f 1697 436 1747
f 1744 1747 448
f 1697 1747 1744
f 436 1698 1756
f 1698 115 1753
f 1756 1753 450
f 1698 1753 1756
f 448 1758 1745
f 1758 450 1754
f 1745 1754 118
f 1758 1754 1745
f 436 1756 1747
f 1756 450 1758
f 1747 1758 448
f 1756 1758 1747
f 30 1789 1427
f 1789 457 1791
f 1427 1791 372
f 1789 1791 1427
f 457 1790 1801
f 1790 120 1798
f 1801 1798 459
f 1790 1798 1801
f 372 1799 1428
f 1799 459 1797
f 1428 1797 101
f 1799 1797 1428
f 457 1801 1791
f 1801 459 1799
f 1791 1799 372
f 1801 1799 1791
f 120 1794 1808
f 1794 458 1811
f 1808 1811 461
f 1794 1811 1808
f 458 1793 1795
f 1793 33 1705
f 1795 1705 438
f 1793 1705 1795
f 461 1809 1807
f 1809 438 1706
f 1807 1706 116
f 1809 1706 1807
f 458 1795 1811
f 1795 438 1809
f 1811 1809 461
f 1795 1809 1811
f 101 1711 1426
f 1711 440 1713
f 1426 1713 371
f 1711 1713 1426
f 440 1712 1714
f 1712 116 1702
f 1714 1702 437
f 1712 1702 1714
f 371 1704 1425
f 1704 437 1701
f 1425 1701 10
f 1704 1701 1425
f 440 1714 1713
f 1714 437 1704
f 1713 1704 371
f 1714 1704 1713
f 120 1808 1798
f 1808 461 1812
f 1798 1812 459
f 1808 1812 1798
f 461 1807 1810
f 1807 116 1712
f 1810 1712 440
f 1807 1712 1810
f 459 1800 1797
f 1800 440 1711
f 1797 1711 101
f 1800 1711 1797
f 461 1810 1812
f 1810 440 1800
f 1812 1800 459
f 1810 1800 1812
f 26 1737 1446
f 1737 446 1740
f 1446 1740 377
f 1737 1740 1446
f 446 1738 1752
f 1738 118 1750
f 1752 1750 449
f 1738 1750 1752
f 377 1751 1447
f 1751 449 1749
f 1447 1749 103
f 1751 1749 1447
f 446 1752 1740
f 1752 449 1751
f 1740 1751 377
f 1752 1751 1740
f 118 1742 1813
f 1742 447 1815
f 1813 1815 462
f 1742 1815 1813
f 447 1741 1796
f 1741 33 1793
f 1796 1793 458
f 1741 1793 1796
f 462 1817 1814
f 1817 458 1794
f 1814 1794 120
f 1817 1794 1814
f 447 1796 1815
f 1796 458 1817
f 1815 1817 462
f 1796 1817 1815
f 103 1802 1450
f 1802 460 1804
f 1450 1804 378
f 1802 1804 1450
f 460 1803 1806
f 1803 120 1790
f 1806 1790 457
f 1803 1790 1806
f 378 1792 1449
f 1792 457 1789
f 1449 1789 30
f 1792 1789 1449
f 460 1806 1804
f 1806 457 1792
f 1804 1792 378
f 1806 1792 1804
f 118 1813 1750
f 1813 462 1816
f 1750 1816 449
f 1813 1816 1750
f 462 1814 1818
f 1814 120 1803
f 1818 1803 460
f 1814 1803 1818
f 449 1805 1749
f 1805 460 1802
f 1749 1802 103
f 1805 1802 1749
f 462 1818 1816
f 1818 460 1805
f 1816 1805 449
f 1818 1805 1816
f 5 1463 859
f 1463 381 1466
f 859 1466 223
f 1463 1466 859
f 381 1464 1476
f 1464 104 1474
f 1476 1474 384
f 1464 1474 1476
f 223 1475 860
f 1475 384 1473
f 860 1473 61
f 1475 1473 860
f 381 1476 1466
f 1476 384 1475
f 1466 1475 223
f 1476 1475 1466
f 104 1468 1519
f 1468 382 1521
f 1519 1521 396
f 1468 1521 1519
f 382 1467 1513
f 1467 31 1511
f 1513 1511 394
f 1467 1511 1513
f 396 1523 1520
f 1523 394 1512
f 1520 1512 107
f 1523 1512 1520
f 382 1513 1521
f 1513 394 1523
f 1521 1523 396
f 1513 1523 1521
f 61 1514 862
f 1514 395 1516
f 862 1516 224
f 1514 1516 862
f 395 1515 1518
f 1515 107 1509
f 1518 1509 393
f 1515 1509 1518
f 224 1510 861
f 1510 393 1508
f 861 1508 19
f 1510 1508 861
f 395 1518 1516
f 1518 393 1510
f 1516 1510 224
f 1518 1510 1516
f 104 1519 1474
f 1519 396 1522
f 1474 1522 384
f 1519 1522 1474
f 396 1520 1524
f 1520 107 1515
f 1524 1515 395
f 1520 1515 1524
f 384 1517 1473
f 1517 395 1514
f 1473 1514 61
f 1517 1514 1473
f 396 1524 1522
f 1524 395 1517
f 1522 1517 384
f 1524 1517 1522
f 31 1480 1657
f 1480 386 1659
f 1657 1659 427
f 1480 1659 1657
f 386 1481 1667
f 1481 105 1665
f 1667 1665 429
f 1481 1665 1667
f 427 1669 1658
f 1669 429 1666
f 1658 1666 114
f 1669 1666 1658
f 386 1667 1659
f 1667 429 1669
f 1659 1669 427
f 1667 1669 1659
f 105 1478 1579
f 1478 385 1581
f 1579 1581 410
f 1478 1581 1579
f 385 1477 1572
f 1477 10 1569
f 1572 1569 407
f 1477 1569 1572
f 410 1582 1580
f 1582 407 1570
f 1580 1570 110
f 1582 1570 1580
f 385 1572 1581
f 1572 407 1582
f 1581 1582 410
f 1572 1582 1581
f 114 1676 1662
f 1676 431 1679
f 1662 1679 428
f 1676 1679 1662
f 431 1675 1677
f 1675 110 1574
f 1677 1574 408
f 1675 1574 1677
f 428 1663 1661
f 1663 408 1573
f 1661 1573 32
f 1663 1573 1661
f 431 1677 1679
f 1677 408 1663
f 1679 1663 428
f 1677 1663 1679
f 105 1579 1665
f 1579 410 1668
f 1665 1668 429
f 1579 1668 1665
f 410 1580 1678
f 1580 110 1675
f 1678 1675 431
f 1580 1675 1678
f 429 1680 1666
f 1680 431 1676
f 1666 1676 114
f 1680 1676 1666
f 410 1678 1668
f 1678 431 1680
f 1668 1680 429
f 1678 1680 1668
f 19 1605 865
f 1605 416 1607
f 865 1607 226
f 1605 1607 865
f 416 1606 1616
f 1606 112 1613
f 1616 1613 418
f 1606 1613 1616
f 226 1614 866
f 1614 418 1612
f 866 1612 62
f 1614 1612 866
f 416 1616 1607
f 1616 418 1614
f 1607 1614 226
f 1616 1614 1607
f 112 1610 1622
f 1610 417 1625
f 1622 1625 420
f 1610 1625 1622
f 417 1609 1611
f 1609 32 1559
f 1611 1559 404
f 1609 1559 1611
f 420 1623 1621
f 1623 404 1560
f 1621 1560 109
f 1623 1560 1621
f 417 1611 1625
f 1611 404 1623
f 1625 1623 420
f 1611 1623 1625
f 62 1565 864
f 1565 406 1567
f 864 1567 225
f 1565 1567 864
f 406 1566 1568
f 1566 109 1556
f 1568 1556 403
f 1566 1556 1568
f 225 1558 863
f 1558 403 1555
f 863 1555 6
f 1558 1555 863
f 406 1568 1567
f 1568 403 1558
f 1567 1558 225
f 1568 1558 1567
f 112 1622 1613
f 1622 420 1626
f 1613 1626 418
f 1622 1626 1613
f 420 1621 1624
f 1621 109 1566
f 1624 1566 406
f 1621 1566 1624
f 418 1615 1612
f 1615 406 1565
f 1612 1565 62
f 1615 1565 1612
f 420 1624 1626
f 1624 406 1615
f 1626 1615 418
f 1624 1615 1626
f 31 1657 1511
f 1657 427 1660
f 1511 1660 394
f 1657 1660 1511
f 427 1658 1674
f 1658 114 1671
f 1674 1671 430
f 1658 1671 1674
f 394 1672 1512
f 1672 430 1670
f 1512 1670 107
f 1672 1670 1512
f 427 1674 1660
f 1674 430 1672
f 1660 1672 394
f 1674 1672 1660
f 114 1662 1682
f 1662 428 1685
f 1682 1685 432
f 1662 1685 1682
f 428 1661 1664
f 1661 32 1609
f 1664 1609 417
f 1661 1609 1664
f 432 1683 1681
f 1683 417 1610
f 1681 1610 112
f 1683 1610 1681
f 428 1664 1685
f 1664 417 1683
f 1685 1683 432
f 1664 1683 1685
f 107 1617 1509
f 1617 419 1619
f 1509 1619 393
f 1617 1619 1509
f 419 1618 1620
f 1618 112 1606
f 1620 1606 416
f 1618 1606 1620
f 393 1608 1508
f 1608 416 1605
f 1508 1605 19
f 1608 1605 1508
f 419 1620 1619
f 1620 416 1608
f 1619 1608 393
f 1620 1608 1619
f 114 1682 1671
f 1682 432 1686
f 1671 1686 430
f 1682 1686 1671
f 432 1681 1684
f 1681 112 1618
f 1684 1618 419
f 1681 1618 1684
f 430 1673 1670
f 1673 419 1617
f 1670 1617 107
f 1673 1617 1670
f 432 1684 1686
f 1684 419 1673
f 1686 1673 430
f 1684 1673 1686
f 3 659 2155
f 659 171 2157
f 2155 2157 547
f 659 2157 2155
f 171 660 2163
f 660 47 2161
f 2163 2161 549
f 660 2161 2163
f 547 2164 2156
f 2164 549 2162
f 2156 2162 142
f 2164 2162 2156
f 171 2163 2157
f 2163 549 2164
f 2157 2164 547
f 2163 2164 2157
f 47 663 2179
f 663 172 2181
f 2179 2181 555
f 663 2181 2179
f 172 662 2175
f 662 15 2173
f 2175 2173 553
f 662 2173 2175
f 555 2183 2180
f 2183 553 2174
f 2180 2174 144
f 2183 2174 2180
f 172 2175 2181
f 2175 553 2183
f 2181 2183 555
f 2175 2183 2181
f 142 2184 2160
f 2184 556 2186
f 2160 2186 548
f 2184 2186 2160
f 556 2185 2188
f 2185 144 2177
f 2188 2177 554
f 2185 2177 2188
f 548 2178 2159
f 2178 554 2176
f 2159 2176 39
f 2178 2176 2159
f 556 2188 2186
f 2188 554 2178
f 2186 2178 548
f 2188 2178 2186
f 47 2179 2161
f 2179 555 2182
f 2161 2182 549
f 2179 2182 2161
f 555 2180 2189
f 2180 144 2185
f 2189 2185 556
f 2180 2185 2189
f 549 2187 2162
f 2187 556 2184
f 2162 2184 142
f 2187 2184 2162
f 555 2189 2182
f 2189 556 2187
f 2182 2187 549
f 2189 2187 2182
f 15 670 2230
f 670 175 2232
f 2230 2232 568
f 670 2232 2230
f 175 671 2239
f 671 48 2237
f 2239 2237 570
f 671 2237 2239
f 568 2241 2231
f 2241 570 2238
f 2231 2238 148
f 2241 2238 2231
f 175 2239 2232
f 2239 570 2241
f 2232 2241 568
f 2239 2241 2232
f 48 669 2213
f 669 174 2215
f 2213 2215 563
f 669 2215 2213
f 174 668 2209
f 668 5 2207
f 2209 2207 561
f 668 2207 2209
f 563 2216 2214
f 2216 561 2208
f 2214 2208 146
f 2216 2208 2214
f 174 2209 2215
f 2209 561 2216
f 2215 2216 563
f 2209 2216 2215
f 148 2247 2235
f 2247 572 2250
f 2235 2250 569
f 2247 2250 2235
f 572 2246 2248
f 2246 146 2212
f 2248 2212 562
f 2246 2212 2248
f 569 2236 2234
f 2236 562 2211
f 2234 2211 40
f 2236 2211 2234
f 572 2248 2250
f 2248 562 2236
f 2250 2236 569
f 2248 2236 2250
f 48 2213 2237
f 2213 563 2240
f 2237 2240 570
f 2213 2240 2237
f 563 2214 2249
f 2214 146 2246
f 2249 2246 572
f 2214 2246 2249
f 570 2251 2238
f 2251 572 2247
f 2238 2247 148
f 2251 2247 2238
f 563 2249 2240
f 2249 572 2251
f 2240 2251 570
f 2249 2251 2240
f 39 2269 2171
f 2269 577 2271
f 2171 2271 552
f 2269 2271 2171
f 577 2270 2281
f 2270 150 2278
f 2281 2278 579
f 2270 2278 2281
f 552 2279 2172
f 2279 579 2277
f 2172 2277 143
f 2279 2277 2172
f 577 2281 2271
f 2281 579 2279
f 2271 2279 552
f 2281 2279 2271
f 150 2274 2288
f 2274 578 2291
f 2288 2291 581
f 2274 2291 2288
f 578 2273 2275
f 2273 40 2224
f 2275 2224 566
f 2273 2224 2275
f 581 2289 2287
f 2289 566 2225
f 2287 2225 147
f 2289 2225 2287
f 578 2275 2291
f 2275 566 2289
f 2291 2289 581
f 2275 2289 2291
f 143 2226 2170
f 2226 567 2228
f 2170 2228 551
f 2226 2228 2170
f 567 2227 2229
f 2227 147 2222
f 2229 2222 565
f 2227 2222 2229
f 551 2223 2169
f 2223 565 2221
f 2169 2221 12
f 2223 2221 2169
f 567 2229 2228
f 2229 565 2223
f 2228 2223 551
f 2229 2223 2228
f 150 2288 2278
f 2288 581 2292
f 2278 2292 579
f 2288 2292 2278
f 581 2287 2290
f 2287 147 2227
f 2290 2227 567
f 2287 2227 2290
f 579 2280 2277
f 2280 567 2226
f 2277 2226 143
f 2280 2226 2277
f 581 2290 2292
f 2290 567 2280
f 2292 2280 579
f 2290 2280 2292
f 15 2230 2173
f 2230 568 2233
f 2173 2233 553
f 2230 2233 2173
f 568 2231 2245
f 2231 148 2243
f 2245 2243 571
f 2231 2243 2245
f 553 2244 2174
f 2244 571 2242
f 2174 2242 144
f 2244 2242 2174
f 568 2245 2233
f 2245 571 2244
f 2233 2244 553
f 2245 2244 2233
f 148 2235 2293
f 2235 569 2295
f 2293 2295 582
f 2235 2295 2293
f 569 2234 2276
f 2234 40 2273
f 2276 2273 578
f 2234 2273 2276
f 582 2297 2294
f 2297 578 2274
f 2294 2274 150
f 2297 2274 2294
f 569 2276 2295
f 2276 578 2297
f 2295 2297 582
f 2276 2297 2295
f 144 2282 2177
f 2282 580 2284
f 2177 2284 554
f 2282 2284 2177
f 580 2283 2286
f 2283 150 2270
f 2286 2270 577
f 2283 2270 2286
f 554 2272 2176
f 2272 577 2269
f 2176 2269 39
f 2272 2269 2176
f 580 2286 2284
f 2286 577 2272
f 2284 2272 554
f 2286 2272 2284
f 148 2293 2243
f 2293 582 2296
f 2243 2296 571
f 2293 2296 2243
f 582 2294 2298
f 2294 150 2283
f 2298 2283 580
f 2294 2283 2298
f 571 2285 2242
f 2285 580 2282
f 2242 2282 144
f 2285 2282 2242
f 582 2298 2296
f 2298 580 2285
f 2296 2285 571
f 2298 2285 2296
f 7 876 1879
f 876 230 1881
f 1879 1881 481
f 876 1881 1879
f 230 877 1887
f 877 64 1885
f 1887 1885 483
f 877 1885 1887
f 481 1888 1880
f 1888 483 1886
f 1880 1886 127
f 1888 1886 1880
f 230 1887 1881
f 1887 483 1888
f 1881 1888 481
f 1887 1888 1881
f 64 879 1909
f 879 231 1911
f 1909 1911 490
f 879 1911 1909
f 231 878 1904
f 878 20 1902
f 1904 1902 488
f 878 1902 1904
f 490 1913 1910
f 1913 488 1903
f 1910 1903 129
f 1913 1903 1910
f 231 1904 1911
f 1904 488 1913
f 1911 1913 490
f 1904 1913 1911
f 127 1918 1884
f 1918 492 1920
f 1884 1920 482
f 1918 1920 1884
f 492 1919 1922
f 1919 129 1907
f 1922 1907 489
f 1919 1907 1922
f 482 1908 1883
f 1908 489 1906
f 1883 1906 36
f 1908 1906 1883
f 492 1922 1920
f 1922 489 1908
f 1920 1908 482
f 1922 1908 1920
f 64 1909 1885
f 1909 490 1912
f 1885 1912 483
f 1909 1912 1885
f 490 1910 1923
f 1910 129 1919
f 1923 1919 492
f 1910 1919 1923
f 483 1921 1886
f 1921 492 1918
f 1886 1918 127
f 1921 1918 1886
f 490 1923 1912
f 1923 492 1921
f 1912 1921 483
f 1923 1921 1912
f 20 870 1862
f 870 228 1864
f 1862 1864 477
f 870 1864 1862
f 228 871 1870
f 871 63 1868
f 1870 1868 479
f 871 1868 1870
f 477 1872 1863
f 1872 479 1869
f 1863 1869 126
f 1872 1869 1863
f 228 1870 1864
f 1870 479 1872
f 1864 1872 477
f 1870 1872 1864
f 63 868 1854
f 868 227 1856
f 1854 1856 474
f 868 1856 1854
f 227 867 1851
f 867 3 1849
f 1851 1849 472
f 867 1849 1851
f 474 1857 1855
f 1857 472 1850
f 1855 1850 124
f 1857 1850 1855
f 227 1851 1856
f 1851 472 1857
f 1856 1857 474
f 1851 1857 1856
f 126 1874 1866
f 1874 480 1877
f 1866 1877 478
f 1874 1877 1866
f 480 1873 1875
f 1873 124 1853
f 1875 1853 473
f 1873 1853 1875
f 478 1867 1865
f 1867 473 1852
f 1865 1852 35
f 1867 1852 1865
f 480 1875 1877
f 1875 473 1867
f 1877 1867 478
f 1875 1867 1877
f 63 1854 1868
f 1854 474 1871
f 1868 1871 479
f 1854 1871 1868
f 474 1855 1876
f 1855 124 1873
f 1876 1873 480
f 1855 1873 1876
f 479 1878 1869
f 1878 480 1874
f 1869 1874 126
f 1878 1874 1869
f 474 1876 1871
f 1876 480 1878
f 1871 1878 479
f 1876 1878 1871
f 36 1945 1896
f 1945 498 1947
f 1896 1947 486
f 1945 1947 1896
f 498 1946 1963
f 1946 131 1960
f 1963 1960 501
f 1946 1960 1963
f 486 1961 1897
f 1961 501 1959
f 1897 1959 128
f 1961 1959 1897
f 498 1963 1947
f 1963 501 1961
f 1947 1961 486
f 1963 1961 1947
f 131 1942 1950
f 1942 497 1953
f 1950 1953 499
f 1942 1953 1950
f 497 1941 1943
f 1941 35 1860
f 1943 1860 476
f 1941 1860 1943
f 499 1951 1949
f 1951 476 1861
f 1949 1861 125
f 1951 1861 1949
f 497 1943 1953
f 1943 476 1951
f 1953 1951 499
f 1943 1951 1953
f 128 1899 1894
f 1899 487 1901
f 1894 1901 485
f 1899 1901 1894
f 487 1898 1900
f 1898 125 1859
f 1900 1859 475
f 1898 1859 1900
f 485 1895 1893
f 1895 475 1858
f 1893 1858 11
f 1895 1858 1893
f 487 1900 1901
f 1900 475 1895
f 1901 1895 485
f 1900 1895 1901
f 131 1950 1960
f 1950 499 1964
f 1960 1964 501
f 1950 1964 1960
f 499 1949 1952
f 1949 125 1898
f 1952 1898 487
f 1949 1898 1952
f 501 1962 1959
f 1962 487 1899
f 1959 1899 128
f 1962 1899 1959
f 499 1952 1964
f 1952 487 1962
f 1964 1962 501
f 1952 1962 1964
f 20 1862 1902
f 1862 477 1905
f 1902 1905 488
f 1862 1905 1902
f 477 1863 1916
f 1863 126 1914
f 1916 1914 491
f 1863 1914 1916
f 488 1917 1903
f 1917 491 1915
f 1903 1915 129
f 1917 1915 1903
f 477 1916 1905
f 1916 491 1917
f 1905 1917 488
f 1916 1917 1905
f 126 1866 1954
f 1866 478 1956
f 1954 1956 500
f 1866 1956 1954
f 478 1865 1944
f 1865 35 1941
f 1944 1941 497
f 1865 1941 1944
f 500 1958 1955
f 1958 497 1942
f 1955 1942 131
f 1958 1942 1955
f 478 1944 1956
f 1944 497 1958
f 1956 1958 500
f 1944 1958 1956
f 129 1965 1907
f 1965 502 1967
f 1907 1967 489
f 1965 1967 1907
f 502 1966 1969
f 1966 131 1946
f 1969 1946 498
f 1966 1946 1969
f 489 1948 1906
f 1948 498 1945
f 1906 1945 36
f 1948 1945 1906
f 502 1969 1967
f 1969 498 1948
f 1967 1948 489
f 1969 1948 1967
f 126 1954 1914
f 1954 500 1957
f 1914 1957 491
f 1954 1957 1914
f 500 1955 1970
f 1955 131 1966
f 1970 1966 502
f 1955 1966 1970
f 491 1968 1915
f 1968 502 1965
f 1915 1965 129
f 1968 1965 1915
f 500 1970 1957
f 1970 502 1968
f 1957 1968 491
f 1970 1968 1957
f 9 1149 1241
f 1149 305 1244
f 1241 1244 327
f 1149 1244 1241
f 305 1150 1253
f 1150 86 1251
f 1253 1251 330
f 1150 1251 1253
f 327 1254 1242
f 1254 330 1252
f 1242 1252 91
f 1254 1252 1242
f 305 1253 1244
f 1253 330 1254
f 1244 1254 327
f 1253 1254 1244
f 86 1153 1337
f 1153 306 1339
f 1337 1339 349
f 1153 1339 1337
f 306 1152 1331
f 1152 27 1329
f 1331 1329 347
f 1152 1329 1331
f 349 1341 1338
f 1341 347 1330
f 1338 1330 95
f 1341 1330 1338
f 306 1331 1339
f 1331 347 1341
f 1339 1341 349
f 1331 1341 1339
f 91 1347 1246
f 1347 351 1349
f 1246 1349 328
f 1347 1349 1246
f 351 1348 1351
f 1348 95 1334
f 1351 1334 348
f 1348 1334 1351
f 328 1335 1245
f 1335 348 1333
f 1245 1333 28
f 1335 1333 1245
f 351 1351 1349
f 1351 348 1335
f 1349 1335 328
f 1351 1335 1349
f 86 1337 1251
f 1337 349 1340
f 1251 1340 330
f 1337 1340 1251
f 349 1338 1352
f 1338 95 1348
f 1352 1348 351
f 1338 1348 1352
f 330 1350 1252
f 1350 351 1347
f 1252 1347 91
f 1350 1347 1252
f 349 1352 1340
f 1352 351 1350
f 1340 1350 330
f 1352 1350 1340
f 27 1139 1183
f 1139 302 1185
f 1183 1185 314
f 1139 1185 1183
f 302 1140 1193
f 1140 85 1191
f 1193 1191 316
f 1140 1191 1193
f 314 1195 1184
f 1195 316 1192
f 1184 1192 88
f 1195 1192 1184
f 302 1193 1185
f 1193 316 1195
f 1185 1195 314
f 1193 1195 1185
f 85 1136 1146
f 1136 301 1148
f 1146 1148 304
f 1136 1148 1146
f 301 1135 1138
f 1135 7 1067
f 1138 1067 279
f 1135 1067 1138
f 304 1147 1145
f 1147 279 1068
f 1145 1068 77
f 1147 1068 1145
f 301 1138 1148
f 1138 279 1147
f 1148 1147 304
f 1138 1147 1148
f 88 1187 1181
f 1187 315 1190
f 1181 1190 313
f 1187 1190 1181
f 315 1186 1188
f 1186 77 1070
f 1188 1070 280
f 1186 1070 1188
f 313 1182 1180
f 1182 280 1069
f 1180 1069 24
f 1182 1069 1180
f 315 1188 1190
f 1188 280 1182
f 1190 1182 313
f 1188 1182 1190
f 85 1146 1191
f 1146 304 1194
f 1191 1194 316
f 1146 1194 1191
f 304 1145 1189
f 1145 77 1186
f 1189 1186 315
f 1145 1186 1189
f 316 1196 1192
f 1196 315 1187
f 1192 1187 88
f 1196 1187 1192
f 304 1189 1194
f 1189 315 1196
f 1194 1196 316
f 1189 1196 1194
f 28 1281 1231
f 1281 337 1283
f 1231 1283 324
f 1281 1283 1231
f 337 1282 1297
f 1282 93 1294
f 1297 1294 340
f 1282 1294 1297
f 324 1295 1232
f 1295 340 1293
f 1232 1293 90
f 1295 1293 1232
f 337 1297 1283
f 1297 340 1295
f 1283 1295 324
f 1297 1295 1283
f 93 1278 1285
f 1278 336 1288
f 1285 1288 338
f 1278 1288 1285
f 336 1277 1279
f 1277 24 1073
f 1279 1073 282
f 1277 1073 1279
f 338 1286 1284
f 1286 282 1074
f 1284 1074 78
f 1286 1074 1284
f 336 1279 1288
f 1279 282 1286
f 1288 1286 338
f 1279 1286 1288
f 90 1238 1228
f 1238 326 1240
f 1228 1240 323
f 1238 1240 1228
f 326 1237 1239
f 1237 78 1072
f 1239 1072 281
f 1237 1072 1239
f 323 1230 1227
f 1230 281 1071
f 1227 1071 8
f 1230 1071 1227
f 326 1239 1240
f 1239 281 1230
f 1240 1230 323
f 1239 1230 1240
f 93 1285 1294
f 1285 338 1298
f 1294 1298 340
f 1285 1298 1294
f 338 1284 1287
f 1284 78 1237
f 1287 1237 326
f 1284 1237 1287
f 340 1296 1293
f 1296 326 1238
f 1293 1238 90
f 1296 1238 1293
f 338 1287 1298
f 1287 326 1296
f 1298 1296 340
f 1287 1296 1298
f 27 1183 1329
f 1183 314 1332
f 1329 1332 347
f 1183 1332 1329
f 314 1184 1344
f 1184 88 1342
f 1344 1342 350
f 1184 1342 1344
f 347 1346 1330
f 1346 350 1343
f 1330 1343 95
f 1346 1343 1330
f 314 1344 1332
f 1344 350 1346
f 1332 1346 347
f 1344 1346 1332
f 88 1181 1289
f 1181 313 1291
f 1289 1291 339
f 1181 1291 1289
f 313 1180 1280
f 1180 24 1277
f 1280 1277 336
f 1180 1277 1280
f 339 1292 1290
f 1292 336 1278
f 1290 1278 93
f 1292 1278 1290
f 313 1280 1291
f 1280 336 1292
f 1291 1292 339
f 1280 1292 1291
f 95 1354 1334
f 1354 352 1357
f 1334 1357 348
f 1354 1357 1334
f 352 1353 1355
f 1353 93 1282
f 1355 1282 337
f 1353 1282 1355
f 348 1336 1333
f 1336 337 1281
f 1333 1281 28
f 1336 1281 1333
f 352 1355 1357
f 1355 337 1336
f 1357 1336 348
f 1355 1336 1357
f 88 1289 1342
f 1289 339 1345
f 1342 1345 350
f 1289 1345 1342
f 339 1290 1356
f 1290 93 1353
f 1356 1353 352
f 1290 1353 1356
f 350 1358 1343
f 1358 352 1354
f 1343 1354 95
f 1358 1354 1343
f 339 1356 1345
f 1356 352 1358
f 1345 1358 350
f 1356 1358 1345
f 10 1701 1373
f 1701 437 1703
f 1373 1703 357
f 1701 1703 1373
f 437 1702 1710
f 1702 116 1708
f 1710 1708 439
f 1702 1708 1710
f 357 1709 1374
f 1709 439 1707
f 1374 1707 97
f 1709 1707 1374
f 437 1710 1703
f 1710 439 1709
f 1703 1709 357
f 1710 1709 1703
f 116 1706 1777
f 1706 438 1779
f 1777 1779 455
f 1706 1779 1777
f 438 1705 1765
f 1705 33 1763
f 1765 1763 452
f 1705 1763 1765
f 455 1781 1778
f 1781 452 1764
f 1778 1764 119
f 1781 1764 1778
f 438 1765 1779
f 1765 452 1781
f 1779 1781 455
f 1765 1781 1779
f 97 1767 1376
f 1767 453 1769
f 1376 1769 358
f 1767 1769 1376
f 453 1768 1771
f 1768 119 1760
f 1771 1760 451
f 1768 1760 1771
f 358 1761 1375
f 1761 451 1759
f 1375 1759 29
f 1761 1759 1375
f 453 1771 1769
f 1771 451 1761
f 1769 1761 358
f 1771 1761 1769
f 116 1777 1708
f 1777 455 1780
f 1708 1780 439
f 1777 1780 1708
f 455 1778 1782
f 1778 119 1768
f 1782 1768 453
f 1778 1768 1782
f 439 1770 1707
f 1770 453 1767
f 1707 1767 97
f 1770 1767 1707
f 455 1782 1780
f 1782 453 1770
f 1780 1770 439
f 1782 1770 1780
f 33 1691 1719
f 1691 434 1721
f 1719 1721 442
f 1691 1721 1719
f 434 1692 1733
f 1692 115 1731
f 1733 1731 445
f 1692 1731 1733
f 442 1735 1720
f 1735 445 1732
f 1720 1732 117
f 1735 1732 1720
f 434 1733 1721
f 1733 445 1735
f 1721 1735 442
f 1733 1735 1721
f 115 1688 1694
f 1688 433 1696
f 1694 1696 435
f 1688 1696 1694
f 433 1687 1689
f 1687 9 1084
f 1689 1084 286
f 1687 1084 1689
f 435 1695 1693
f 1695 286 1085
f 1693 1085 80
f 1695 1085 1693
f 433 1689 1696
f 1689 286 1695
f 1696 1695 435
f 1689 1695 1696
f 117 1723 1716
f 1723 443 1726
f 1716 1726 441
f 1723 1726 1716
f 443 1722 1724
f 1722 80 1087
f 1724 1087 287
f 1722 1087 1724
f 441 1717 1715
f 1717 287 1086
f 1715 1086 25
f 1717 1086 1715
f 443 1724 1726
f 1724 287 1717
f 1726 1717 441
f 1724 1717 1726
f 115 1694 1731
f 1694 435 1734
f 1731 1734 445
f 1694 1734 1731
f 435 1693 1725
f 1693 80 1722
f 1725 1722 443
f 1693 1722 1725
f 445 1736 1732
f 1736 443 1723
f 1732 1723 117
f 1736 1723 1732
f 435 1725 1734
f 1725 443 1736
f 1734 1736 445
f 1725 1736 1734
f 29 1397 1363
f 1397 364 1399
f 1363 1399 354
f 1397 1399 1363
f 364 1398 1409
f 1398 99 1406
f 1409 1406 366
f 1398 1406 1409
f 354 1407 1364
f 1407 366 1405
f 1364 1405 96
f 1407 1405 1364
f 364 1409 1399
f 1409 366 1407
f 1399 1407 354
f 1409 1407 1399
f 99 1395 1401
f 1395 363 1404
f 1401 1404 365
f 1395 1404 1401
f 363 1394 1396
f 1394 25 1078
f 1396 1078 284
f 1394 1078 1396
f 365 1402 1400
f 1402 284 1079
f 1400 1079 79
f 1402 1079 1400
f 363 1396 1404
f 1396 284 1402
f 1404 1402 365
f 1396 1402 1404
f 96 1370 1360
f 1370 356 1372
f 1360 1372 353
f 1370 1372 1360
f 356 1369 1371
f 1369 79 1076
f 1371 1076 283
f 1369 1076 1371
f 353 1362 1359
f 1362 283 1075
f 1359 1075 2
f 1362 1075 1359
f 356 1371 1372
f 1371 283 1362
f 1372 1362 353
f 1371 1362 1372
f 99 1401 1406
f 1401 365 1410
f 1406 1410 366
f 1401 1410 1406
f 365 1400 1403
f 1400 79 1369
f 1403 1369 356
f 1400 1369 1403
f 366 1408 1405
f 1408 356 1370
f 1405 1370 96
f 1408 1370 1405
f 365 1403 1410
f 1403 356 1408
f 1410 1408 366
f 1403 1408 1410
f 33 1719 1763
f 1719 442 1766
f 1763 1766 452
f 1719 1766 1763
f 442 1720 1785
f 1720 117 1783
f 1785 1783 456
f 1720 1783 1785
f 452 1787 1764
f 1787 456 1784
f 1764 1784 119
f 1787 1784 1764
f 442 1785 1766
f 1785 456 1787
f 1766 1787 452
f 1785 1787 1766
f 117 1716 1728
f 1716 441 1730
f 1728 1730 444
f 1716 1730 1728
f 441 1715 1718
f 1715 25 1394
f 1718 1394 363
f 1715 1394 1718
f 444 1729 1727
f 1729 363 1395
f 1727 1395 99
f 1729 1395 1727
f 441 1718 1730
f 1718 363 1729
f 1730 1729 444
f 1718 1729 1730
f 119 1773 1760
f 1773 454 1776
f 1760 1776 451
f 1773 1776 1760
f 454 1772 1774
f 1772 99 1398
f 1774 1398 364
f 1772 1398 1774
f 451 1762 1759
f 1762 364 1397
f 1759 1397 29
f 1762 1397 1759
f 454 1774 1776
f 1774 364 1762
f 1776 1762 451
f 1774 1762 1776
f 117 1728 1783
f 1728 444 1786
f 1783 1786 456
f 1728 1786 1783
f 444 1727 1775
f 1727 99 1772
f 1775 1772 454
f 1727 1772 1775
f 456 1788 1784
f 1788 454 1773
f 1784 1773 119
f 1788 1773 1784
f 444 1775 1786
f 1775 454 1788
f 1786 1788 456
f 1775 1788 1786

